event_id,event_time,reentry_time,confirmation_time,entry_time,entry_price,event_low,rsi_at_reentry,rsi_min_before_confirmation,exit_reason,exit_time,exit_price,return,hold_candles,ambiguous,exit_type,year
1,2020-03-01T00:00:00+00:00,2020-03-01T00:00:00+00:00,2020-03-01T08:00:00+00:00,2020-03-01T12:00:00+00:00,8647.42,8511.11,37.659482101250696,34.91237551088909,stop:new_low,2020-03-01T16:00:00+00:00,8411.0,-0.027339946481147015,2,False,rsi48,2020
2,2020-03-09T12:00:00+00:00,2020-03-09T12:00:00+00:00,2020-03-09T16:00:00+00:00,2020-03-09T20:00:00+00:00,7842.04,7632.01,16.635616030183755,16.635616030183755,stop:new_low,2020-03-11T16:00:00+00:00,7590.0,-0.032139596329526454,12,False,rsi48,2020
3,2020-03-13T04:00:00+00:00,2020-03-13T04:00:00+00:00,2020-03-13T20:00:00+00:00,2020-03-14T00:00:00+00:00,5576.05,4674.0,24.32522796623344,23.319768996429303,no_exit_48h,2020-03-16T00:00:00+00:00,5273.34,-0.05428753328969427,13,False,rsi48,2020
4,2020-06-12T00:00:00+00:00,2020-06-12T00:00:00+00:00,2020-06-12T04:00:00+00:00,2020-06-12T08:00:00+00:00,9439.48,9232.51,33.29010973034232,33.29010973034232,no_exit_48h,2020-06-14T08:00:00+00:00,9426.34,-0.0013920258319313206,13,False,rsi48,2020
5,2020-06-25T04:00:00+00:00,2020-06-25T04:00:00+00:00,2020-06-25T08:00:00+00:00,2020-06-25T12:00:00+00:00,9255.79,9090.17,36.01664995856142,36.01664995856142,stop:new_low,2020-06-26T12:00:00+00:00,9045.45,-0.022725234690934015,7,False,rsi48,2020
6,2020-07-02T16:00:00+00:00,2020-07-02T16:00:00+00:00,2020-07-03T04:00:00+00:00,2020-07-03T08:00:00+00:00,9105.25,8940.0,37.988330598668206,37.988330598668206,rsi48,2020-07-04T16:00:00+00:00,9129.31,0.0026424315642075147,9,False,rsi48,2020
7,2020-07-16T12:00:00+00:00,2020-07-16T12:00:00+00:00,2020-07-17T08:00:00+00:00,2020-07-17T12:00:00+00:00,9138.92,9069.31,39.33165427761757,37.98114451162426,rsi48,2020-07-18T08:00:00+00:00,9159.9,0.002295676075509956,6,False,rsi48,2020
8,2020-08-11T20:00:00+00:00,2020-08-11T20:00:00+00:00,2020-08-12T12:00:00+00:00,2020-08-12T16:00:00+00:00,11581.54,11125.0,38.31785609206881,37.95879816230693,rsi48,2020-08-13T20:00:00+00:00,11780.0,0.01713589039108787,8,False,rsi48,2020
9,2020-08-22T04:00:00+00:00,2020-08-22T04:00:00+00:00,2020-08-22T20:00:00+00:00,2020-08-23T00:00:00+00:00,11663.51,11411.87,39.27153446691021,38.45774324930768,rsi48,2020-08-23T16:00:00+00:00,11684.97,0.0018399264029438367,5,False,rsi48,2020
10,2020-09-04T04:00:00+00:00,2020-09-04T04:00:00+00:00,2020-09-04T08:00:00+00:00,2020-09-04T12:00:00+00:00,10422.52,10093.1,23.406765912249384,23.406765912249384,stop:new_low,2020-09-04T12:00:00+00:00,9875.5,-0.052484427950246215,1,False,rsi48,2020
11,2020-09-22T00:00:00+00:00,2020-09-22T00:00:00+00:00,2020-09-22T16:00:00+00:00,2020-09-22T20:00:00+00:00,10491.98,10353.0,34.03616153756697,31.642669367671783,stop:new_low,2020-09-23T16:00:00+00:00,10255.53,-0.022536261029853177,6,False,rsi48,2020
12,2020-12-09T08:00:00+00:00,2020-12-09T08:00:00+00:00,2020-12-09T20:00:00+00:00,2020-12-10T00:00:00+00:00,18541.29,17650.0,36.99265220536661,36.99265220536661,stop:new_low,2020-12-11T08:00:00+00:00,17572.33,-0.05225957848671803,9,False,rsi48,2020
13,2021-02-26T08:00:00+00:00,2021-02-26T08:00:00+00:00,2021-02-27T00:00:00+00:00,2021-02-27T04:00:00+00:00,47423.07,44939.19,38.83694055320289,38.83694055320289,stop:new_low,2021-02-28T00:00:00+00:00,44444.0,-0.06281900349344738,6,False,rsi48,2021
14,2021-04-18T12:00:00+00:00,2021-04-18T12:00:00+00:00,2021-04-19T00:00:00+00:00,2021-04-19T04:00:00+00:00,57030.9,53200.0,35.02046652770758,35.02046652770758,no_exit_48h,2021-04-21T04:00:00+00:00,55304.04,-0.03027937486520471,13,False,rsi48,2021
15,2021-04-22T00:00:00+00:00,2021-04-22T00:00:00+00:00,2021-04-22T08:00:00+00:00,2021-04-22T12:00:00+00:00,54866.63,52561.0,38.548093882495216,38.548093882495216,stop:new_low+bb_rebreak,2021-04-22T16:00:00+00:00,52222.17,-0.04819796659645392,2,False,rsi48,2021
16,2021-04-23T08:00:00+00:00,2021-04-23T08:00:00+00:00,2021-04-23T20:00:00+00:00,2021-04-24T00:00:00+00:00,51110.56,47500.0,35.988268947333935,35.43161319277094,stop:new_low,2021-04-25T20:00:00+00:00,46930.0,-0.08179444717490858,12,False,rsi48,2021
17,2021-05-16T00:00:00+00:00,2021-05-16T00:00:00+00:00,2021-05-16T04:00:00+00:00,2021-05-16T08:00:00+00:00,49375.28,46467.0,38.74102761683764,38.74102761683764,stop:new_low+bb_rebreak,2021-05-16T16:00:00+00:00,44444.44,-0.0998645476035781,3,False,rsi48,2021
18,2021-05-23T16:00:00+00:00,2021-05-23T16:00:00+00:00,2021-05-23T20:00:00+00:00,2021-05-24T00:00:00+00:00,34681.44,31111.01,30.360283767454877,30.360283767454877,rsi48,2021-05-24T08:00:00+00:00,37600.01,0.08415365682624487,3,False,rsi48,2021
19,2021-09-11T00:00:00+00:00,2021-09-11T00:00:00+00:00,2021-09-11T08:00:00+00:00,2021-09-11T12:00:00+00:00,45555.68,44722.22,36.24003737667735,35.42177967050323,rsi48,2021-09-12T08:00:00+00:00,46085.9,0.011638943815568181,6,False,rsi48,2021
20,2021-11-19T08:00:00+00:00,2021-11-19T08:00:00+00:00,2021-11-19T12:00:00+00:00,2021-11-19T16:00:00+00:00,57887.96,55986.05,31.886365867046905,31.886365867046905,rsi48,2021-11-20T16:00:00+00:00,59430.04,0.02663904549408902,7,False,rsi48,2021
21,2021-12-04T12:00:00+00:00,2021-12-04T12:00:00+00:00,2021-12-04T16:00:00+00:00,2021-12-04T20:00:00+00:00,49249.99,46489.66,26.371511664503544,26.371511664503544,no_exit_48h,2021-12-06T20:00:00+00:00,50441.92,0.024201629279518633,13,False,rsi48,2021
22,2021-12-13T20:00:00+00:00,2021-12-13T20:00:00+00:00,2021-12-14T08:00:00+00:00,2021-12-14T12:00:00+00:00,47617.99,46214.13,35.3950188821331,35.3950188821331,rsi48,2021-12-14T20:00:00+00:00,48343.28,0.01523142829002233,3,False,rsi48,2021
23,2021-12-31T20:00:00+00:00,2021-12-31T20:00:00+00:00,2022-01-01T00:00:00+00:00,2022-01-01T04:00:00+00:00,46813.21,45678.0,37.68546373721937,37.68546373721937,rsi48,2022-01-01T20:00:00+00:00,47722.65,0.01942699507254475,5,False,rsi48,2022
24,2022-01-06T12:00:00+00:00,2022-01-06T12:00:00+00:00,2022-01-06T16:00:00+00:00,2022-01-06T20:00:00+00:00,43438.11,42632.44,28.6553022891905,28.6553022891905,stop:new_low,2022-01-07T00:00:00+00:00,41577.77,-0.04282736979118118,2,False,rsi48,2022
25,2022-02-12T04:00:00+00:00,2022-02-12T04:00:00+00:00,2022-02-12T16:00:00+00:00,2022-02-12T20:00:00+00:00,42662.47,41688.88,39.55251646889326,39.55251646889326,stop:new_low,2022-02-14T00:00:00+00:00,41550.56,-0.026062954160882,8,False,rsi48,2022
26,2022-02-22T04:00:00+00:00,2022-02-22T04:00:00+00:00,2022-02-22T08:00:00+00:00,2022-02-22T12:00:00+00:00,37519.47,36515.87,31.76061041807661,31.76061041807661,rsi48,2022-02-23T08:00:00+00:00,38782.91,0.03367424966290833,6,False,rsi48,2022
27,2022-02-24T08:00:00+00:00,2022-02-24T08:00:00+00:00,2022-02-24T16:00:00+00:00,2022-02-24T20:00:00+00:00,37300.0,34818.09,33.32478188920051,33.32478188920051,rsi48,2022-02-24T20:00:00+00:00,38327.21,0.027539142091152824,1,False,rsi48,2022
28,2022-03-05T04:00:00+00:00,2022-03-05T04:00:00+00:00,2022-03-05T16:00:00+00:00,2022-03-05T20:00:00+00:00,39433.71,38407.59,29.190983343326337,29.190983343326337,stop:new_low,2022-03-06T08:00:00+00:00,38088.57,-0.03411142395681255,4,False,rsi48,2022
29,2022-03-07T20:00:00+00:00,2022-03-07T20:00:00+00:00,2022-03-08T00:00:00+00:00,2022-03-08T04:00:00+00:00,38696.56,37155.0,39.25956684978238,39.25956684978238,rsi48,2022-03-09T00:00:00+00:00,41217.73,0.06515230294372443,6,False,rsi48,2022
30,2022-04-25T08:00:00+00:00,2022-04-25T08:00:00+00:00,2022-04-25T16:00:00+00:00,2022-04-25T20:00:00+00:00,40225.98,38209.36,36.07427830485599,36.07427830485599,rsi48,2022-04-25T20:00:00+00:00,40426.08,0.0049743971433386935,1,False,rsi48,2022
31,2022-05-01T00:00:00+00:00,2022-05-01T00:00:00+00:00,2022-05-01T12:00:00+00:00,2022-05-01T16:00:00+00:00,38490.01,37386.38,39.16549655704332,38.179643525229,rsi48,2022-05-02T00:00:00+00:00,38674.1,0.004782799484853273,3,False,rsi48,2022
32,2022-05-12T04:00:00+00:00,2022-05-12T04:00:00+00:00,2022-05-12T12:00:00+00:00,2022-05-12T16:00:00+00:00,29021.26,26700.0,22.9374530900386,22.9374530900386,rsi48,2022-05-13T08:00:00+00:00,30668.08,0.05674529637927517,5,False,rsi48,2022
33,2022-06-14T00:00:00+00:00,2022-06-14T00:00:00+00:00,2022-06-14T04:00:00+00:00,2022-06-14T08:00:00+00:00,22877.52,20846.0,12.405168424371835,12.405168424371835,stop:new_low,2022-06-15T04:00:00+00:00,20652.18,-0.09727190709482492,6,False,rsi48,2022
34,2022-06-18T20:00:00+00:00,2022-06-18T20:00:00+00:00,2022-06-19T08:00:00+00:00,2022-06-19T12:00:00+00:00,19692.49,17622.0,32.074860386957965,28.769117696787877,rsi48,2022-06-19T20:00:00+00:00,20574.0,0.044763765272954226,3,False,rsi48,2022
35,2022-08-17T20:00:00+00:00,2022-08-17T20:00:00+00:00,2022-08-18T08:00:00+00:00,2022-08-18T12:00:00+00:00,23534.43,23180.4,36.10844184742907,36.10844184742907,stop:new_low,2022-08-18T20:00:00+00:00,23111.04,-0.017990238131962433,3,False,rsi48,2022
36,2022-08-20T00:00:00+00:00,2022-08-20T00:00:00+00:00,2022-08-20T12:00:00+00:00,2022-08-20T16:00:00+00:00,21300.5,20792.92,21.99504849577468,21.99504849577468,stop:new_low,2022-08-20T20:00:00+00:00,20761.9,-0.02528579141334708,2,False,rsi48,2022
37,2022-09-07T04:00:00+00:00,2022-09-07T04:00:00+00:00,2022-09-07T16:00:00+00:00,2022-09-07T20:00:00+00:00,18992.37,18671.22,28.635886199075088,27.73399917653458,rsi48,2022-09-08T16:00:00+00:00,19352.38,0.018955506869337668,6,False,rsi48,2022
38,2022-09-19T12:00:00+00:00,2022-09-19T12:00:00+00:00,2022-09-19T16:00:00+00:00,2022-09-19T20:00:00+00:00,19514.8,18676.47,38.10572748272779,38.10572748272779,stop:new_low,2022-09-21T16:00:00+00:00,18666.0,-0.043495193391682174,12,False,rsi48,2022
39,2022-10-11T04:00:00+00:00,2022-10-11T04:00:00+00:00,2022-10-11T08:00:00+00:00,2022-10-11T12:00:00+00:00,19153.68,19010.0,29.697273578178923,29.697273578178923,stop:new_low,2022-10-11T12:00:00+00:00,18860.0,-0.015332823770680126,1,False,rsi48,2022
40,2022-10-13T12:00:00+00:00,2022-10-13T12:00:00+00:00,2022-10-13T16:00:00+00:00,2022-10-13T20:00:00+00:00,19369.94,18190.0,38.86502735802421,38.86502735802421,rsi48,2022-10-13T20:00:00+00:00,19375.13,0.00026794094354465336,1,False,rsi48,2022
41,2022-11-28T16:00:00+00:00,2022-11-28T16:00:00+00:00,2022-11-29T00:00:00+00:00,2022-11-29T04:00:00+00:00,16287.53,15995.27,39.10233402693478,38.56772469639564,rsi48,2022-11-29T04:00:00+00:00,16463.31,0.010792305524533141,1,False,rsi48,2022
42,2022-12-17T00:00:00+00:00,2022-12-17T00:00:00+00:00,2022-12-17T20:00:00+00:00,2022-12-18T00:00:00+00:00,16777.54,16579.85,29.34155530188231,29.34155530188231,stop:new_low+bb_rebreak,2022-12-19T16:00:00+00:00,16505.0,-0.016244336178009466,11,False,rsi48,2022
43,2023-02-06T04:00:00+00:00,2023-02-06T04:00:00+00:00,2023-02-06T12:00:00+00:00,2023-02-06T16:00:00+00:00,23042.86,22628.13,34.40110867473193,34.35845394984278,rsi48,2023-02-07T16:00:00+00:00,23091.9,0.0021282080436195727,7,False,rsi48,2023
44,2023-02-22T16:00:00+00:00,2023-02-22T16:00:00+00:00,2023-02-22T20:00:00+00:00,2023-02-23T00:00:00+00:00,24182.21,23574.69,38.34747254245966,38.34747254245966,rsi48,2023-02-23T00:00:00+00:00,24454.85,0.011274403786916132,1,False,rsi48,2023
45,2023-03-10T12:00:00+00:00,2023-03-10T12:00:00+00:00,2023-03-10T20:00:00+00:00,2023-03-11T00:00:00+00:00,20150.69,19657.11,18.92571035710752,18.92571035710752,rsi48,2023-03-12T16:00:00+00:00,20779.54,0.031207368085162557,11,False,rsi48,2023
46,2023-05-01T20:00:00+00:00,2023-05-01T20:00:00+00:00,2023-05-02T12:00:00+00:00,2023-05-02T16:00:00+00:00,28540.69,27666.95,37.083030236314414,36.76253452436808,rsi48,2023-05-02T16:00:00+00:00,28686.14,0.005096232782038523,1,False,rsi48,2023
47,2023-06-10T16:00:00+00:00,2023-06-10T16:00:00+00:00,2023-06-11T16:00:00+00:00,2023-06-11T20:00:00+00:00,26030.89,25358.0,36.48261514287007,36.48261514287007,rsi48,2023-06-13T00:00:00+00:00,26063.85,0.0012661879789741537,8,False,rsi48,2023
48,2023-06-15T12:00:00+00:00,2023-06-15T12:00:00+00:00,2023-06-15T16:00:00+00:00,2023-06-15T20:00:00+00:00,25455.49,24921.11,28.68660592270838,28.68660592270838,rsi48,2023-06-15T20:00:00+00:00,25598.49,0.00561764868796466,1,False,rsi48,2023
49,2023-08-01T12:00:00+00:00,2023-08-01T12:00:00+00:00,2023-08-01T16:00:00+00:00,2023-08-01T20:00:00+00:00,29274.42,28585.7,39.77156949784722,39.77156949784722,rsi48,2023-08-01T20:00:00+00:00,29705.99,0.014742222049147546,1,False,rsi48,2023
50,2023-08-22T20:00:00+00:00,2023-08-22T20:00:00+00:00,2023-08-23T12:00:00+00:00,2023-08-23T16:00:00+00:00,26143.99,25300.0,39.62698732650807,37.174632552239245,rsi48,2023-08-23T16:00:00+00:00,26632.0,0.018666240309914484,1,False,rsi48,2023
51,2023-09-25T12:00:00+00:00,2023-09-25T12:00:00+00:00,2023-09-26T00:00:00+00:00,2023-09-26T04:00:00+00:00,26353.87,25990.46,37.38715927801317,37.38715927801317,rsi48,2023-09-27T08:00:00+00:00,26766.7,0.015664871990337836,8,False,rsi48,2023
52,2023-11-15T04:00:00+00:00,2023-11-15T04:00:00+00:00,2023-11-15T08:00:00+00:00,2023-11-15T12:00:00+00:00,36240.95,35375.38,35.77132794759568,35.77132794759568,rsi48,2023-11-15T12:00:00+00:00,36402.42,0.004455457155510656,1,False,rsi48,2023
53,2023-11-27T16:00:00+00:00,2023-11-27T16:00:00+00:00,2023-11-27T20:00:00+00:00,2023-11-28T00:00:00+00:00,37242.7,36707.0,38.37516648549765,38.37516648549765,rsi48,2023-11-28T08:00:00+00:00,37251.42,0.00023413984485554096,3,False,rsi48,2023
54,2023-12-11T20:00:00+00:00,2023-12-11T20:00:00+00:00,2023-12-12T00:00:00+00:00,2023-12-12T04:00:00+00:00,41735.29,40554.0,32.70183827749268,32.70183827749268,rsi48,2023-12-13T12:00:00+00:00,41939.18,0.004885314083117764,9,False,rsi48,2023
55,2023-12-18T08:00:00+00:00,2023-12-18T08:00:00+00:00,2023-12-18T16:00:00+00:00,2023-12-18T20:00:00+00:00,41701.11,40542.93,36.912420836571314,36.912420836571314,rsi48,2023-12-18T20:00:00+00:00,42657.8,0.022941595559446748,1,False,rsi48,2023
56,2023-12-26T20:00:00+00:00,2023-12-26T20:00:00+00:00,2023-12-27T08:00:00+00:00,2023-12-27T12:00:00+00:00,43019.11,42055.0,39.34372250076514,36.00979502351877,rsi48,2023-12-27T12:00:00+00:00,42980.65,-0.00089402128495919,1,False,rsi48,2023
57,2024-04-17T16:00:00+00:00,2024-04-17T16:00:00+00:00,2024-04-18T00:00:00+00:00,2024-04-18T04:00:00+00:00,61987.99,59678.16,35.178931954265764,35.178931954265764,rsi48,2024-04-18T12:00:00+00:00,63498.7,0.024371011223303096,3,False,rsi48,2024
58,2024-06-11T16:00:00+00:00,2024-06-11T16:00:00+00:00,2024-06-12T08:00:00+00:00,2024-06-12T12:00:00+00:00,67778.43,66161.26,36.7703845353237,36.19857247896167,rsi48,2024-06-12T12:00:00+00:00,69734.0,0.02885239448597443,1,False,rsi48,2024
59,2024-06-24T20:00:00+00:00,2024-06-24T20:00:00+00:00,2024-06-25T00:00:00+00:00,2024-06-25T04:00:00+00:00,61302.59,58402.0,25.89619187616861,25.89619187616861,no_exit_48h,2024-06-27T04:00:00+00:00,60794.01,-0.008296223699520544,13,False,rsi48,2024
60,2024-06-28T20:00:00+00:00,2024-06-28T20:00:00+00:00,2024-06-29T04:00:00+00:00,2024-06-29T08:00:00+00:00,61052.3,60063.0,38.82593159646929,38.82593159646929,rsi48,2024-06-30T04:00:00+00:00,61528.01,0.0077918440419115775,6,False,rsi48,2024
61,2024-07-05T08:00:00+00:00,2024-07-05T08:00:00+00:00,2024-07-05T12:00:00+00:00,2024-07-05T16:00:00+00:00,56662.99,53900.0,27.53655285264277,27.53655285264277,rsi48,2024-07-06T20:00:00+00:00,58230.13,0.027657206229321885,8,False,rsi48,2024
62,2024-08-01T16:00:00+00:00,2024-08-01T16:00:00+00:00,2024-08-01T20:00:00+00:00,2024-08-02T00:00:00+00:00,65354.02,62302.0,32.71659413215984,32.71659413215984,stop:new_low+bb_rebreak,2024-08-02T20:00:00+00:00,61230.01,-0.06310262169029535,6,False,rsi48,2024
63,2024-08-05T12:00:00+00:00,2024-08-05T12:00:00+00:00,2024-08-06T00:00:00+00:00,2024-08-06T04:00:00+00:00,55665.73,49542.83,30.963010316627745,29.2388848170026,rsi48,2024-08-08T00:00:00+00:00,57049.74,0.02486287344116378,12,False,rsi48,2024
64,2024-09-02T00:00:00+00:00,2024-09-02T00:00:00+00:00,2024-09-02T08:00:00+00:00,2024-09-02T12:00:00+00:00,58422.01,57128.0,37.253345551499095,35.9062778060966,rsi48,2024-09-02T20:00:00+00:00,59132.13,0.012155008018382096,3,False,rsi48,2024
65,2024-09-06T20:00:00+00:00,2024-09-06T20:00:00+00:00,2024-09-07T08:00:00+00:00,2024-09-07T12:00:00+00:00,54326.01,52550.0,30.06563440830233,29.429071604687408,rsi48,2024-09-09T00:00:00+00:00,55115.0,0.01452324586326137,10,False,rsi48,2024
66,2024-10-10T00:00:00+00:00,2024-10-10T00:00:00+00:00,2024-10-10T08:00:00+00:00,2024-10-10T12:00:00+00:00,61262.01,60355.0,36.01931295169814,36.01931295169814,stop:new_low+bb_rebreak,2024-10-10T16:00:00+00:00,58946.0,-0.0378049952980648,2,False,rsi48,2024
67,2024-10-10T20:00:00+00:00,2024-10-10T20:00:00+00:00,2024-10-11T08:00:00+00:00,2024-10-11T12:00:00+00:00,61174.88,59586.29,37.4990578301236,37.4990578301236,rsi48,2024-10-11T12:00:00+00:00,62259.05,0.017722470399615053,1,False,rsi48,2024
68,2024-12-10T16:00:00+00:00,2024-12-10T16:00:00+00:00,2024-12-11T00:00:00+00:00,2024-12-11T04:00:00+00:00,97398.42,94256.54,37.24691904275669,37.24691904275669,rsi48,2024-12-11T08:00:00+00:00,98292.61,0.00918074441043304,2,False,rsi48,2024
69,2025-01-13T16:00:00+00:00,2025-01-13T16:00:00+00:00,2025-01-13T20:00:00+00:00,2025-01-14T00:00:00+00:00,94536.11,91250.0,39.66906224659154,39.66906224659154,rsi48,2025-01-14T00:00:00+00:00,94861.4,0.0034409073950683045,1,False,rsi48,2025
70,2025-02-25T16:00:00+00:00,2025-02-25T16:00:00+00:00,2025-02-25T20:00:00+00:00,2025-02-26T00:00:00+00:00,88680.39,86157.69,22.855137939761136,22.855137939761136,stop:new_low,2025-02-26T12:00:00+00:00,85418.72,-0.03678005926676686,4,False,rsi48,2025
71,2025-02-26T20:00:00+00:00,2025-02-26T20:00:00+00:00,2025-02-27T00:00:00+00:00,2025-02-27T04:00:00+00:00,85226.32,82256.01,20.73576141822643,20.73576141822643,stop:new_low+bb_rebreak,2025-02-28T00:00:00+00:00,79532.0,-0.06681410155923673,6,False,rsi48,2025
72,2025-02-28T08:00:00+00:00,2025-02-28T08:00:00+00:00,2025-02-28T12:00:00+00:00,2025-02-28T16:00:00+00:00,84005.05,78258.52,27.922348009324296,27.922348009324296,rsi48,2025-03-01T20:00:00+00:00,86064.53,0.024516145160320635,8,False,rsi48,2025
73,2025-03-10T00:00:00+00:00,2025-03-10T00:00:00+00:00,2025-03-10T08:00:00+00:00,2025-03-10T12:00:00+00:00,83582.0,80037.62,34.34772362730172,34.34772362730172,stop:new_low+bb_rebreak,2025-03-10T12:00:00+00:00,79177.03,-0.05270237610968875,1,False,rsi48,2025
74,2025-04-07T08:00:00+00:00,2025-04-07T08:00:00+00:00,2025-04-07T12:00:00+00:00,2025-04-07T16:00:00+00:00,78479.91,75085.74,29.589400931833566,29.589400931833566,stop:new_low,2025-04-09T00:00:00+00:00,74620.0,-0.04918341522053227,9,False,rsi48,2025
75,2025-05-30T00:00:00+00:00,2025-05-30T00:00:00+00:00,2025-05-30T08:00:00+00:00,2025-05-30T12:00:00+00:00,105880.5,104600.5,38.26258396552857,34.0526550757252,stop:new_low,2025-05-30T16:00:00+00:00,103706.71,-0.020530598174356873,2,False,rsi48,2025
76,2025-06-06T00:00:00+00:00,2025-06-06T00:00:00+00:00,2025-06-06T08:00:00+00:00,2025-06-06T12:00:00+00:00,103927.99,101095.8,37.03219038440188,37.03219038440188,rsi48,2025-06-06T12:00:00+00:00,105092.28,0.011202853052387551,1,False,rsi48,2025
77,2025-06-13T04:00:00+00:00,2025-06-13T04:00:00+00:00,2025-06-13T20:00:00+00:00,2025-06-14T00:00:00+00:00,106066.59,103782.75,35.14446173565763,35.14446173565763,rsi48,2025-06-16T00:00:00+00:00,105921.84,-0.0013647087174198935,13,False,rsi48,2025
78,2025-10-16T20:00:00+00:00,2025-10-16T20:00:00+00:00,2025-10-17T00:00:00+00:00,2025-10-17T04:00:00+00:00,109176.74,107427.0,32.68885040774882,32.68885040774882,stop:new_low+bb_rebreak,2025-10-17T04:00:00+00:00,105542.09,-0.03329143185627281,1,False,rsi48,2025
79,2025-10-17T12:00:00+00:00,2025-10-17T12:00:00+00:00,2025-10-18T08:00:00+00:00,2025-10-18T12:00:00+00:00,107208.61,104533.21,34.974249348793336,33.98481611050006,rsi48,2025-10-19T12:00:00+00:00,108486.7,0.0119215238402961,7,False,rsi48,2025
80,2025-11-04T20:00:00+00:00,2025-11-04T20:00:00+00:00,2025-11-05T12:00:00+00:00,2025-11-05T16:00:00+00:00,103728.3,98944.36,27.94035890522086,27.94035890522086,rsi48,2025-11-07T16:00:00+00:00,103395.25,-0.003210792040359345,13,False,rsi48,2025
81,2025-11-18T08:00:00+00:00,2025-11-18T08:00:00+00:00,2025-11-18T12:00:00+00:00,2025-11-18T16:00:00+00:00,92910.1,90509.79,33.38142662630017,33.38142662630017,stop:new_low,2025-11-19T04:00:00+00:00,90025.06,-0.031051952371163205,4,False,rsi48,2025
82,2025-11-21T12:00:00+00:00,2025-11-21T12:00:00+00:00,2025-11-21T16:00:00+00:00,2025-11-21T20:00:00+00:00,84209.3,80600.0,25.033689822086785,25.033689822086785,rsi48,2025-11-23T12:00:00+00:00,87087.44,0.034178410223098865,11,False,rsi48,2025
83,2025-12-01T16:00:00+00:00,2025-12-01T16:00:00+00:00,2025-12-01T20:00:00+00:00,2025-12-02T00:00:00+00:00,86286.01,84030.95,26.780196718316542,26.780196718316542,rsi48,2025-12-02T12:00:00+00:00,90850.01,0.05289385845978978,4,False,rsi48,2025
84,2025-12-16T04:00:00+00:00,2025-12-16T04:00:00+00:00,2025-12-16T08:00:00+00:00,2025-12-16T12:00:00+00:00,87261.46,85266.0,30.250866643059386,30.250866643059386,rsi48,2025-12-18T12:00:00+00:00,88513.44,0.014347456483079668,13,False,rsi48,2025
85,2026-01-26T00:00:00+00:00,2026-01-26T00:00:00+00:00,2026-01-26T04:00:00+00:00,2026-01-26T08:00:00+00:00,88000.64,86509.63,32.94892198026061,32.94892198026061,rsi48,2026-01-27T00:00:00+00:00,88788.0,0.008947207656671674,5,False,rsi48,2026
86,2026-02-03T20:00:00+00:00,2026-02-03T20:00:00+00:00,2026-02-04T00:00:00+00:00,2026-02-04T04:00:00+00:00,76698.17,74586.54,32.18979956318503,32.18979956318503,stop:new_low+bb_rebreak,2026-02-04T12:00:00+00:00,73794.11,-0.0378634848784527,3,False,rsi48,2026
87,2026-02-06T00:00:00+00:00,2026-02-06T00:00:00+00:00,2026-02-06T08:00:00+00:00,2026-02-06T12:00:00+00:00,66631.32,60000.0,18.72131568606143,18.72131568606143,rsi48,2026-02-08T08:00:00+00:00,70999.98,0.06556466238399583,12,False,rsi48,2026
88,2026-02-28T08:00:00+00:00,2026-02-28T08:00:00+00:00,2026-02-28T12:00:00+00:00,2026-02-28T16:00:00+00:00,64841.17,63372.1,34.80029468589126,34.80029468589126,rsi48,2026-02-28T16:00:00+00:00,66362.01,0.02345485129278191,1,False,rsi48,2026
89,2026-03-27T20:00:00+00:00,2026-03-27T20:00:00+00:00,2026-03-28T12:00:00+00:00,2026-03-28T16:00:00+00:00,67014.92,65817.44,30.910733333541373,30.156529352797094,stop:new_low,2026-03-29T20:00:00+00:00,65000.0,-0.03006673737728849,8,False,rsi48,2026
90,2026-04-28T12:00:00+00:00,2026-04-28T12:00:00+00:00,2026-04-29T00:00:00+00:00,2026-04-29T04:00:00+00:00,76994.77,75666.6,38.3936397542525,38.3936397542525,rsi48,2026-04-29T04:00:00+00:00,77053.64,0.0007645973875887169,1,False,rsi48,2026
91,2026-05-23T12:00:00+00:00,2026-05-23T12:00:00+00:00,2026-05-23T16:00:00+00:00,2026-05-23T20:00:00+00:00,75983.45,74660.05,37.99664741004276,37.99664741004276,rsi48,2026-05-23T20:00:00+00:00,76752.01,0.010114834217187951,1,False,rsi48,2026
92,2026-06-05T16:00:00+00:00,2026-06-05T16:00:00+00:00,2026-06-05T20:00:00+00:00,2026-06-06T00:00:00+00:00,61056.47,59130.91,21.07563221304075,21.07563221304075,rsi48,2026-06-07T20:00:00+00:00,63332.01,0.03726943270713168,12,False,rsi48,2026
93,2026-06-18T16:00:00+00:00,2026-06-18T16:00:00+00:00,2026-06-19T12:00:00+00:00,2026-06-19T16:00:00+00:00,63214.01,62272.07,37.67795458193743,35.822841795538125,rsi48,2026-06-20T12:00:00+00:00,64160.04,0.014965511600988357,6,False,rsi48,2026
94,2026-07-13T20:00:00+00:00,2026-07-13T20:00:00+00:00,2026-07-14T08:00:00+00:00,2026-07-14T12:00:00+00:00,62844.99,61882.88,35.86839767664438,35.86839767664438,rsi48,2026-07-14T12:00:00+00:00,64743.99,0.030217205858414475,1,False,rsi48,2026
95,2026-09-11T00:00:00+00:00,2026-09-11T00:00:00+00:00,2026-09-11T04:00:00+00:00,2026-09-11T08:00:00+00:00,77230.7,76563.01,32.71441300904047,32.71441300904047,stop:new_low,2026-09-11T12:00:00+00:00,76046.58,-0.01533224481974127,2,False,rsi48,2026
1,2020-03-01T00:00:00+00:00,2020-03-01T00:00:00+00:00,2020-03-01T08:00:00+00:00,2020-03-01T12:00:00+00:00,8647.42,8511.11,37.659482101250696,34.91237551088909,stop:new_low,2020-03-01T16:00:00+00:00,8411.0,-0.027339946481147015,2,False,rsi50,2020
2,2020-03-09T12:00:00+00:00,2020-03-09T12:00:00+00:00,2020-03-09T16:00:00+00:00,2020-03-09T20:00:00+00:00,7842.04,7632.01,16.635616030183755,16.635616030183755,stop:new_low,2020-03-11T16:00:00+00:00,7590.0,-0.032139596329526454,12,False,rsi50,2020
3,2020-03-13T04:00:00+00:00,2020-03-13T04:00:00+00:00,2020-03-13T20:00:00+00:00,2020-03-14T00:00:00+00:00,5576.05,4674.0,24.32522796623344,23.319768996429303,no_exit_48h,2020-03-16T00:00:00+00:00,5273.34,-0.05428753328969427,13,False,rsi50,2020
4,2020-06-12T00:00:00+00:00,2020-06-12T00:00:00+00:00,2020-06-12T04:00:00+00:00,2020-06-12T08:00:00+00:00,9439.48,9232.51,33.29010973034232,33.29010973034232,no_exit_48h,2020-06-14T08:00:00+00:00,9426.34,-0.0013920258319313206,13,False,rsi50,2020
5,2020-06-25T04:00:00+00:00,2020-06-25T04:00:00+00:00,2020-06-25T08:00:00+00:00,2020-06-25T12:00:00+00:00,9255.79,9090.17,36.01664995856142,36.01664995856142,stop:new_low,2020-06-26T12:00:00+00:00,9045.45,-0.022725234690934015,7,False,rsi50,2020
6,2020-07-02T16:00:00+00:00,2020-07-02T16:00:00+00:00,2020-07-03T04:00:00+00:00,2020-07-03T08:00:00+00:00,9105.25,8940.0,37.988330598668206,37.988330598668206,rsi50,2020-07-04T16:00:00+00:00,9129.31,0.0026424315642075147,9,False,rsi50,2020
7,2020-07-16T12:00:00+00:00,2020-07-16T12:00:00+00:00,2020-07-17T08:00:00+00:00,2020-07-17T12:00:00+00:00,9138.92,9069.31,39.33165427761757,37.98114451162426,rsi50,2020-07-18T20:00:00+00:00,9170.28,0.0034314776800761226,9,False,rsi50,2020
8,2020-08-11T20:00:00+00:00,2020-08-11T20:00:00+00:00,2020-08-12T12:00:00+00:00,2020-08-12T16:00:00+00:00,11581.54,11125.0,38.31785609206881,37.95879816230693,rsi50,2020-08-13T20:00:00+00:00,11780.0,0.01713589039108787,8,False,rsi50,2020
9,2020-08-22T04:00:00+00:00,2020-08-22T04:00:00+00:00,2020-08-22T20:00:00+00:00,2020-08-23T00:00:00+00:00,11663.51,11411.87,39.27153446691021,38.45774324930768,rsi50,2020-08-24T04:00:00+00:00,11758.58,0.008151062587505864,8,False,rsi50,2020
10,2020-09-04T04:00:00+00:00,2020-09-04T04:00:00+00:00,2020-09-04T08:00:00+00:00,2020-09-04T12:00:00+00:00,10422.52,10093.1,23.406765912249384,23.406765912249384,stop:new_low,2020-09-04T12:00:00+00:00,9875.5,-0.052484427950246215,1,False,rsi50,2020
11,2020-09-22T00:00:00+00:00,2020-09-22T00:00:00+00:00,2020-09-22T16:00:00+00:00,2020-09-22T20:00:00+00:00,10491.98,10353.0,34.03616153756697,31.642669367671783,stop:new_low,2020-09-23T16:00:00+00:00,10255.53,-0.022536261029853177,6,False,rsi50,2020
12,2020-12-09T08:00:00+00:00,2020-12-09T08:00:00+00:00,2020-12-09T20:00:00+00:00,2020-12-10T00:00:00+00:00,18541.29,17650.0,36.99265220536661,36.99265220536661,stop:new_low,2020-12-11T08:00:00+00:00,17572.33,-0.05225957848671803,9,False,rsi50,2020
13,2021-02-26T08:00:00+00:00,2021-02-26T08:00:00+00:00,2021-02-27T00:00:00+00:00,2021-02-27T04:00:00+00:00,47423.07,44939.19,38.83694055320289,38.83694055320289,stop:new_low,2021-02-28T00:00:00+00:00,44444.0,-0.06281900349344738,6,False,rsi50,2021
14,2021-04-18T12:00:00+00:00,2021-04-18T12:00:00+00:00,2021-04-19T00:00:00+00:00,2021-04-19T04:00:00+00:00,57030.9,53200.0,35.02046652770758,35.02046652770758,no_exit_48h,2021-04-21T04:00:00+00:00,55304.04,-0.03027937486520471,13,False,rsi50,2021
15,2021-04-22T00:00:00+00:00,2021-04-22T00:00:00+00:00,2021-04-22T08:00:00+00:00,2021-04-22T12:00:00+00:00,54866.63,52561.0,38.548093882495216,38.548093882495216,stop:new_low+bb_rebreak,2021-04-22T16:00:00+00:00,52222.17,-0.04819796659645392,2,False,rsi50,2021
16,2021-04-23T08:00:00+00:00,2021-04-23T08:00:00+00:00,2021-04-23T20:00:00+00:00,2021-04-24T00:00:00+00:00,51110.56,47500.0,35.988268947333935,35.43161319277094,stop:new_low,2021-04-25T20:00:00+00:00,46930.0,-0.08179444717490858,12,False,rsi50,2021
17,2021-05-16T00:00:00+00:00,2021-05-16T00:00:00+00:00,2021-05-16T04:00:00+00:00,2021-05-16T08:00:00+00:00,49375.28,46467.0,38.74102761683764,38.74102761683764,stop:new_low+bb_rebreak,2021-05-16T16:00:00+00:00,44444.44,-0.0998645476035781,3,False,rsi50,2021
18,2021-05-23T16:00:00+00:00,2021-05-23T16:00:00+00:00,2021-05-23T20:00:00+00:00,2021-05-24T00:00:00+00:00,34681.44,31111.01,30.360283767454877,30.360283767454877,rsi50,2021-05-24T16:00:00+00:00,39606.1,0.14199698743766098,5,False,rsi50,2021
19,2021-09-11T00:00:00+00:00,2021-09-11T00:00:00+00:00,2021-09-11T08:00:00+00:00,2021-09-11T12:00:00+00:00,45555.68,44722.22,36.24003737667735,35.42177967050323,stop:new_low,2021-09-13T00:00:00+00:00,44555.0,-0.02196608633654462,10,False,rsi50,2021
20,2021-11-19T08:00:00+00:00,2021-11-19T08:00:00+00:00,2021-11-19T12:00:00+00:00,2021-11-19T16:00:00+00:00,57887.96,55986.05,31.886365867046905,31.886365867046905,rsi50,2021-11-20T16:00:00+00:00,59430.04,0.02663904549408902,7,False,rsi50,2021
21,2021-12-04T12:00:00+00:00,2021-12-04T12:00:00+00:00,2021-12-04T16:00:00+00:00,2021-12-04T20:00:00+00:00,49249.99,46489.66,26.371511664503544,26.371511664503544,no_exit_48h,2021-12-06T20:00:00+00:00,50441.92,0.024201629279518633,13,False,rsi50,2021
22,2021-12-13T20:00:00+00:00,2021-12-13T20:00:00+00:00,2021-12-14T08:00:00+00:00,2021-12-14T12:00:00+00:00,47617.99,46214.13,35.3950188821331,35.3950188821331,rsi50,2021-12-14T20:00:00+00:00,48343.28,0.01523142829002233,3,False,rsi50,2021
23,2021-12-31T20:00:00+00:00,2021-12-31T20:00:00+00:00,2022-01-01T00:00:00+00:00,2022-01-01T04:00:00+00:00,46813.21,45678.0,37.68546373721937,37.68546373721937,rsi50,2022-01-01T20:00:00+00:00,47722.65,0.01942699507254475,5,False,rsi50,2022
24,2022-01-06T12:00:00+00:00,2022-01-06T12:00:00+00:00,2022-01-06T16:00:00+00:00,2022-01-06T20:00:00+00:00,43438.11,42632.44,28.6553022891905,28.6553022891905,stop:new_low,2022-01-07T00:00:00+00:00,41577.77,-0.04282736979118118,2,False,rsi50,2022
25,2022-02-12T04:00:00+00:00,2022-02-12T04:00:00+00:00,2022-02-12T16:00:00+00:00,2022-02-12T20:00:00+00:00,42662.47,41688.88,39.55251646889326,39.55251646889326,stop:new_low,2022-02-14T00:00:00+00:00,41550.56,-0.026062954160882,8,False,rsi50,2022
26,2022-02-22T04:00:00+00:00,2022-02-22T04:00:00+00:00,2022-02-22T08:00:00+00:00,2022-02-22T12:00:00+00:00,37519.47,36515.87,31.76061041807661,31.76061041807661,rsi50,2022-02-23T08:00:00+00:00,38782.91,0.03367424966290833,6,False,rsi50,2022
27,2022-02-24T08:00:00+00:00,2022-02-24T08:00:00+00:00,2022-02-24T16:00:00+00:00,2022-02-24T20:00:00+00:00,37300.0,34818.09,33.32478188920051,33.32478188920051,rsi50,2022-02-24T20:00:00+00:00,38327.21,0.027539142091152824,1,False,rsi50,2022
28,2022-03-05T04:00:00+00:00,2022-03-05T04:00:00+00:00,2022-03-05T16:00:00+00:00,2022-03-05T20:00:00+00:00,39433.71,38407.59,29.190983343326337,29.190983343326337,stop:new_low,2022-03-06T08:00:00+00:00,38088.57,-0.03411142395681255,4,False,rsi50,2022
29,2022-03-07T20:00:00+00:00,2022-03-07T20:00:00+00:00,2022-03-08T00:00:00+00:00,2022-03-08T04:00:00+00:00,38696.56,37155.0,39.25956684978238,39.25956684978238,rsi50,2022-03-09T00:00:00+00:00,41217.73,0.06515230294372443,6,False,rsi50,2022
30,2022-04-25T08:00:00+00:00,2022-04-25T08:00:00+00:00,2022-04-25T16:00:00+00:00,2022-04-25T20:00:00+00:00,40225.98,38209.36,36.07427830485599,36.07427830485599,rsi50,2022-04-25T20:00:00+00:00,40426.08,0.0049743971433386935,1,False,rsi50,2022
31,2022-05-01T00:00:00+00:00,2022-05-01T00:00:00+00:00,2022-05-01T12:00:00+00:00,2022-05-01T16:00:00+00:00,38490.01,37386.38,39.16549655704332,38.179643525229,rsi50,2022-05-02T00:00:00+00:00,38674.1,0.004782799484853273,3,False,rsi50,2022
32,2022-05-12T04:00:00+00:00,2022-05-12T04:00:00+00:00,2022-05-12T12:00:00+00:00,2022-05-12T16:00:00+00:00,29021.26,26700.0,22.9374530900386,22.9374530900386,no_exit_48h,2022-05-14T16:00:00+00:00,29338.78,0.01094094467297424,13,False,rsi50,2022
33,2022-06-14T00:00:00+00:00,2022-06-14T00:00:00+00:00,2022-06-14T04:00:00+00:00,2022-06-14T08:00:00+00:00,22877.52,20846.0,12.405168424371835,12.405168424371835,stop:new_low,2022-06-15T04:00:00+00:00,20652.18,-0.09727190709482492,6,False,rsi50,2022
34,2022-06-18T20:00:00+00:00,2022-06-18T20:00:00+00:00,2022-06-19T08:00:00+00:00,2022-06-19T12:00:00+00:00,19692.49,17622.0,32.074860386957965,28.769117696787877,rsi50,2022-06-19T20:00:00+00:00,20574.0,0.044763765272954226,3,False,rsi50,2022
35,2022-08-17T20:00:00+00:00,2022-08-17T20:00:00+00:00,2022-08-18T08:00:00+00:00,2022-08-18T12:00:00+00:00,23534.43,23180.4,36.10844184742907,36.10844184742907,stop:new_low,2022-08-18T20:00:00+00:00,23111.04,-0.017990238131962433,3,False,rsi50,2022
36,2022-08-20T00:00:00+00:00,2022-08-20T00:00:00+00:00,2022-08-20T12:00:00+00:00,2022-08-20T16:00:00+00:00,21300.5,20792.92,21.99504849577468,21.99504849577468,stop:new_low,2022-08-20T20:00:00+00:00,20761.9,-0.02528579141334708,2,False,rsi50,2022
37,2022-09-07T04:00:00+00:00,2022-09-07T04:00:00+00:00,2022-09-07T16:00:00+00:00,2022-09-07T20:00:00+00:00,18992.37,18671.22,28.635886199075088,27.73399917653458,rsi50,2022-09-09T00:00:00+00:00,19950.73,0.050460263779612546,8,False,rsi50,2022
38,2022-09-19T12:00:00+00:00,2022-09-19T12:00:00+00:00,2022-09-19T16:00:00+00:00,2022-09-19T20:00:00+00:00,19514.8,18676.47,38.10572748272779,38.10572748272779,stop:new_low,2022-09-21T16:00:00+00:00,18666.0,-0.043495193391682174,12,False,rsi50,2022
39,2022-10-11T04:00:00+00:00,2022-10-11T04:00:00+00:00,2022-10-11T08:00:00+00:00,2022-10-11T12:00:00+00:00,19153.68,19010.0,29.697273578178923,29.697273578178923,stop:new_low,2022-10-11T12:00:00+00:00,18860.0,-0.015332823770680126,1,False,rsi50,2022
40,2022-10-13T12:00:00+00:00,2022-10-13T12:00:00+00:00,2022-10-13T16:00:00+00:00,2022-10-13T20:00:00+00:00,19369.94,18190.0,38.86502735802421,38.86502735802421,rsi50,2022-10-13T20:00:00+00:00,19375.13,0.00026794094354465336,1,False,rsi50,2022
41,2022-11-28T16:00:00+00:00,2022-11-28T16:00:00+00:00,2022-11-29T00:00:00+00:00,2022-11-29T04:00:00+00:00,16287.53,15995.27,39.10233402693478,38.56772469639564,rsi50,2022-11-29T04:00:00+00:00,16463.31,0.010792305524533141,1,False,rsi50,2022
42,2022-12-17T00:00:00+00:00,2022-12-17T00:00:00+00:00,2022-12-17T20:00:00+00:00,2022-12-18T00:00:00+00:00,16777.54,16579.85,29.34155530188231,29.34155530188231,stop:new_low+bb_rebreak,2022-12-19T16:00:00+00:00,16505.0,-0.016244336178009466,11,False,rsi50,2022
43,2023-02-06T04:00:00+00:00,2023-02-06T04:00:00+00:00,2023-02-06T12:00:00+00:00,2023-02-06T16:00:00+00:00,23042.86,22628.13,34.40110867473193,34.35845394984278,rsi50,2023-02-07T20:00:00+00:00,23240.46,0.008575324417194663,8,False,rsi50,2023
44,2023-02-22T16:00:00+00:00,2023-02-22T16:00:00+00:00,2023-02-22T20:00:00+00:00,2023-02-23T00:00:00+00:00,24182.21,23574.69,38.34747254245966,38.34747254245966,rsi50,2023-02-23T00:00:00+00:00,24454.85,0.011274403786916132,1,False,rsi50,2023
45,2023-03-10T12:00:00+00:00,2023-03-10T12:00:00+00:00,2023-03-10T20:00:00+00:00,2023-03-11T00:00:00+00:00,20150.69,19657.11,18.92571035710752,18.92571035710752,rsi50,2023-03-12T16:00:00+00:00,20779.54,0.031207368085162557,11,False,rsi50,2023
46,2023-05-01T20:00:00+00:00,2023-05-01T20:00:00+00:00,2023-05-02T12:00:00+00:00,2023-05-02T16:00:00+00:00,28540.69,27666.95,37.083030236314414,36.76253452436808,rsi50,2023-05-02T16:00:00+00:00,28686.14,0.005096232782038523,1,False,rsi50,2023
47,2023-06-10T16:00:00+00:00,2023-06-10T16:00:00+00:00,2023-06-11T16:00:00+00:00,2023-06-11T20:00:00+00:00,26030.89,25358.0,36.48261514287007,36.48261514287007,rsi50,2023-06-13T00:00:00+00:00,26063.85,0.0012661879789741537,8,False,rsi50,2023
48,2023-06-15T12:00:00+00:00,2023-06-15T12:00:00+00:00,2023-06-15T16:00:00+00:00,2023-06-15T20:00:00+00:00,25455.49,24921.11,28.68660592270838,28.68660592270838,rsi50,2023-06-16T12:00:00+00:00,25840.01,0.015105582332141099,5,False,rsi50,2023
49,2023-08-01T12:00:00+00:00,2023-08-01T12:00:00+00:00,2023-08-01T16:00:00+00:00,2023-08-01T20:00:00+00:00,29274.42,28585.7,39.77156949784722,39.77156949784722,rsi50,2023-08-01T20:00:00+00:00,29705.99,0.014742222049147546,1,False,rsi50,2023
50,2023-08-22T20:00:00+00:00,2023-08-22T20:00:00+00:00,2023-08-23T12:00:00+00:00,2023-08-23T16:00:00+00:00,26143.99,25300.0,39.62698732650807,37.174632552239245,rsi50,2023-08-23T16:00:00+00:00,26632.0,0.018666240309914484,1,False,rsi50,2023
51,2023-09-25T12:00:00+00:00,2023-09-25T12:00:00+00:00,2023-09-26T00:00:00+00:00,2023-09-26T04:00:00+00:00,26353.87,25990.46,37.38715927801317,37.38715927801317,rsi50,2023-09-27T08:00:00+00:00,26766.7,0.015664871990337836,8,False,rsi50,2023
52,2023-11-15T04:00:00+00:00,2023-11-15T04:00:00+00:00,2023-11-15T08:00:00+00:00,2023-11-15T12:00:00+00:00,36240.95,35375.38,35.77132794759568,35.77132794759568,rsi50,2023-11-15T12:00:00+00:00,36402.42,0.004455457155510656,1,False,rsi50,2023
53,2023-11-27T16:00:00+00:00,2023-11-27T16:00:00+00:00,2023-11-27T20:00:00+00:00,2023-11-28T00:00:00+00:00,37242.7,36707.0,38.37516648549765,38.37516648549765,rsi50,2023-11-28T12:00:00+00:00,37513.19,0.007262899843459403,4,False,rsi50,2023
54,2023-12-11T20:00:00+00:00,2023-12-11T20:00:00+00:00,2023-12-12T00:00:00+00:00,2023-12-12T04:00:00+00:00,41735.29,40554.0,32.70183827749268,32.70183827749268,rsi50,2023-12-13T16:00:00+00:00,42734.01,0.023929868463834936,10,False,rsi50,2023
55,2023-12-18T08:00:00+00:00,2023-12-18T08:00:00+00:00,2023-12-18T16:00:00+00:00,2023-12-18T20:00:00+00:00,41701.11,40542.93,36.912420836571314,36.912420836571314,rsi50,2023-12-18T20:00:00+00:00,42657.8,0.022941595559446748,1,False,rsi50,2023
56,2023-12-26T20:00:00+00:00,2023-12-26T20:00:00+00:00,2023-12-27T08:00:00+00:00,2023-12-27T12:00:00+00:00,43019.11,42055.0,39.34372250076514,36.00979502351877,rsi50,2023-12-27T16:00:00+00:00,43154.34,0.0031434866969586306,2,False,rsi50,2023
57,2024-04-17T16:00:00+00:00,2024-04-17T16:00:00+00:00,2024-04-18T00:00:00+00:00,2024-04-18T04:00:00+00:00,61987.99,59678.16,35.178931954265764,35.178931954265764,stop:new_low,2024-04-19T00:00:00+00:00,59600.01,-0.03852326878158163,6,False,rsi50,2024
58,2024-06-11T16:00:00+00:00,2024-06-11T16:00:00+00:00,2024-06-12T08:00:00+00:00,2024-06-12T12:00:00+00:00,67778.43,66161.26,36.7703845353237,36.19857247896167,rsi50,2024-06-12T12:00:00+00:00,69734.0,0.02885239448597443,1,False,rsi50,2024
59,2024-06-24T20:00:00+00:00,2024-06-24T20:00:00+00:00,2024-06-25T00:00:00+00:00,2024-06-25T04:00:00+00:00,61302.59,58402.0,25.89619187616861,25.89619187616861,no_exit_48h,2024-06-27T04:00:00+00:00,60794.01,-0.008296223699520544,13,False,rsi50,2024
60,2024-06-28T20:00:00+00:00,2024-06-28T20:00:00+00:00,2024-06-29T04:00:00+00:00,2024-06-29T08:00:00+00:00,61052.3,60063.0,38.82593159646929,38.82593159646929,rsi50,2024-06-30T04:00:00+00:00,61528.01,0.0077918440419115775,6,False,rsi50,2024
61,2024-07-05T08:00:00+00:00,2024-07-05T08:00:00+00:00,2024-07-05T12:00:00+00:00,2024-07-05T16:00:00+00:00,56662.99,53900.0,27.53655285264277,27.53655285264277,rsi50,2024-07-06T20:00:00+00:00,58230.13,0.027657206229321885,8,False,rsi50,2024
62,2024-08-01T16:00:00+00:00,2024-08-01T16:00:00+00:00,2024-08-01T20:00:00+00:00,2024-08-02T00:00:00+00:00,65354.02,62302.0,32.71659413215984,32.71659413215984,stop:new_low+bb_rebreak,2024-08-02T20:00:00+00:00,61230.01,-0.06310262169029535,6,False,rsi50,2024
63,2024-08-05T12:00:00+00:00,2024-08-05T12:00:00+00:00,2024-08-06T00:00:00+00:00,2024-08-06T04:00:00+00:00,55665.73,49542.83,30.963010316627745,29.2388848170026,no_exit_48h,2024-08-08T04:00:00+00:00,57193.49,0.027445252222507266,13,False,rsi50,2024
64,2024-09-02T00:00:00+00:00,2024-09-02T00:00:00+00:00,2024-09-02T08:00:00+00:00,2024-09-02T12:00:00+00:00,58422.01,57128.0,37.253345551499095,35.9062778060966,rsi50,2024-09-02T20:00:00+00:00,59132.13,0.012155008018382096,3,False,rsi50,2024
65,2024-09-06T20:00:00+00:00,2024-09-06T20:00:00+00:00,2024-09-07T08:00:00+00:00,2024-09-07T12:00:00+00:00,54326.01,52550.0,30.06563440830233,29.429071604687408,rsi50,2024-09-09T08:00:00+00:00,55264.87,0.017281961255759537,12,False,rsi50,2024
66,2024-10-10T00:00:00+00:00,2024-10-10T00:00:00+00:00,2024-10-10T08:00:00+00:00,2024-10-10T12:00:00+00:00,61262.01,60355.0,36.01931295169814,36.01931295169814,stop:new_low+bb_rebreak,2024-10-10T16:00:00+00:00,58946.0,-0.0378049952980648,2,False,rsi50,2024
67,2024-10-10T20:00:00+00:00,2024-10-10T20:00:00+00:00,2024-10-11T08:00:00+00:00,2024-10-11T12:00:00+00:00,61174.88,59586.29,37.4990578301236,37.4990578301236,rsi50,2024-10-11T12:00:00+00:00,62259.05,0.017722470399615053,1,False,rsi50,2024
68,2024-12-10T16:00:00+00:00,2024-12-10T16:00:00+00:00,2024-12-11T00:00:00+00:00,2024-12-11T04:00:00+00:00,97398.42,94256.54,37.24691904275669,37.24691904275669,rsi50,2024-12-11T08:00:00+00:00,98292.61,0.00918074441043304,2,False,rsi50,2024
69,2025-01-13T16:00:00+00:00,2025-01-13T16:00:00+00:00,2025-01-13T20:00:00+00:00,2025-01-14T00:00:00+00:00,94536.11,91250.0,39.66906224659154,39.66906224659154,rsi50,2025-01-14T00:00:00+00:00,94861.4,0.0034409073950683045,1,False,rsi50,2025
70,2025-02-25T16:00:00+00:00,2025-02-25T16:00:00+00:00,2025-02-25T20:00:00+00:00,2025-02-26T00:00:00+00:00,88680.39,86157.69,22.855137939761136,22.855137939761136,stop:new_low,2025-02-26T12:00:00+00:00,85418.72,-0.03678005926676686,4,False,rsi50,2025
71,2025-02-26T20:00:00+00:00,2025-02-26T20:00:00+00:00,2025-02-27T00:00:00+00:00,2025-02-27T04:00:00+00:00,85226.32,82256.01,20.73576141822643,20.73576141822643,stop:new_low+bb_rebreak,2025-02-28T00:00:00+00:00,79532.0,-0.06681410155923673,6,False,rsi50,2025
72,2025-02-28T08:00:00+00:00,2025-02-28T08:00:00+00:00,2025-02-28T12:00:00+00:00,2025-02-28T16:00:00+00:00,84005.05,78258.52,27.922348009324296,27.922348009324296,rsi50,2025-03-02T04:00:00+00:00,86232.42,0.02651471548436657,10,False,rsi50,2025
73,2025-03-10T00:00:00+00:00,2025-03-10T00:00:00+00:00,2025-03-10T08:00:00+00:00,2025-03-10T12:00:00+00:00,83582.0,80037.62,34.34772362730172,34.34772362730172,stop:new_low+bb_rebreak,2025-03-10T12:00:00+00:00,79177.03,-0.05270237610968875,1,False,rsi50,2025
74,2025-04-07T08:00:00+00:00,2025-04-07T08:00:00+00:00,2025-04-07T12:00:00+00:00,2025-04-07T16:00:00+00:00,78479.91,75085.74,29.589400931833566,29.589400931833566,stop:new_low,2025-04-09T00:00:00+00:00,74620.0,-0.04918341522053227,9,False,rsi50,2025
75,2025-05-30T00:00:00+00:00,2025-05-30T00:00:00+00:00,2025-05-30T08:00:00+00:00,2025-05-30T12:00:00+00:00,105880.5,104600.5,38.26258396552857,34.0526550757252,stop:new_low,2025-05-30T16:00:00+00:00,103706.71,-0.020530598174356873,2,False,rsi50,2025
76,2025-06-06T00:00:00+00:00,2025-06-06T00:00:00+00:00,2025-06-06T08:00:00+00:00,2025-06-06T12:00:00+00:00,103927.99,101095.8,37.03219038440188,37.03219038440188,rsi50,2025-06-06T12:00:00+00:00,105092.28,0.011202853052387551,1,False,rsi50,2025
77,2025-06-13T04:00:00+00:00,2025-06-13T04:00:00+00:00,2025-06-13T20:00:00+00:00,2025-06-14T00:00:00+00:00,106066.59,103782.75,35.14446173565763,35.14446173565763,rsi50,2025-06-16T00:00:00+00:00,105921.84,-0.0013647087174198935,13,False,rsi50,2025
78,2025-10-16T20:00:00+00:00,2025-10-16T20:00:00+00:00,2025-10-17T00:00:00+00:00,2025-10-17T04:00:00+00:00,109176.74,107427.0,32.68885040774882,32.68885040774882,stop:new_low+bb_rebreak,2025-10-17T04:00:00+00:00,105542.09,-0.03329143185627281,1,False,rsi50,2025
79,2025-10-17T12:00:00+00:00,2025-10-17T12:00:00+00:00,2025-10-18T08:00:00+00:00,2025-10-18T12:00:00+00:00,107208.61,104533.21,34.974249348793336,33.98481611050006,rsi50,2025-10-19T16:00:00+00:00,108908.43,0.01585525640151464,8,False,rsi50,2025
80,2025-11-04T20:00:00+00:00,2025-11-04T20:00:00+00:00,2025-11-05T12:00:00+00:00,2025-11-05T16:00:00+00:00,103728.3,98944.36,27.94035890522086,27.94035890522086,no_exit_48h,2025-11-07T16:00:00+00:00,103395.25,-0.003210792040359345,13,False,rsi50,2025
81,2025-11-18T08:00:00+00:00,2025-11-18T08:00:00+00:00,2025-11-18T12:00:00+00:00,2025-11-18T16:00:00+00:00,92910.1,90509.79,33.38142662630017,33.38142662630017,stop:new_low,2025-11-19T04:00:00+00:00,90025.06,-0.031051952371163205,4,False,rsi50,2025
82,2025-11-21T12:00:00+00:00,2025-11-21T12:00:00+00:00,2025-11-21T16:00:00+00:00,2025-11-21T20:00:00+00:00,84209.3,80600.0,25.033689822086785,25.033689822086785,rsi50,2025-11-23T16:00:00+00:00,87325.01,0.036999595056602885,12,False,rsi50,2025
83,2025-12-01T16:00:00+00:00,2025-12-01T16:00:00+00:00,2025-12-01T20:00:00+00:00,2025-12-02T00:00:00+00:00,86286.01,84030.95,26.780196718316542,26.780196718316542,rsi50,2025-12-02T12:00:00+00:00,90850.01,0.05289385845978978,4,False,rsi50,2025
84,2025-12-16T04:00:00+00:00,2025-12-16T04:00:00+00:00,2025-12-16T08:00:00+00:00,2025-12-16T12:00:00+00:00,87261.46,85266.0,30.250866643059386,30.250866643059386,rsi50,2025-12-18T12:00:00+00:00,88513.44,0.014347456483079668,13,False,rsi50,2025
85,2026-01-26T00:00:00+00:00,2026-01-26T00:00:00+00:00,2026-01-26T04:00:00+00:00,2026-01-26T08:00:00+00:00,88000.64,86509.63,32.94892198026061,32.94892198026061,rsi50,2026-01-27T20:00:00+00:00,89250.0,0.014197169475131055,10,False,rsi50,2026
86,2026-02-03T20:00:00+00:00,2026-02-03T20:00:00+00:00,2026-02-04T00:00:00+00:00,2026-02-04T04:00:00+00:00,76698.17,74586.54,32.18979956318503,32.18979956318503,stop:new_low+bb_rebreak,2026-02-04T12:00:00+00:00,73794.11,-0.0378634848784527,3,False,rsi50,2026
87,2026-02-06T00:00:00+00:00,2026-02-06T00:00:00+00:00,2026-02-06T08:00:00+00:00,2026-02-06T12:00:00+00:00,66631.32,60000.0,18.72131568606143,18.72131568606143,rsi50,2026-02-08T08:00:00+00:00,70999.98,0.06556466238399583,12,False,rsi50,2026
88,2026-02-28T08:00:00+00:00,2026-02-28T08:00:00+00:00,2026-02-28T12:00:00+00:00,2026-02-28T16:00:00+00:00,64841.17,63372.1,34.80029468589126,34.80029468589126,rsi50,2026-02-28T16:00:00+00:00,66362.01,0.02345485129278191,1,False,rsi50,2026
89,2026-03-27T20:00:00+00:00,2026-03-27T20:00:00+00:00,2026-03-28T12:00:00+00:00,2026-03-28T16:00:00+00:00,67014.92,65817.44,30.910733333541373,30.156529352797094,stop:new_low,2026-03-29T20:00:00+00:00,65000.0,-0.03006673737728849,8,False,rsi50,2026
90,2026-04-28T12:00:00+00:00,2026-04-28T12:00:00+00:00,2026-04-29T00:00:00+00:00,2026-04-29T04:00:00+00:00,76994.77,75666.6,38.3936397542525,38.3936397542525,rsi50,2026-04-29T08:00:00+00:00,77590.03,0.007731174468083912,2,False,rsi50,2026
91,2026-05-23T12:00:00+00:00,2026-05-23T12:00:00+00:00,2026-05-23T16:00:00+00:00,2026-05-23T20:00:00+00:00,75983.45,74660.05,37.99664741004276,37.99664741004276,rsi50,2026-05-23T20:00:00+00:00,76752.01,0.010114834217187951,1,False,rsi50,2026
92,2026-06-05T16:00:00+00:00,2026-06-05T16:00:00+00:00,2026-06-05T20:00:00+00:00,2026-06-06T00:00:00+00:00,61056.47,59130.91,21.07563221304075,21.07563221304075,rsi50,2026-06-07T20:00:00+00:00,63332.01,0.03726943270713168,12,False,rsi50,2026
93,2026-06-18T16:00:00+00:00,2026-06-18T16:00:00+00:00,2026-06-19T12:00:00+00:00,2026-06-19T16:00:00+00:00,63214.01,62272.07,37.67795458193743,35.822841795538125,rsi50,2026-06-20T12:00:00+00:00,64160.04,0.014965511600988357,6,False,rsi50,2026
94,2026-07-13T20:00:00+00:00,2026-07-13T20:00:00+00:00,2026-07-14T08:00:00+00:00,2026-07-14T12:00:00+00:00,62844.99,61882.88,35.86839767664438,35.86839767664438,rsi50,2026-07-14T12:00:00+00:00,64743.99,0.030217205858414475,1,False,rsi50,2026
95,2026-09-11T00:00:00+00:00,2026-09-11T00:00:00+00:00,2026-09-11T04:00:00+00:00,2026-09-11T08:00:00+00:00,77230.7,76563.01,32.71441300904047,32.71441300904047,stop:new_low,2026-09-11T12:00:00+00:00,76046.58,-0.01533224481974127,2,False,rsi50,2026
1,2020-03-01T00:00:00+00:00,2020-03-01T00:00:00+00:00,2020-03-01T08:00:00+00:00,2020-03-01T12:00:00+00:00,8647.42,8511.11,37.659482101250696,34.91237551088909,stop:new_low,2020-03-01T16:00:00+00:00,8411.0,-0.027339946481147015,2,False,rsi52,2020
2,2020-03-09T12:00:00+00:00,2020-03-09T12:00:00+00:00,2020-03-09T16:00:00+00:00,2020-03-09T20:00:00+00:00,7842.04,7632.01,16.635616030183755,16.635616030183755,stop:new_low,2020-03-11T16:00:00+00:00,7590.0,-0.032139596329526454,12,False,rsi52,2020
3,2020-03-13T04:00:00+00:00,2020-03-13T04:00:00+00:00,2020-03-13T20:00:00+00:00,2020-03-14T00:00:00+00:00,5576.05,4674.0,24.32522796623344,23.319768996429303,no_exit_48h,2020-03-16T00:00:00+00:00,5273.34,-0.05428753328969427,13,False,rsi52,2020
4,2020-06-12T00:00:00+00:00,2020-06-12T00:00:00+00:00,2020-06-12T04:00:00+00:00,2020-06-12T08:00:00+00:00,9439.48,9232.51,33.29010973034232,33.29010973034232,no_exit_48h,2020-06-14T08:00:00+00:00,9426.34,-0.0013920258319313206,13,False,rsi52,2020
5,2020-06-25T04:00:00+00:00,2020-06-25T04:00:00+00:00,2020-06-25T08:00:00+00:00,2020-06-25T12:00:00+00:00,9255.79,9090.17,36.01664995856142,36.01664995856142,stop:new_low,2020-06-26T12:00:00+00:00,9045.45,-0.022725234690934015,7,False,rsi52,2020
6,2020-07-02T16:00:00+00:00,2020-07-02T16:00:00+00:00,2020-07-03T04:00:00+00:00,2020-07-03T08:00:00+00:00,9105.25,8940.0,37.988330598668206,37.988330598668206,rsi52,2020-07-04T20:00:00+00:00,9135.46,0.0033178660662802617,10,False,rsi52,2020
7,2020-07-16T12:00:00+00:00,2020-07-16T12:00:00+00:00,2020-07-17T08:00:00+00:00,2020-07-17T12:00:00+00:00,9138.92,9069.31,39.33165427761757,37.98114451162426,no_exit_48h,2020-07-19T12:00:00+00:00,9119.89,-0.002082302941704306,13,False,rsi52,2020
8,2020-08-11T20:00:00+00:00,2020-08-11T20:00:00+00:00,2020-08-12T12:00:00+00:00,2020-08-12T16:00:00+00:00,11581.54,11125.0,38.31785609206881,37.95879816230693,rsi52,2020-08-13T20:00:00+00:00,11780.0,0.01713589039108787,8,False,rsi52,2020
9,2020-08-22T04:00:00+00:00,2020-08-22T04:00:00+00:00,2020-08-22T20:00:00+00:00,2020-08-23T00:00:00+00:00,11663.51,11411.87,39.27153446691021,38.45774324930768,rsi52,2020-08-24T04:00:00+00:00,11758.58,0.008151062587505864,8,False,rsi52,2020
10,2020-09-04T04:00:00+00:00,2020-09-04T04:00:00+00:00,2020-09-04T08:00:00+00:00,2020-09-04T12:00:00+00:00,10422.52,10093.1,23.406765912249384,23.406765912249384,stop:new_low,2020-09-04T12:00:00+00:00,9875.5,-0.052484427950246215,1,False,rsi52,2020
11,2020-09-22T00:00:00+00:00,2020-09-22T00:00:00+00:00,2020-09-22T16:00:00+00:00,2020-09-22T20:00:00+00:00,10491.98,10353.0,34.03616153756697,31.642669367671783,stop:new_low,2020-09-23T16:00:00+00:00,10255.53,-0.022536261029853177,6,False,rsi52,2020
12,2020-12-09T08:00:00+00:00,2020-12-09T08:00:00+00:00,2020-12-09T20:00:00+00:00,2020-12-10T00:00:00+00:00,18541.29,17650.0,36.99265220536661,36.99265220536661,stop:new_low,2020-12-11T08:00:00+00:00,17572.33,-0.05225957848671803,9,False,rsi52,2020
13,2021-02-26T08:00:00+00:00,2021-02-26T08:00:00+00:00,2021-02-27T00:00:00+00:00,2021-02-27T04:00:00+00:00,47423.07,44939.19,38.83694055320289,38.83694055320289,stop:new_low,2021-02-28T00:00:00+00:00,44444.0,-0.06281900349344738,6,False,rsi52,2021
14,2021-04-18T12:00:00+00:00,2021-04-18T12:00:00+00:00,2021-04-19T00:00:00+00:00,2021-04-19T04:00:00+00:00,57030.9,53200.0,35.02046652770758,35.02046652770758,no_exit_48h,2021-04-21T04:00:00+00:00,55304.04,-0.03027937486520471,13,False,rsi52,2021
15,2021-04-22T00:00:00+00:00,2021-04-22T00:00:00+00:00,2021-04-22T08:00:00+00:00,2021-04-22T12:00:00+00:00,54866.63,52561.0,38.548093882495216,38.548093882495216,stop:new_low+bb_rebreak,2021-04-22T16:00:00+00:00,52222.17,-0.04819796659645392,2,False,rsi52,2021
16,2021-04-23T08:00:00+00:00,2021-04-23T08:00:00+00:00,2021-04-23T20:00:00+00:00,2021-04-24T00:00:00+00:00,51110.56,47500.0,35.988268947333935,35.43161319277094,stop:new_low,2021-04-25T20:00:00+00:00,46930.0,-0.08179444717490858,12,False,rsi52,2021
17,2021-05-16T00:00:00+00:00,2021-05-16T00:00:00+00:00,2021-05-16T04:00:00+00:00,2021-05-16T08:00:00+00:00,49375.28,46467.0,38.74102761683764,38.74102761683764,stop:new_low+bb_rebreak,2021-05-16T16:00:00+00:00,44444.44,-0.0998645476035781,3,False,rsi52,2021
18,2021-05-23T16:00:00+00:00,2021-05-23T16:00:00+00:00,2021-05-23T20:00:00+00:00,2021-05-24T00:00:00+00:00,34681.44,31111.01,30.360283767454877,30.360283767454877,rsi52,2021-05-24T16:00:00+00:00,39606.1,0.14199698743766098,5,False,rsi52,2021
19,2021-09-11T00:00:00+00:00,2021-09-11T00:00:00+00:00,2021-09-11T08:00:00+00:00,2021-09-11T12:00:00+00:00,45555.68,44722.22,36.24003737667735,35.42177967050323,stop:new_low,2021-09-13T00:00:00+00:00,44555.0,-0.02196608633654462,10,False,rsi52,2021
20,2021-11-19T08:00:00+00:00,2021-11-19T08:00:00+00:00,2021-11-19T12:00:00+00:00,2021-11-19T16:00:00+00:00,57887.96,55986.05,31.886365867046905,31.886365867046905,rsi52,2021-11-20T20:00:00+00:00,59707.51,0.031432270199191814,8,False,rsi52,2021
21,2021-12-04T12:00:00+00:00,2021-12-04T12:00:00+00:00,2021-12-04T16:00:00+00:00,2021-12-04T20:00:00+00:00,49249.99,46489.66,26.371511664503544,26.371511664503544,no_exit_48h,2021-12-06T20:00:00+00:00,50441.92,0.024201629279518633,13,False,rsi52,2021
22,2021-12-13T20:00:00+00:00,2021-12-13T20:00:00+00:00,2021-12-14T08:00:00+00:00,2021-12-14T12:00:00+00:00,47617.99,46214.13,35.3950188821331,35.3950188821331,rsi52,2021-12-15T16:00:00+00:00,48674.9,0.022195602964341976,8,False,rsi52,2021
23,2021-12-31T20:00:00+00:00,2021-12-31T20:00:00+00:00,2022-01-01T00:00:00+00:00,2022-01-01T04:00:00+00:00,46813.21,45678.0,37.68546373721937,37.68546373721937,no_exit_48h,2022-01-03T04:00:00+00:00,47051.37,0.005087452879219523,13,False,rsi52,2022
24,2022-01-06T12:00:00+00:00,2022-01-06T12:00:00+00:00,2022-01-06T16:00:00+00:00,2022-01-06T20:00:00+00:00,43438.11,42632.44,28.6553022891905,28.6553022891905,stop:new_low,2022-01-07T00:00:00+00:00,41577.77,-0.04282736979118118,2,False,rsi52,2022
25,2022-02-12T04:00:00+00:00,2022-02-12T04:00:00+00:00,2022-02-12T16:00:00+00:00,2022-02-12T20:00:00+00:00,42662.47,41688.88,39.55251646889326,39.55251646889326,stop:new_low,2022-02-14T00:00:00+00:00,41550.56,-0.026062954160882,8,False,rsi52,2022
26,2022-02-22T04:00:00+00:00,2022-02-22T04:00:00+00:00,2022-02-22T08:00:00+00:00,2022-02-22T12:00:00+00:00,37519.47,36515.87,31.76061041807661,31.76061041807661,stop:new_low+bb_rebreak,2022-02-24T00:00:00+00:00,34720.53,-0.07459966785245109,10,False,rsi52,2022
27,2022-02-24T08:00:00+00:00,2022-02-24T08:00:00+00:00,2022-02-24T16:00:00+00:00,2022-02-24T20:00:00+00:00,37300.0,34818.09,33.32478188920051,33.32478188920051,rsi52,2022-02-24T20:00:00+00:00,38327.21,0.027539142091152824,1,False,rsi52,2022
28,2022-03-05T04:00:00+00:00,2022-03-05T04:00:00+00:00,2022-03-05T16:00:00+00:00,2022-03-05T20:00:00+00:00,39433.71,38407.59,29.190983343326337,29.190983343326337,stop:new_low,2022-03-06T08:00:00+00:00,38088.57,-0.03411142395681255,4,False,rsi52,2022
29,2022-03-07T20:00:00+00:00,2022-03-07T20:00:00+00:00,2022-03-08T00:00:00+00:00,2022-03-08T04:00:00+00:00,38696.56,37155.0,39.25956684978238,39.25956684978238,rsi52,2022-03-09T00:00:00+00:00,41217.73,0.06515230294372443,6,False,rsi52,2022
30,2022-04-25T08:00:00+00:00,2022-04-25T08:00:00+00:00,2022-04-25T16:00:00+00:00,2022-04-25T20:00:00+00:00,40225.98,38209.36,36.07427830485599,36.07427830485599,rsi52,2022-04-25T20:00:00+00:00,40426.08,0.0049743971433386935,1,False,rsi52,2022
31,2022-05-01T00:00:00+00:00,2022-05-01T00:00:00+00:00,2022-05-01T12:00:00+00:00,2022-05-01T16:00:00+00:00,38490.01,37386.38,39.16549655704332,38.179643525229,rsi52,2022-05-02T04:00:00+00:00,38881.47,0.010170431236572686,4,False,rsi52,2022
32,2022-05-12T04:00:00+00:00,2022-05-12T04:00:00+00:00,2022-05-12T12:00:00+00:00,2022-05-12T16:00:00+00:00,29021.26,26700.0,22.9374530900386,22.9374530900386,no_exit_48h,2022-05-14T16:00:00+00:00,29338.78,0.01094094467297424,13,False,rsi52,2022
33,2022-06-14T00:00:00+00:00,2022-06-14T00:00:00+00:00,2022-06-14T04:00:00+00:00,2022-06-14T08:00:00+00:00,22877.52,20846.0,12.405168424371835,12.405168424371835,stop:new_low,2022-06-15T04:00:00+00:00,20652.18,-0.09727190709482492,6,False,rsi52,2022
34,2022-06-18T20:00:00+00:00,2022-06-18T20:00:00+00:00,2022-06-19T08:00:00+00:00,2022-06-19T12:00:00+00:00,19692.49,17622.0,32.074860386957965,28.769117696787877,rsi52,2022-06-20T08:00:00+00:00,20801.79,0.056331119122061235,6,False,rsi52,2022
35,2022-08-17T20:00:00+00:00,2022-08-17T20:00:00+00:00,2022-08-18T08:00:00+00:00,2022-08-18T12:00:00+00:00,23534.43,23180.4,36.10844184742907,36.10844184742907,stop:new_low,2022-08-18T20:00:00+00:00,23111.04,-0.017990238131962433,3,False,rsi52,2022
36,2022-08-20T00:00:00+00:00,2022-08-20T00:00:00+00:00,2022-08-20T12:00:00+00:00,2022-08-20T16:00:00+00:00,21300.5,20792.92,21.99504849577468,21.99504849577468,stop:new_low,2022-08-20T20:00:00+00:00,20761.9,-0.02528579141334708,2,False,rsi52,2022
37,2022-09-07T04:00:00+00:00,2022-09-07T04:00:00+00:00,2022-09-07T16:00:00+00:00,2022-09-07T20:00:00+00:00,18992.37,18671.22,28.635886199075088,27.73399917653458,rsi52,2022-09-09T00:00:00+00:00,19950.73,0.050460263779612546,8,False,rsi52,2022
38,2022-09-19T12:00:00+00:00,2022-09-19T12:00:00+00:00,2022-09-19T16:00:00+00:00,2022-09-19T20:00:00+00:00,19514.8,18676.47,38.10572748272779,38.10572748272779,stop:new_low,2022-09-21T16:00:00+00:00,18666.0,-0.043495193391682174,12,False,rsi52,2022
39,2022-10-11T04:00:00+00:00,2022-10-11T04:00:00+00:00,2022-10-11T08:00:00+00:00,2022-10-11T12:00:00+00:00,19153.68,19010.0,29.697273578178923,29.697273578178923,stop:new_low,2022-10-11T12:00:00+00:00,18860.0,-0.015332823770680126,1,False,rsi52,2022
40,2022-10-13T12:00:00+00:00,2022-10-13T12:00:00+00:00,2022-10-13T16:00:00+00:00,2022-10-13T20:00:00+00:00,19369.94,18190.0,38.86502735802421,38.86502735802421,rsi52,2022-10-13T20:00:00+00:00,19375.13,0.00026794094354465336,1,False,rsi52,2022
41,2022-11-28T16:00:00+00:00,2022-11-28T16:00:00+00:00,2022-11-29T00:00:00+00:00,2022-11-29T04:00:00+00:00,16287.53,15995.27,39.10233402693478,38.56772469639564,rsi52,2022-11-29T04:00:00+00:00,16463.31,0.010792305524533141,1,False,rsi52,2022
42,2022-12-17T00:00:00+00:00,2022-12-17T00:00:00+00:00,2022-12-17T20:00:00+00:00,2022-12-18T00:00:00+00:00,16777.54,16579.85,29.34155530188231,29.34155530188231,stop:new_low+bb_rebreak,2022-12-19T16:00:00+00:00,16505.0,-0.016244336178009466,11,False,rsi52,2022
43,2023-02-06T04:00:00+00:00,2023-02-06T04:00:00+00:00,2023-02-06T12:00:00+00:00,2023-02-06T16:00:00+00:00,23042.86,22628.13,34.40110867473193,34.35845394984278,rsi52,2023-02-07T20:00:00+00:00,23240.46,0.008575324417194663,8,False,rsi52,2023
44,2023-02-22T16:00:00+00:00,2023-02-22T16:00:00+00:00,2023-02-22T20:00:00+00:00,2023-02-23T00:00:00+00:00,24182.21,23574.69,38.34747254245966,38.34747254245966,rsi52,2023-02-23T00:00:00+00:00,24454.85,0.011274403786916132,1,False,rsi52,2023
45,2023-03-10T12:00:00+00:00,2023-03-10T12:00:00+00:00,2023-03-10T20:00:00+00:00,2023-03-11T00:00:00+00:00,20150.69,19657.11,18.92571035710752,18.92571035710752,rsi52,2023-03-12T20:00:00+00:00,21997.11,0.09163060917516974,12,False,rsi52,2023
46,2023-05-01T20:00:00+00:00,2023-05-01T20:00:00+00:00,2023-05-02T12:00:00+00:00,2023-05-02T16:00:00+00:00,28540.69,27666.95,37.083030236314414,36.76253452436808,rsi52,2023-05-03T20:00:00+00:00,29026.16,0.01700974993947235,8,False,rsi52,2023
47,2023-06-10T16:00:00+00:00,2023-06-10T16:00:00+00:00,2023-06-11T16:00:00+00:00,2023-06-11T20:00:00+00:00,26030.89,25358.0,36.48261514287007,36.48261514287007,rsi52,2023-06-13T08:00:00+00:00,26191.81,0.006181886212880183,10,False,rsi52,2023
48,2023-06-15T12:00:00+00:00,2023-06-15T12:00:00+00:00,2023-06-15T16:00:00+00:00,2023-06-15T20:00:00+00:00,25455.49,24921.11,28.68660592270838,28.68660592270838,rsi52,2023-06-16T12:00:00+00:00,25840.01,0.015105582332141099,5,False,rsi52,2023
49,2023-08-01T12:00:00+00:00,2023-08-01T12:00:00+00:00,2023-08-01T16:00:00+00:00,2023-08-01T20:00:00+00:00,29274.42,28585.7,39.77156949784722,39.77156949784722,rsi52,2023-08-01T20:00:00+00:00,29705.99,0.014742222049147546,1,False,rsi52,2023
50,2023-08-22T20:00:00+00:00,2023-08-22T20:00:00+00:00,2023-08-23T12:00:00+00:00,2023-08-23T16:00:00+00:00,26143.99,25300.0,39.62698732650807,37.174632552239245,rsi52,2023-08-23T16:00:00+00:00,26632.0,0.018666240309914484,1,False,rsi52,2023
51,2023-09-25T12:00:00+00:00,2023-09-25T12:00:00+00:00,2023-09-26T00:00:00+00:00,2023-09-26T04:00:00+00:00,26353.87,25990.46,37.38715927801317,37.38715927801317,rsi52,2023-09-27T08:00:00+00:00,26766.7,0.015664871990337836,8,False,rsi52,2023
52,2023-11-15T04:00:00+00:00,2023-11-15T04:00:00+00:00,2023-11-15T08:00:00+00:00,2023-11-15T12:00:00+00:00,36240.95,35375.38,35.77132794759568,35.77132794759568,rsi52,2023-11-15T16:00:00+00:00,37499.99,0.03474081115423311,2,False,rsi52,2023
53,2023-11-27T16:00:00+00:00,2023-11-27T16:00:00+00:00,2023-11-27T20:00:00+00:00,2023-11-28T00:00:00+00:00,37242.7,36707.0,38.37516648549765,38.37516648549765,rsi52,2023-11-28T12:00:00+00:00,37513.19,0.007262899843459403,4,False,rsi52,2023
54,2023-12-11T20:00:00+00:00,2023-12-11T20:00:00+00:00,2023-12-12T00:00:00+00:00,2023-12-12T04:00:00+00:00,41735.29,40554.0,32.70183827749268,32.70183827749268,rsi52,2023-12-13T16:00:00+00:00,42734.01,0.023929868463834936,10,False,rsi52,2023
55,2023-12-18T08:00:00+00:00,2023-12-18T08:00:00+00:00,2023-12-18T16:00:00+00:00,2023-12-18T20:00:00+00:00,41701.11,40542.93,36.912420836571314,36.912420836571314,rsi52,2023-12-18T20:00:00+00:00,42657.8,0.022941595559446748,1,False,rsi52,2023
56,2023-12-26T20:00:00+00:00,2023-12-26T20:00:00+00:00,2023-12-27T08:00:00+00:00,2023-12-27T12:00:00+00:00,43019.11,42055.0,39.34372250076514,36.00979502351877,rsi52,2023-12-27T20:00:00+00:00,43428.85,0.009524604297950434,3,False,rsi52,2023
57,2024-04-17T16:00:00+00:00,2024-04-17T16:00:00+00:00,2024-04-18T00:00:00+00:00,2024-04-18T04:00:00+00:00,61987.99,59678.16,35.178931954265764,35.178931954265764,stop:new_low,2024-04-19T00:00:00+00:00,59600.01,-0.03852326878158163,6,False,rsi52,2024
58,2024-06-11T16:00:00+00:00,2024-06-11T16:00:00+00:00,2024-06-12T08:00:00+00:00,2024-06-12T12:00:00+00:00,67778.43,66161.26,36.7703845353237,36.19857247896167,rsi52,2024-06-12T12:00:00+00:00,69734.0,0.02885239448597443,1,False,rsi52,2024
59,2024-06-24T20:00:00+00:00,2024-06-24T20:00:00+00:00,2024-06-25T00:00:00+00:00,2024-06-25T04:00:00+00:00,61302.59,58402.0,25.89619187616861,25.89619187616861,no_exit_48h,2024-06-27T04:00:00+00:00,60794.01,-0.008296223699520544,13,False,rsi52,2024
60,2024-06-28T20:00:00+00:00,2024-06-28T20:00:00+00:00,2024-06-29T04:00:00+00:00,2024-06-29T08:00:00+00:00,61052.3,60063.0,38.82593159646929,38.82593159646929,rsi52,2024-06-30T04:00:00+00:00,61528.01,0.0077918440419115775,6,False,rsi52,2024
61,2024-07-05T08:00:00+00:00,2024-07-05T08:00:00+00:00,2024-07-05T12:00:00+00:00,2024-07-05T16:00:00+00:00,56662.99,53900.0,27.53655285264277,27.53655285264277,no_exit_48h,2024-07-07T16:00:00+00:00,57151.1,0.008614264796121818,13,False,rsi52,2024
62,2024-08-01T16:00:00+00:00,2024-08-01T16:00:00+00:00,2024-08-01T20:00:00+00:00,2024-08-02T00:00:00+00:00,65354.02,62302.0,32.71659413215984,32.71659413215984,stop:new_low+bb_rebreak,2024-08-02T20:00:00+00:00,61230.01,-0.06310262169029535,6,False,rsi52,2024
63,2024-08-05T12:00:00+00:00,2024-08-05T12:00:00+00:00,2024-08-06T00:00:00+00:00,2024-08-06T04:00:00+00:00,55665.73,49542.83,30.963010316627745,29.2388848170026,no_exit_48h,2024-08-08T04:00:00+00:00,57193.49,0.027445252222507266,13,False,rsi52,2024
64,2024-09-02T00:00:00+00:00,2024-09-02T00:00:00+00:00,2024-09-02T08:00:00+00:00,2024-09-02T12:00:00+00:00,58422.01,57128.0,37.253345551499095,35.9062778060966,rsi52,2024-09-02T20:00:00+00:00,59132.13,0.012155008018382096,3,False,rsi52,2024
65,2024-09-06T20:00:00+00:00,2024-09-06T20:00:00+00:00,2024-09-07T08:00:00+00:00,2024-09-07T12:00:00+00:00,54326.01,52550.0,30.06563440830233,29.429071604687408,no_exit_48h,2024-09-09T12:00:00+00:00,55386.0,0.019511648287809047,13,False,rsi52,2024
66,2024-10-10T00:00:00+00:00,2024-10-10T00:00:00+00:00,2024-10-10T08:00:00+00:00,2024-10-10T12:00:00+00:00,61262.01,60355.0,36.01931295169814,36.01931295169814,stop:new_low+bb_rebreak,2024-10-10T16:00:00+00:00,58946.0,-0.0378049952980648,2,False,rsi52,2024
67,2024-10-10T20:00:00+00:00,2024-10-10T20:00:00+00:00,2024-10-11T08:00:00+00:00,2024-10-11T12:00:00+00:00,61174.88,59586.29,37.4990578301236,37.4990578301236,rsi52,2024-10-11T12:00:00+00:00,62259.05,0.017722470399615053,1,False,rsi52,2024
68,2024-12-10T16:00:00+00:00,2024-12-10T16:00:00+00:00,2024-12-11T00:00:00+00:00,2024-12-11T04:00:00+00:00,97398.42,94256.54,37.24691904275669,37.24691904275669,rsi52,2024-12-11T12:00:00+00:00,100361.64,0.030423696811508805,3,False,rsi52,2024
69,2025-01-13T16:00:00+00:00,2025-01-13T16:00:00+00:00,2025-01-13T20:00:00+00:00,2025-01-14T00:00:00+00:00,94536.11,91250.0,39.66906224659154,39.66906224659154,rsi52,2025-01-14T00:00:00+00:00,94861.4,0.0034409073950683045,1,False,rsi52,2025
70,2025-02-25T16:00:00+00:00,2025-02-25T16:00:00+00:00,2025-02-25T20:00:00+00:00,2025-02-26T00:00:00+00:00,88680.39,86157.69,22.855137939761136,22.855137939761136,stop:new_low,2025-02-26T12:00:00+00:00,85418.72,-0.03678005926676686,4,False,rsi52,2025
71,2025-02-26T20:00:00+00:00,2025-02-26T20:00:00+00:00,2025-02-27T00:00:00+00:00,2025-02-27T04:00:00+00:00,85226.32,82256.01,20.73576141822643,20.73576141822643,stop:new_low+bb_rebreak,2025-02-28T00:00:00+00:00,79532.0,-0.06681410155923673,6,False,rsi52,2025
72,2025-02-28T08:00:00+00:00,2025-02-28T08:00:00+00:00,2025-02-28T12:00:00+00:00,2025-02-28T16:00:00+00:00,84005.05,78258.52,27.922348009324296,27.922348009324296,rsi52,2025-03-02T12:00:00+00:00,87427.99,0.040746836053308755,12,False,rsi52,2025
73,2025-03-10T00:00:00+00:00,2025-03-10T00:00:00+00:00,2025-03-10T08:00:00+00:00,2025-03-10T12:00:00+00:00,83582.0,80037.62,34.34772362730172,34.34772362730172,stop:new_low+bb_rebreak,2025-03-10T12:00:00+00:00,79177.03,-0.05270237610968875,1,False,rsi52,2025
74,2025-04-07T08:00:00+00:00,2025-04-07T08:00:00+00:00,2025-04-07T12:00:00+00:00,2025-04-07T16:00:00+00:00,78479.91,75085.74,29.589400931833566,29.589400931833566,stop:new_low,2025-04-09T00:00:00+00:00,74620.0,-0.04918341522053227,9,False,rsi52,2025
75,2025-05-30T00:00:00+00:00,2025-05-30T00:00:00+00:00,2025-05-30T08:00:00+00:00,2025-05-30T12:00:00+00:00,105880.5,104600.5,38.26258396552857,34.0526550757252,stop:new_low,2025-05-30T16:00:00+00:00,103706.71,-0.020530598174356873,2,False,rsi52,2025
76,2025-06-06T00:00:00+00:00,2025-06-06T00:00:00+00:00,2025-06-06T08:00:00+00:00,2025-06-06T12:00:00+00:00,103927.99,101095.8,37.03219038440188,37.03219038440188,rsi52,2025-06-06T12:00:00+00:00,105092.28,0.011202853052387551,1,False,rsi52,2025
77,2025-06-13T04:00:00+00:00,2025-06-13T04:00:00+00:00,2025-06-13T20:00:00+00:00,2025-06-14T00:00:00+00:00,106066.59,103782.75,35.14446173565763,35.14446173565763,no_exit_48h,2025-06-16T00:00:00+00:00,105921.84,-0.0013647087174198935,13,False,rsi52,2025
78,2025-10-16T20:00:00+00:00,2025-10-16T20:00:00+00:00,2025-10-17T00:00:00+00:00,2025-10-17T04:00:00+00:00,109176.74,107427.0,32.68885040774882,32.68885040774882,stop:new_low+bb_rebreak,2025-10-17T04:00:00+00:00,105542.09,-0.03329143185627281,1,False,rsi52,2025
79,2025-10-17T12:00:00+00:00,2025-10-17T12:00:00+00:00,2025-10-18T08:00:00+00:00,2025-10-18T12:00:00+00:00,107208.61,104533.21,34.974249348793336,33.98481611050006,rsi52,2025-10-20T00:00:00+00:00,110145.44,0.027393602062371736,10,False,rsi52,2025
80,2025-11-04T20:00:00+00:00,2025-11-04T20:00:00+00:00,2025-11-05T12:00:00+00:00,2025-11-05T16:00:00+00:00,103728.3,98944.36,27.94035890522086,27.94035890522086,no_exit_48h,2025-11-07T16:00:00+00:00,103395.25,-0.003210792040359345,13,False,rsi52,2025
81,2025-11-18T08:00:00+00:00,2025-11-18T08:00:00+00:00,2025-11-18T12:00:00+00:00,2025-11-18T16:00:00+00:00,92910.1,90509.79,33.38142662630017,33.38142662630017,stop:new_low,2025-11-19T04:00:00+00:00,90025.06,-0.031051952371163205,4,False,rsi52,2025
82,2025-11-21T12:00:00+00:00,2025-11-21T12:00:00+00:00,2025-11-21T16:00:00+00:00,2025-11-21T20:00:00+00:00,84209.3,80600.0,25.033689822086785,25.033689822086785,no_exit_48h,2025-11-23T20:00:00+00:00,86830.0,0.031121265703431877,13,False,rsi52,2025
83,2025-12-01T16:00:00+00:00,2025-12-01T16:00:00+00:00,2025-12-01T20:00:00+00:00,2025-12-02T00:00:00+00:00,86286.01,84030.95,26.780196718316542,26.780196718316542,rsi52,2025-12-02T12:00:00+00:00,90850.01,0.05289385845978978,4,False,rsi52,2025
84,2025-12-16T04:00:00+00:00,2025-12-16T04:00:00+00:00,2025-12-16T08:00:00+00:00,2025-12-16T12:00:00+00:00,87261.46,85266.0,30.250866643059386,30.250866643059386,rsi52,2025-12-18T12:00:00+00:00,88513.44,0.014347456483079668,13,False,rsi52,2025
85,2026-01-26T00:00:00+00:00,2026-01-26T00:00:00+00:00,2026-01-26T04:00:00+00:00,2026-01-26T08:00:00+00:00,88000.64,86509.63,32.94892198026061,32.94892198026061,rsi52,2026-01-27T20:00:00+00:00,89250.0,0.014197169475131055,10,False,rsi52,2026
86,2026-02-03T20:00:00+00:00,2026-02-03T20:00:00+00:00,2026-02-04T00:00:00+00:00,2026-02-04T04:00:00+00:00,76698.17,74586.54,32.18979956318503,32.18979956318503,stop:new_low+bb_rebreak,2026-02-04T12:00:00+00:00,73794.11,-0.0378634848784527,3,False,rsi52,2026
87,2026-02-06T00:00:00+00:00,2026-02-06T00:00:00+00:00,2026-02-06T08:00:00+00:00,2026-02-06T12:00:00+00:00,66631.32,60000.0,18.72131568606143,18.72131568606143,no_exit_48h,2026-02-08T12:00:00+00:00,71188.99,0.06840131637794356,13,False,rsi52,2026
88,2026-02-28T08:00:00+00:00,2026-02-28T08:00:00+00:00,2026-02-28T12:00:00+00:00,2026-02-28T16:00:00+00:00,64841.17,63372.1,34.80029468589126,34.80029468589126,rsi52,2026-02-28T20:00:00+00:00,66973.26,0.03288173239316938,2,False,rsi52,2026
89,2026-03-27T20:00:00+00:00,2026-03-27T20:00:00+00:00,2026-03-28T12:00:00+00:00,2026-03-28T16:00:00+00:00,67014.92,65817.44,30.910733333541373,30.156529352797094,stop:new_low,2026-03-29T20:00:00+00:00,65000.0,-0.03006673737728849,8,False,rsi52,2026
90,2026-04-28T12:00:00+00:00,2026-04-28T12:00:00+00:00,2026-04-29T00:00:00+00:00,2026-04-29T04:00:00+00:00,76994.77,75666.6,38.3936397542525,38.3936397542525,rsi52,2026-04-29T08:00:00+00:00,77590.03,0.007731174468083912,2,False,rsi52,2026
91,2026-05-23T12:00:00+00:00,2026-05-23T12:00:00+00:00,2026-05-23T16:00:00+00:00,2026-05-23T20:00:00+00:00,75983.45,74660.05,37.99664741004276,37.99664741004276,rsi52,2026-05-24T08:00:00+00:00,77320.06,0.01759080431330773,4,False,rsi52,2026
92,2026-06-05T16:00:00+00:00,2026-06-05T16:00:00+00:00,2026-06-05T20:00:00+00:00,2026-06-06T00:00:00+00:00,61056.47,59130.91,21.07563221304075,21.07563221304075,no_exit_48h,2026-06-08T00:00:00+00:00,63130.12,0.03396282163053321,13,False,rsi52,2026
93,2026-06-18T16:00:00+00:00,2026-06-18T16:00:00+00:00,2026-06-19T12:00:00+00:00,2026-06-19T16:00:00+00:00,63214.01,62272.07,37.67795458193743,35.822841795538125,rsi52,2026-06-20T12:00:00+00:00,64160.04,0.014965511600988357,6,False,rsi52,2026
94,2026-07-13T20:00:00+00:00,2026-07-13T20:00:00+00:00,2026-07-14T08:00:00+00:00,2026-07-14T12:00:00+00:00,62844.99,61882.88,35.86839767664438,35.86839767664438,rsi52,2026-07-14T12:00:00+00:00,64743.99,0.030217205858414475,1,False,rsi52,2026
95,2026-09-11T00:00:00+00:00,2026-09-11T00:00:00+00:00,2026-09-11T04:00:00+00:00,2026-09-11T08:00:00+00:00,77230.7,76563.01,32.71441300904047,32.71441300904047,stop:new_low,2026-09-11T12:00:00+00:00,76046.58,-0.01533224481974127,2,False,rsi52,2026
1,2020-03-01T00:00:00+00:00,2020-03-01T00:00:00+00:00,2020-03-01T08:00:00+00:00,2020-03-01T12:00:00+00:00,8647.42,8511.11,37.659482101250696,34.91237551088909,stop:new_low,2020-03-01T16:00:00+00:00,8411.0,-0.027339946481147015,2,False,bb_mid,2020
2,2020-03-09T12:00:00+00:00,2020-03-09T12:00:00+00:00,2020-03-09T16:00:00+00:00,2020-03-09T20:00:00+00:00,7842.04,7632.01,16.635616030183755,16.635616030183755,stop:new_low,2020-03-11T16:00:00+00:00,7590.0,-0.032139596329526454,12,False,bb_mid,2020
3,2020-03-13T04:00:00+00:00,2020-03-13T04:00:00+00:00,2020-03-13T20:00:00+00:00,2020-03-14T00:00:00+00:00,5576.05,4674.0,24.32522796623344,23.319768996429303,no_exit_48h,2020-03-16T00:00:00+00:00,5273.34,-0.05428753328969427,13,False,bb_mid,2020
4,2020-06-12T00:00:00+00:00,2020-06-12T00:00:00+00:00,2020-06-12T04:00:00+00:00,2020-06-12T08:00:00+00:00,9439.48,9232.51,33.29010973034232,33.29010973034232,no_exit_48h,2020-06-14T08:00:00+00:00,9426.34,-0.0013920258319313206,13,False,bb_mid,2020
5,2020-06-25T04:00:00+00:00,2020-06-25T04:00:00+00:00,2020-06-25T08:00:00+00:00,2020-06-25T12:00:00+00:00,9255.79,9090.17,36.01664995856142,36.01664995856142,stop:new_low,2020-06-26T12:00:00+00:00,9045.45,-0.022725234690934015,7,False,bb_mid,2020
6,2020-07-02T16:00:00+00:00,2020-07-02T16:00:00+00:00,2020-07-03T04:00:00+00:00,2020-07-03T08:00:00+00:00,9105.25,8940.0,37.988330598668206,37.988330598668206,bb_mid,2020-07-04T16:00:00+00:00,9129.31,0.0026424315642075147,9,False,bb_mid,2020
7,2020-07-16T12:00:00+00:00,2020-07-16T12:00:00+00:00,2020-07-17T08:00:00+00:00,2020-07-17T12:00:00+00:00,9138.92,9069.31,39.33165427761757,37.98114451162426,bb_mid,2020-07-18T08:00:00+00:00,9159.9,0.002295676075509956,6,False,bb_mid,2020
8,2020-08-11T20:00:00+00:00,2020-08-11T20:00:00+00:00,2020-08-12T12:00:00+00:00,2020-08-12T16:00:00+00:00,11581.54,11125.0,38.31785609206881,37.95879816230693,bb_mid,2020-08-13T20:00:00+00:00,11780.0,0.01713589039108787,8,False,bb_mid,2020
9,2020-08-22T04:00:00+00:00,2020-08-22T04:00:00+00:00,2020-08-22T20:00:00+00:00,2020-08-23T00:00:00+00:00,11663.51,11411.87,39.27153446691021,38.45774324930768,bb_mid,2020-08-23T16:00:00+00:00,11684.97,0.0018399264029438367,5,False,bb_mid,2020
10,2020-09-04T04:00:00+00:00,2020-09-04T04:00:00+00:00,2020-09-04T08:00:00+00:00,2020-09-04T12:00:00+00:00,10422.52,10093.1,23.406765912249384,23.406765912249384,stop:new_low,2020-09-04T12:00:00+00:00,9875.5,-0.052484427950246215,1,False,bb_mid,2020
11,2020-09-22T00:00:00+00:00,2020-09-22T00:00:00+00:00,2020-09-22T16:00:00+00:00,2020-09-22T20:00:00+00:00,10491.98,10353.0,34.03616153756697,31.642669367671783,stop:new_low,2020-09-23T16:00:00+00:00,10255.53,-0.022536261029853177,6,False,bb_mid,2020
12,2020-12-09T08:00:00+00:00,2020-12-09T08:00:00+00:00,2020-12-09T20:00:00+00:00,2020-12-10T00:00:00+00:00,18541.29,17650.0,36.99265220536661,36.99265220536661,stop:new_low,2020-12-11T08:00:00+00:00,17572.33,-0.05225957848671803,9,False,bb_mid,2020
13,2021-02-26T08:00:00+00:00,2021-02-26T08:00:00+00:00,2021-02-27T00:00:00+00:00,2021-02-27T04:00:00+00:00,47423.07,44939.19,38.83694055320289,38.83694055320289,stop:new_low,2021-02-28T00:00:00+00:00,44444.0,-0.06281900349344738,6,False,bb_mid,2021
14,2021-04-18T12:00:00+00:00,2021-04-18T12:00:00+00:00,2021-04-19T00:00:00+00:00,2021-04-19T04:00:00+00:00,57030.9,53200.0,35.02046652770758,35.02046652770758,bb_mid,2021-04-20T16:00:00+00:00,56572.44,-0.008038800018937087,10,False,bb_mid,2021
15,2021-04-22T00:00:00+00:00,2021-04-22T00:00:00+00:00,2021-04-22T08:00:00+00:00,2021-04-22T12:00:00+00:00,54866.63,52561.0,38.548093882495216,38.548093882495216,stop:new_low+bb_rebreak,2021-04-22T16:00:00+00:00,52222.17,-0.04819796659645392,2,False,bb_mid,2021
16,2021-04-23T08:00:00+00:00,2021-04-23T08:00:00+00:00,2021-04-23T20:00:00+00:00,2021-04-24T00:00:00+00:00,51110.56,47500.0,35.988268947333935,35.43161319277094,stop:new_low,2021-04-25T20:00:00+00:00,46930.0,-0.08179444717490858,12,False,bb_mid,2021
17,2021-05-16T00:00:00+00:00,2021-05-16T00:00:00+00:00,2021-05-16T04:00:00+00:00,2021-05-16T08:00:00+00:00,49375.28,46467.0,38.74102761683764,38.74102761683764,stop:new_low+bb_rebreak,2021-05-16T16:00:00+00:00,44444.44,-0.0998645476035781,3,False,bb_mid,2021
18,2021-05-23T16:00:00+00:00,2021-05-23T16:00:00+00:00,2021-05-23T20:00:00+00:00,2021-05-24T00:00:00+00:00,34681.44,31111.01,30.360283767454877,30.360283767454877,bb_mid,2021-05-24T08:00:00+00:00,37600.01,0.08415365682624487,3,False,bb_mid,2021
19,2021-09-11T00:00:00+00:00,2021-09-11T00:00:00+00:00,2021-09-11T08:00:00+00:00,2021-09-11T12:00:00+00:00,45555.68,44722.22,36.24003737667735,35.42177967050323,bb_mid,2021-09-12T08:00:00+00:00,46085.9,0.011638943815568181,6,False,bb_mid,2021
20,2021-11-19T08:00:00+00:00,2021-11-19T08:00:00+00:00,2021-11-19T12:00:00+00:00,2021-11-19T16:00:00+00:00,57887.96,55986.05,31.886365867046905,31.886365867046905,bb_mid,2021-11-20T08:00:00+00:00,58625.67,0.012743755350853592,5,False,bb_mid,2021
21,2021-12-04T12:00:00+00:00,2021-12-04T12:00:00+00:00,2021-12-04T16:00:00+00:00,2021-12-04T20:00:00+00:00,49249.99,46489.66,26.371511664503544,26.371511664503544,bb_mid,2021-12-06T20:00:00+00:00,50441.92,0.024201629279518633,13,False,bb_mid,2021
22,2021-12-13T20:00:00+00:00,2021-12-13T20:00:00+00:00,2021-12-14T08:00:00+00:00,2021-12-14T12:00:00+00:00,47617.99,46214.13,35.3950188821331,35.3950188821331,bb_mid,2021-12-14T20:00:00+00:00,48343.28,0.01523142829002233,3,False,bb_mid,2021
23,2021-12-31T20:00:00+00:00,2021-12-31T20:00:00+00:00,2022-01-01T00:00:00+00:00,2022-01-01T04:00:00+00:00,46813.21,45678.0,37.68546373721937,37.68546373721937,bb_mid,2022-01-01T12:00:00+00:00,47219.04,0.008669134203785678,3,False,bb_mid,2022
24,2022-01-06T12:00:00+00:00,2022-01-06T12:00:00+00:00,2022-01-06T16:00:00+00:00,2022-01-06T20:00:00+00:00,43438.11,42632.44,28.6553022891905,28.6553022891905,stop:new_low,2022-01-07T00:00:00+00:00,41577.77,-0.04282736979118118,2,False,bb_mid,2022
25,2022-02-12T04:00:00+00:00,2022-02-12T04:00:00+00:00,2022-02-12T16:00:00+00:00,2022-02-12T20:00:00+00:00,42662.47,41688.88,39.55251646889326,39.55251646889326,stop:new_low,2022-02-14T00:00:00+00:00,41550.56,-0.026062954160882,8,False,bb_mid,2022
26,2022-02-22T04:00:00+00:00,2022-02-22T04:00:00+00:00,2022-02-22T08:00:00+00:00,2022-02-22T12:00:00+00:00,37519.47,36515.87,31.76061041807661,31.76061041807661,bb_mid,2022-02-23T04:00:00+00:00,38151.17,0.016836591774883836,5,False,bb_mid,2022
27,2022-02-24T08:00:00+00:00,2022-02-24T08:00:00+00:00,2022-02-24T16:00:00+00:00,2022-02-24T20:00:00+00:00,37300.0,34818.09,33.32478188920051,33.32478188920051,bb_mid,2022-02-24T20:00:00+00:00,38327.21,0.027539142091152824,1,False,bb_mid,2022
28,2022-03-05T04:00:00+00:00,2022-03-05T04:00:00+00:00,2022-03-05T16:00:00+00:00,2022-03-05T20:00:00+00:00,39433.71,38407.59,29.190983343326337,29.190983343326337,stop:new_low,2022-03-06T08:00:00+00:00,38088.57,-0.03411142395681255,4,False,bb_mid,2022
29,2022-03-07T20:00:00+00:00,2022-03-07T20:00:00+00:00,2022-03-08T00:00:00+00:00,2022-03-08T04:00:00+00:00,38696.56,37155.0,39.25956684978238,39.25956684978238,bb_mid,2022-03-08T08:00:00+00:00,38983.05,0.007403500466191426,2,False,bb_mid,2022
30,2022-04-25T08:00:00+00:00,2022-04-25T08:00:00+00:00,2022-04-25T16:00:00+00:00,2022-04-25T20:00:00+00:00,40225.98,38209.36,36.07427830485599,36.07427830485599,bb_mid,2022-04-25T20:00:00+00:00,40426.08,0.0049743971433386935,1,False,bb_mid,2022
31,2022-05-01T00:00:00+00:00,2022-05-01T00:00:00+00:00,2022-05-01T12:00:00+00:00,2022-05-01T16:00:00+00:00,38490.01,37386.38,39.16549655704332,38.179643525229,bb_mid,2022-05-02T00:00:00+00:00,38674.1,0.004782799484853273,3,False,bb_mid,2022
32,2022-05-12T04:00:00+00:00,2022-05-12T04:00:00+00:00,2022-05-12T12:00:00+00:00,2022-05-12T16:00:00+00:00,29021.26,26700.0,22.9374530900386,22.9374530900386,bb_mid,2022-05-13T00:00:00+00:00,30582.54,0.05379780202513618,3,False,bb_mid,2022
33,2022-06-14T00:00:00+00:00,2022-06-14T00:00:00+00:00,2022-06-14T04:00:00+00:00,2022-06-14T08:00:00+00:00,22877.52,20846.0,12.405168424371835,12.405168424371835,stop:new_low,2022-06-15T04:00:00+00:00,20652.18,-0.09727190709482492,6,False,bb_mid,2022
34,2022-06-18T20:00:00+00:00,2022-06-18T20:00:00+00:00,2022-06-19T08:00:00+00:00,2022-06-19T12:00:00+00:00,19692.49,17622.0,32.074860386957965,28.769117696787877,bb_mid,2022-06-19T16:00:00+00:00,20124.08,0.021916476788867323,2,False,bb_mid,2022
35,2022-08-17T20:00:00+00:00,2022-08-17T20:00:00+00:00,2022-08-18T08:00:00+00:00,2022-08-18T12:00:00+00:00,23534.43,23180.4,36.10844184742907,36.10844184742907,stop:new_low,2022-08-18T20:00:00+00:00,23111.04,-0.017990238131962433,3,False,bb_mid,2022
36,2022-08-20T00:00:00+00:00,2022-08-20T00:00:00+00:00,2022-08-20T12:00:00+00:00,2022-08-20T16:00:00+00:00,21300.5,20792.92,21.99504849577468,21.99504849577468,stop:new_low,2022-08-20T20:00:00+00:00,20761.9,-0.02528579141334708,2,False,bb_mid,2022
37,2022-09-07T04:00:00+00:00,2022-09-07T04:00:00+00:00,2022-09-07T16:00:00+00:00,2022-09-07T20:00:00+00:00,18992.37,18671.22,28.635886199075088,27.73399917653458,bb_mid,2022-09-08T16:00:00+00:00,19352.38,0.018955506869337668,6,False,bb_mid,2022
38,2022-09-19T12:00:00+00:00,2022-09-19T12:00:00+00:00,2022-09-19T16:00:00+00:00,2022-09-19T20:00:00+00:00,19514.8,18676.47,38.10572748272779,38.10572748272779,stop:new_low,2022-09-21T16:00:00+00:00,18666.0,-0.043495193391682174,12,False,bb_mid,2022
39,2022-10-11T04:00:00+00:00,2022-10-11T04:00:00+00:00,2022-10-11T08:00:00+00:00,2022-10-11T12:00:00+00:00,19153.68,19010.0,29.697273578178923,29.697273578178923,stop:new_low,2022-10-11T12:00:00+00:00,18860.0,-0.015332823770680126,1,False,bb_mid,2022
40,2022-10-13T12:00:00+00:00,2022-10-13T12:00:00+00:00,2022-10-13T16:00:00+00:00,2022-10-13T20:00:00+00:00,19369.94,18190.0,38.86502735802421,38.86502735802421,bb_mid,2022-10-13T20:00:00+00:00,19375.13,0.00026794094354465336,1,False,bb_mid,2022
41,2022-11-28T16:00:00+00:00,2022-11-28T16:00:00+00:00,2022-11-29T00:00:00+00:00,2022-11-29T04:00:00+00:00,16287.53,15995.27,39.10233402693478,38.56772469639564,bb_mid,2022-11-29T04:00:00+00:00,16463.31,0.010792305524533141,1,False,bb_mid,2022
42,2022-12-17T00:00:00+00:00,2022-12-17T00:00:00+00:00,2022-12-17T20:00:00+00:00,2022-12-18T00:00:00+00:00,16777.54,16579.85,29.34155530188231,29.34155530188231,stop:new_low+bb_rebreak,2022-12-19T16:00:00+00:00,16505.0,-0.016244336178009466,11,False,bb_mid,2022
43,2023-02-06T04:00:00+00:00,2023-02-06T04:00:00+00:00,2023-02-06T12:00:00+00:00,2023-02-06T16:00:00+00:00,23042.86,22628.13,34.40110867473193,34.35845394984278,bb_mid,2023-02-07T16:00:00+00:00,23091.9,0.0021282080436195727,7,False,bb_mid,2023
44,2023-02-22T16:00:00+00:00,2023-02-22T16:00:00+00:00,2023-02-22T20:00:00+00:00,2023-02-23T00:00:00+00:00,24182.21,23574.69,38.34747254245966,38.34747254245966,stop:new_low+bb_rebreak,2023-02-24T12:00:00+00:00,23322.01,-0.03557160408415938,10,False,bb_mid,2023
45,2023-03-10T12:00:00+00:00,2023-03-10T12:00:00+00:00,2023-03-10T20:00:00+00:00,2023-03-11T00:00:00+00:00,20150.69,19657.11,18.92571035710752,18.92571035710752,bb_mid,2023-03-12T08:00:00+00:00,20445.43,0.01462679441746162,9,False,bb_mid,2023
46,2023-05-01T20:00:00+00:00,2023-05-01T20:00:00+00:00,2023-05-02T12:00:00+00:00,2023-05-02T16:00:00+00:00,28540.69,27666.95,37.083030236314414,36.76253452436808,bb_mid,2023-05-03T04:00:00+00:00,28653.8,0.003963113715891309,4,False,bb_mid,2023
47,2023-06-10T16:00:00+00:00,2023-06-10T16:00:00+00:00,2023-06-11T16:00:00+00:00,2023-06-11T20:00:00+00:00,26030.89,25358.0,36.48261514287007,36.48261514287007,bb_mid,2023-06-12T20:00:00+00:00,25905.19,-0.004828878305735973,7,False,bb_mid,2023
48,2023-06-15T12:00:00+00:00,2023-06-15T12:00:00+00:00,2023-06-15T16:00:00+00:00,2023-06-15T20:00:00+00:00,25455.49,24921.11,28.68660592270838,28.68660592270838,bb_mid,2023-06-16T12:00:00+00:00,25840.01,0.015105582332141099,5,False,bb_mid,2023
49,2023-08-01T12:00:00+00:00,2023-08-01T12:00:00+00:00,2023-08-01T16:00:00+00:00,2023-08-01T20:00:00+00:00,29274.42,28585.7,39.77156949784722,39.77156949784722,bb_mid,2023-08-01T20:00:00+00:00,29705.99,0.014742222049147546,1,False,bb_mid,2023
50,2023-08-22T20:00:00+00:00,2023-08-22T20:00:00+00:00,2023-08-23T12:00:00+00:00,2023-08-23T16:00:00+00:00,26143.99,25300.0,39.62698732650807,37.174632552239245,bb_mid,2023-08-23T16:00:00+00:00,26632.0,0.018666240309914484,1,False,bb_mid,2023
51,2023-09-25T12:00:00+00:00,2023-09-25T12:00:00+00:00,2023-09-26T00:00:00+00:00,2023-09-26T04:00:00+00:00,26353.87,25990.46,37.38715927801317,37.38715927801317,bb_mid,2023-09-27T08:00:00+00:00,26766.7,0.015664871990337836,8,False,bb_mid,2023
52,2023-11-15T04:00:00+00:00,2023-11-15T04:00:00+00:00,2023-11-15T08:00:00+00:00,2023-11-15T12:00:00+00:00,36240.95,35375.38,35.77132794759568,35.77132794759568,bb_mid,2023-11-15T16:00:00+00:00,37499.99,0.03474081115423311,2,False,bb_mid,2023
53,2023-11-27T16:00:00+00:00,2023-11-27T16:00:00+00:00,2023-11-27T20:00:00+00:00,2023-11-28T00:00:00+00:00,37242.7,36707.0,38.37516648549765,38.37516648549765,bb_mid,2023-11-28T12:00:00+00:00,37513.19,0.007262899843459403,4,False,bb_mid,2023
54,2023-12-11T20:00:00+00:00,2023-12-11T20:00:00+00:00,2023-12-12T00:00:00+00:00,2023-12-12T04:00:00+00:00,41735.29,40554.0,32.70183827749268,32.70183827749268,bb_mid,2023-12-13T16:00:00+00:00,42734.01,0.023929868463834936,10,False,bb_mid,2023
55,2023-12-18T08:00:00+00:00,2023-12-18T08:00:00+00:00,2023-12-18T16:00:00+00:00,2023-12-18T20:00:00+00:00,41701.11,40542.93,36.912420836571314,36.912420836571314,bb_mid,2023-12-18T20:00:00+00:00,42657.8,0.022941595559446748,1,False,bb_mid,2023
56,2023-12-26T20:00:00+00:00,2023-12-26T20:00:00+00:00,2023-12-27T08:00:00+00:00,2023-12-27T12:00:00+00:00,43019.11,42055.0,39.34372250076514,36.00979502351877,bb_mid,2023-12-27T16:00:00+00:00,43154.34,0.0031434866969586306,2,False,bb_mid,2023
57,2024-04-17T16:00:00+00:00,2024-04-17T16:00:00+00:00,2024-04-18T00:00:00+00:00,2024-04-18T04:00:00+00:00,61987.99,59678.16,35.178931954265764,35.178931954265764,bb_mid,2024-04-18T12:00:00+00:00,63498.7,0.024371011223303096,3,False,bb_mid,2024
58,2024-06-11T16:00:00+00:00,2024-06-11T16:00:00+00:00,2024-06-12T08:00:00+00:00,2024-06-12T12:00:00+00:00,67778.43,66161.26,36.7703845353237,36.19857247896167,bb_mid,2024-06-12T12:00:00+00:00,69734.0,0.02885239448597443,1,False,bb_mid,2024
59,2024-06-24T20:00:00+00:00,2024-06-24T20:00:00+00:00,2024-06-25T00:00:00+00:00,2024-06-25T04:00:00+00:00,61302.59,58402.0,25.89619187616861,25.89619187616861,no_exit_48h,2024-06-27T04:00:00+00:00,60794.01,-0.008296223699520544,13,False,bb_mid,2024
60,2024-06-28T20:00:00+00:00,2024-06-28T20:00:00+00:00,2024-06-29T04:00:00+00:00,2024-06-29T08:00:00+00:00,61052.3,60063.0,38.82593159646929,38.82593159646929,bb_mid,2024-06-30T04:00:00+00:00,61528.01,0.0077918440419115775,6,False,bb_mid,2024
61,2024-07-05T08:00:00+00:00,2024-07-05T08:00:00+00:00,2024-07-05T12:00:00+00:00,2024-07-05T16:00:00+00:00,56662.99,53900.0,27.53655285264277,27.53655285264277,bb_mid,2024-07-06T16:00:00+00:00,57857.99,0.02108960363722412,7,False,bb_mid,2024
62,2024-08-01T16:00:00+00:00,2024-08-01T16:00:00+00:00,2024-08-01T20:00:00+00:00,2024-08-02T00:00:00+00:00,65354.02,62302.0,32.71659413215984,32.71659413215984,stop:new_low+bb_rebreak,2024-08-02T20:00:00+00:00,61230.01,-0.06310262169029535,6,False,bb_mid,2024
63,2024-08-05T12:00:00+00:00,2024-08-05T12:00:00+00:00,2024-08-06T00:00:00+00:00,2024-08-06T04:00:00+00:00,55665.73,49542.83,30.963010316627745,29.2388848170026,bb_mid,2024-08-07T00:00:00+00:00,56862.0,0.02149024184179371,6,False,bb_mid,2024
64,2024-09-02T00:00:00+00:00,2024-09-02T00:00:00+00:00,2024-09-02T08:00:00+00:00,2024-09-02T12:00:00+00:00,58422.01,57128.0,37.253345551499095,35.9062778060966,bb_mid,2024-09-02T20:00:00+00:00,59132.13,0.012155008018382096,3,False,bb_mid,2024
65,2024-09-06T20:00:00+00:00,2024-09-06T20:00:00+00:00,2024-09-07T08:00:00+00:00,2024-09-07T12:00:00+00:00,54326.01,52550.0,30.06563440830233,29.429071604687408,bb_mid,2024-09-08T20:00:00+00:00,54869.95,0.010012515183794868,9,False,bb_mid,2024
66,2024-10-10T00:00:00+00:00,2024-10-10T00:00:00+00:00,2024-10-10T08:00:00+00:00,2024-10-10T12:00:00+00:00,61262.01,60355.0,36.01931295169814,36.01931295169814,stop:new_low+bb_rebreak,2024-10-10T16:00:00+00:00,58946.0,-0.0378049952980648,2,False,bb_mid,2024
67,2024-10-10T20:00:00+00:00,2024-10-10T20:00:00+00:00,2024-10-11T08:00:00+00:00,2024-10-11T12:00:00+00:00,61174.88,59586.29,37.4990578301236,37.4990578301236,bb_mid,2024-10-11T12:00:00+00:00,62259.05,0.017722470399615053,1,False,bb_mid,2024
68,2024-12-10T16:00:00+00:00,2024-12-10T16:00:00+00:00,2024-12-11T00:00:00+00:00,2024-12-11T04:00:00+00:00,97398.42,94256.54,37.24691904275669,37.24691904275669,bb_mid,2024-12-11T08:00:00+00:00,98292.61,0.00918074441043304,2,False,bb_mid,2024
69,2025-01-13T16:00:00+00:00,2025-01-13T16:00:00+00:00,2025-01-13T20:00:00+00:00,2025-01-14T00:00:00+00:00,94536.11,91250.0,39.66906224659154,39.66906224659154,bb_mid,2025-01-14T00:00:00+00:00,94861.4,0.0034409073950683045,1,False,bb_mid,2025
70,2025-02-25T16:00:00+00:00,2025-02-25T16:00:00+00:00,2025-02-25T20:00:00+00:00,2025-02-26T00:00:00+00:00,88680.39,86157.69,22.855137939761136,22.855137939761136,stop:new_low,2025-02-26T12:00:00+00:00,85418.72,-0.03678005926676686,4,False,bb_mid,2025
71,2025-02-26T20:00:00+00:00,2025-02-26T20:00:00+00:00,2025-02-27T00:00:00+00:00,2025-02-27T04:00:00+00:00,85226.32,82256.01,20.73576141822643,20.73576141822643,stop:new_low+bb_rebreak,2025-02-28T00:00:00+00:00,79532.0,-0.06681410155923673,6,False,bb_mid,2025
72,2025-02-28T08:00:00+00:00,2025-02-28T08:00:00+00:00,2025-02-28T12:00:00+00:00,2025-02-28T16:00:00+00:00,84005.05,78258.52,27.922348009324296,27.922348009324296,bb_mid,2025-03-01T00:00:00+00:00,85330.84,0.015782265470944745,3,False,bb_mid,2025
73,2025-03-10T00:00:00+00:00,2025-03-10T00:00:00+00:00,2025-03-10T08:00:00+00:00,2025-03-10T12:00:00+00:00,83582.0,80037.62,34.34772362730172,34.34772362730172,stop:new_low+bb_rebreak,2025-03-10T12:00:00+00:00,79177.03,-0.05270237610968875,1,False,bb_mid,2025
74,2025-04-07T08:00:00+00:00,2025-04-07T08:00:00+00:00,2025-04-07T12:00:00+00:00,2025-04-07T16:00:00+00:00,78479.91,75085.74,29.589400931833566,29.589400931833566,stop:new_low,2025-04-09T00:00:00+00:00,74620.0,-0.04918341522053227,9,False,bb_mid,2025
75,2025-05-30T00:00:00+00:00,2025-05-30T00:00:00+00:00,2025-05-30T08:00:00+00:00,2025-05-30T12:00:00+00:00,105880.5,104600.5,38.26258396552857,34.0526550757252,stop:new_low,2025-05-30T16:00:00+00:00,103706.71,-0.020530598174356873,2,False,bb_mid,2025
76,2025-06-06T00:00:00+00:00,2025-06-06T00:00:00+00:00,2025-06-06T08:00:00+00:00,2025-06-06T12:00:00+00:00,103927.99,101095.8,37.03219038440188,37.03219038440188,bb_mid,2025-06-06T12:00:00+00:00,105092.28,0.011202853052387551,1,False,bb_mid,2025
77,2025-06-13T04:00:00+00:00,2025-06-13T04:00:00+00:00,2025-06-13T20:00:00+00:00,2025-06-14T00:00:00+00:00,106066.59,103782.75,35.14446173565763,35.14446173565763,bb_mid,2025-06-15T12:00:00+00:00,105564.0,-0.0047384383715927125,10,False,bb_mid,2025
78,2025-10-16T20:00:00+00:00,2025-10-16T20:00:00+00:00,2025-10-17T00:00:00+00:00,2025-10-17T04:00:00+00:00,109176.74,107427.0,32.68885040774882,32.68885040774882,stop:new_low+bb_rebreak,2025-10-17T04:00:00+00:00,105542.09,-0.03329143185627281,1,False,bb_mid,2025
79,2025-10-17T12:00:00+00:00,2025-10-17T12:00:00+00:00,2025-10-18T08:00:00+00:00,2025-10-18T12:00:00+00:00,107208.61,104533.21,34.974249348793336,33.98481611050006,bb_mid,2025-10-19T08:00:00+00:00,107783.47,0.005362069333797015,6,False,bb_mid,2025
80,2025-11-04T20:00:00+00:00,2025-11-04T20:00:00+00:00,2025-11-05T12:00:00+00:00,2025-11-05T16:00:00+00:00,103728.3,98944.36,27.94035890522086,27.94035890522086,bb_mid,2025-11-07T16:00:00+00:00,103395.25,-0.003210792040359345,13,False,bb_mid,2025
81,2025-11-18T08:00:00+00:00,2025-11-18T08:00:00+00:00,2025-11-18T12:00:00+00:00,2025-11-18T16:00:00+00:00,92910.1,90509.79,33.38142662630017,33.38142662630017,stop:new_low,2025-11-19T04:00:00+00:00,90025.06,-0.031051952371163205,4,False,bb_mid,2025
82,2025-11-21T12:00:00+00:00,2025-11-21T12:00:00+00:00,2025-11-21T16:00:00+00:00,2025-11-21T20:00:00+00:00,84209.3,80600.0,25.033689822086785,25.033689822086785,bb_mid,2025-11-23T08:00:00+00:00,86331.28,0.025198879458682155,10,False,bb_mid,2025
83,2025-12-01T16:00:00+00:00,2025-12-01T16:00:00+00:00,2025-12-01T20:00:00+00:00,2025-12-02T00:00:00+00:00,86286.01,84030.95,26.780196718316542,26.780196718316542,bb_mid,2025-12-02T12:00:00+00:00,90850.01,0.05289385845978978,4,False,bb_mid,2025
84,2025-12-16T04:00:00+00:00,2025-12-16T04:00:00+00:00,2025-12-16T08:00:00+00:00,2025-12-16T12:00:00+00:00,87261.46,85266.0,30.250866643059386,30.250866643059386,bb_mid,2025-12-18T08:00:00+00:00,87300.74,0.00045014144846988735,12,False,bb_mid,2025
85,2026-01-26T00:00:00+00:00,2026-01-26T00:00:00+00:00,2026-01-26T04:00:00+00:00,2026-01-26T08:00:00+00:00,88000.64,86509.63,32.94892198026061,32.94892198026061,bb_mid,2026-01-27T00:00:00+00:00,88788.0,0.008947207656671674,5,False,bb_mid,2026
86,2026-02-03T20:00:00+00:00,2026-02-03T20:00:00+00:00,2026-02-04T00:00:00+00:00,2026-02-04T04:00:00+00:00,76698.17,74586.54,32.18979956318503,32.18979956318503,stop:new_low+bb_rebreak,2026-02-04T12:00:00+00:00,73794.11,-0.0378634848784527,3,False,bb_mid,2026
87,2026-02-06T00:00:00+00:00,2026-02-06T00:00:00+00:00,2026-02-06T08:00:00+00:00,2026-02-06T12:00:00+00:00,66631.32,60000.0,18.72131568606143,18.72131568606143,bb_mid,2026-02-07T00:00:00+00:00,70918.99,0.06434916792883594,4,False,bb_mid,2026
88,2026-02-28T08:00:00+00:00,2026-02-28T08:00:00+00:00,2026-02-28T12:00:00+00:00,2026-02-28T16:00:00+00:00,64841.17,63372.1,34.80029468589126,34.80029468589126,bb_mid,2026-02-28T20:00:00+00:00,66973.26,0.03288173239316938,2,False,bb_mid,2026
89,2026-03-27T20:00:00+00:00,2026-03-27T20:00:00+00:00,2026-03-28T12:00:00+00:00,2026-03-28T16:00:00+00:00,67014.92,65817.44,30.910733333541373,30.156529352797094,stop:new_low,2026-03-29T20:00:00+00:00,65000.0,-0.03006673737728849,8,False,bb_mid,2026
90,2026-04-28T12:00:00+00:00,2026-04-28T12:00:00+00:00,2026-04-29T00:00:00+00:00,2026-04-29T04:00:00+00:00,76994.77,75666.6,38.3936397542525,38.3936397542525,bb_mid,2026-04-29T08:00:00+00:00,77590.03,0.007731174468083912,2,False,bb_mid,2026
91,2026-05-23T12:00:00+00:00,2026-05-23T12:00:00+00:00,2026-05-23T16:00:00+00:00,2026-05-23T20:00:00+00:00,75983.45,74660.05,37.99664741004276,37.99664741004276,bb_mid,2026-05-23T20:00:00+00:00,76752.01,0.010114834217187951,1,False,bb_mid,2026
92,2026-06-05T16:00:00+00:00,2026-06-05T16:00:00+00:00,2026-06-05T20:00:00+00:00,2026-06-06T00:00:00+00:00,61056.47,59130.91,21.07563221304075,21.07563221304075,bb_mid,2026-06-07T04:00:00+00:00,62404.73,0.02208218064359113,8,False,bb_mid,2026
93,2026-06-18T16:00:00+00:00,2026-06-18T16:00:00+00:00,2026-06-19T12:00:00+00:00,2026-06-19T16:00:00+00:00,63214.01,62272.07,37.67795458193743,35.822841795538125,bb_mid,2026-06-20T12:00:00+00:00,64160.04,0.014965511600988357,6,False,bb_mid,2026
94,2026-07-13T20:00:00+00:00,2026-07-13T20:00:00+00:00,2026-07-14T08:00:00+00:00,2026-07-14T12:00:00+00:00,62844.99,61882.88,35.86839767664438,35.86839767664438,bb_mid,2026-07-14T12:00:00+00:00,64743.99,0.030217205858414475,1,False,bb_mid,2026
95,2026-09-11T00:00:00+00:00,2026-09-11T00:00:00+00:00,2026-09-11T04:00:00+00:00,2026-09-11T08:00:00+00:00,77230.7,76563.01,32.71441300904047,32.71441300904047,stop:new_low,2026-09-11T12:00:00+00:00,76046.58,-0.01533224481974127,2,False,bb_mid,2026
1,2020-03-01T00:00:00+00:00,2020-03-01T00:00:00+00:00,2020-03-01T08:00:00+00:00,2020-03-01T12:00:00+00:00,8647.42,8511.11,37.659482101250696,34.91237551088909,time2,2020-03-01T16:00:00+00:00,8542.2,-0.0121677910868212,2,False,time2,2020
2,2020-03-09T12:00:00+00:00,2020-03-09T12:00:00+00:00,2020-03-09T16:00:00+00:00,2020-03-09T20:00:00+00:00,7842.04,7632.01,16.635616030183755,16.635616030183755,time2,2020-03-10T00:00:00+00:00,7907.16,0.008303961724245301,2,False,time2,2020
3,2020-03-13T04:00:00+00:00,2020-03-13T04:00:00+00:00,2020-03-13T20:00:00+00:00,2020-03-14T00:00:00+00:00,5576.05,4674.0,24.32522796623344,23.319768996429303,time2,2020-03-14T04:00:00+00:00,5500.4,-0.013566951515858072,2,False,time2,2020
4,2020-06-12T00:00:00+00:00,2020-06-12T00:00:00+00:00,2020-06-12T04:00:00+00:00,2020-06-12T08:00:00+00:00,9439.48,9232.51,33.29010973034232,33.29010973034232,time2,2020-06-12T12:00:00+00:00,9417.81,-0.002295677304258281,2,False,time2,2020
5,2020-06-25T04:00:00+00:00,2020-06-25T04:00:00+00:00,2020-06-25T08:00:00+00:00,2020-06-25T12:00:00+00:00,9255.79,9090.17,36.01664995856142,36.01664995856142,time2,2020-06-25T16:00:00+00:00,9287.06,0.003378425828589382,2,False,time2,2020
6,2020-07-02T16:00:00+00:00,2020-07-02T16:00:00+00:00,2020-07-03T04:00:00+00:00,2020-07-03T08:00:00+00:00,9105.25,8940.0,37.988330598668206,37.988330598668206,time2,2020-07-03T12:00:00+00:00,9100.39,-0.0005337579967601425,2,False,time2,2020
7,2020-07-16T12:00:00+00:00,2020-07-16T12:00:00+00:00,2020-07-17T08:00:00+00:00,2020-07-17T12:00:00+00:00,9138.92,9069.31,39.33165427761757,37.98114451162426,time2,2020-07-17T16:00:00+00:00,9164.75,0.0028263733570268457,2,False,time2,2020
8,2020-08-11T20:00:00+00:00,2020-08-11T20:00:00+00:00,2020-08-12T12:00:00+00:00,2020-08-12T16:00:00+00:00,11581.54,11125.0,38.31785609206881,37.95879816230693,time2,2020-08-12T20:00:00+00:00,11564.33,-0.0014859854561656283,2,False,time2,2020
9,2020-08-22T04:00:00+00:00,2020-08-22T04:00:00+00:00,2020-08-22T20:00:00+00:00,2020-08-23T00:00:00+00:00,11663.51,11411.87,39.27153446691021,38.45774324930768,time2,2020-08-23T04:00:00+00:00,11616.46,-0.004033948614096561,2,False,time2,2020
10,2020-09-04T04:00:00+00:00,2020-09-04T04:00:00+00:00,2020-09-04T08:00:00+00:00,2020-09-04T12:00:00+00:00,10422.52,10093.1,23.406765912249384,23.406765912249384,stop:new_low,2020-09-04T12:00:00+00:00,9875.5,-0.052484427950246215,1,False,time2,2020
11,2020-09-22T00:00:00+00:00,2020-09-22T00:00:00+00:00,2020-09-22T16:00:00+00:00,2020-09-22T20:00:00+00:00,10491.98,10353.0,34.03616153756697,31.642669367671783,time2,2020-09-23T00:00:00+00:00,10476.01,-0.0015221149868756,2,False,time2,2020
12,2020-12-09T08:00:00+00:00,2020-12-09T08:00:00+00:00,2020-12-09T20:00:00+00:00,2020-12-10T00:00:00+00:00,18541.29,17650.0,36.99265220536661,36.99265220536661,time2,2020-12-10T04:00:00+00:00,18335.91,-0.011076899180154198,2,False,time2,2020
13,2021-02-26T08:00:00+00:00,2021-02-26T08:00:00+00:00,2021-02-27T00:00:00+00:00,2021-02-27T04:00:00+00:00,47423.07,44939.19,38.83694055320289,38.83694055320289,time2,2021-02-27T08:00:00+00:00,47299.99,-0.0025953612872384735,2,False,time2,2021
14,2021-04-18T12:00:00+00:00,2021-04-18T12:00:00+00:00,2021-04-19T00:00:00+00:00,2021-04-19T04:00:00+00:00,57030.9,53200.0,35.02046652770758,35.02046652770758,time2,2021-04-19T08:00:00+00:00,57107.4,0.0013413780950326526,2,False,time2,2021
15,2021-04-22T00:00:00+00:00,2021-04-22T00:00:00+00:00,2021-04-22T08:00:00+00:00,2021-04-22T12:00:00+00:00,54866.63,52561.0,38.548093882495216,38.548093882495216,time2,2021-04-22T16:00:00+00:00,52923.54,-0.035414786729201286,2,False,time2,2021
16,2021-04-23T08:00:00+00:00,2021-04-23T08:00:00+00:00,2021-04-23T20:00:00+00:00,2021-04-24T00:00:00+00:00,51110.56,47500.0,35.988268947333935,35.43161319277094,time2,2021-04-24T04:00:00+00:00,49805.2,-0.02553992756095802,2,False,time2,2021
17,2021-05-16T00:00:00+00:00,2021-05-16T00:00:00+00:00,2021-05-16T04:00:00+00:00,2021-05-16T08:00:00+00:00,49375.28,46467.0,38.74102761683764,38.74102761683764,time2,2021-05-16T12:00:00+00:00,47727.26,-0.033377430973555944,2,False,time2,2021
18,2021-05-23T16:00:00+00:00,2021-05-23T16:00:00+00:00,2021-05-23T20:00:00+00:00,2021-05-24T00:00:00+00:00,34681.44,31111.01,30.360283767454877,30.360283767454877,time2,2021-05-24T04:00:00+00:00,36645.79,0.056639805036930335,2,False,time2,2021
19,2021-09-11T00:00:00+00:00,2021-09-11T00:00:00+00:00,2021-09-11T08:00:00+00:00,2021-09-11T12:00:00+00:00,45555.68,44722.22,36.24003737667735,35.42177967050323,time2,2021-09-11T16:00:00+00:00,45357.06,-0.004359939309434124,2,False,time2,2021
20,2021-11-19T08:00:00+00:00,2021-11-19T08:00:00+00:00,2021-11-19T12:00:00+00:00,2021-11-19T16:00:00+00:00,57887.96,55986.05,31.886365867046905,31.886365867046905,time2,2021-11-19T20:00:00+00:00,58052.24,0.0028378958249695163,2,False,time2,2021
21,2021-12-04T12:00:00+00:00,2021-12-04T12:00:00+00:00,2021-12-04T16:00:00+00:00,2021-12-04T20:00:00+00:00,49249.99,46489.66,26.371511664503544,26.371511664503544,time2,2021-12-05T00:00:00+00:00,49170.79,-0.0016081221539333557,2,False,time2,2021
22,2021-12-13T20:00:00+00:00,2021-12-13T20:00:00+00:00,2021-12-14T08:00:00+00:00,2021-12-14T12:00:00+00:00,47617.99,46214.13,35.3950188821331,35.3950188821331,time2,2021-12-14T16:00:00+00:00,46859.4,-0.015930743821820248,2,False,time2,2021
23,2021-12-31T20:00:00+00:00,2021-12-31T20:00:00+00:00,2022-01-01T00:00:00+00:00,2022-01-01T04:00:00+00:00,46813.21,45678.0,37.68546373721937,37.68546373721937,time2,2022-01-01T08:00:00+00:00,46758.87,-0.0011607834626166103,2,False,time2,2022
24,2022-01-06T12:00:00+00:00,2022-01-06T12:00:00+00:00,2022-01-06T16:00:00+00:00,2022-01-06T20:00:00+00:00,43438.11,42632.44,28.6553022891905,28.6553022891905,time2,2022-01-07T00:00:00+00:00,41803.11,-0.037639759188417776,2,False,time2,2022
25,2022-02-12T04:00:00+00:00,2022-02-12T04:00:00+00:00,2022-02-12T16:00:00+00:00,2022-02-12T20:00:00+00:00,42662.47,41688.88,39.55251646889326,39.55251646889326,time2,2022-02-13T00:00:00+00:00,42230.0,-0.01013701269523315,2,False,time2,2022
26,2022-02-22T04:00:00+00:00,2022-02-22T04:00:00+00:00,2022-02-22T08:00:00+00:00,2022-02-22T12:00:00+00:00,37519.47,36515.87,31.76061041807661,31.76061041807661,time2,2022-02-22T16:00:00+00:00,38065.32,0.014548446446604801,2,False,time2,2022
27,2022-02-24T08:00:00+00:00,2022-02-24T08:00:00+00:00,2022-02-24T16:00:00+00:00,2022-02-24T20:00:00+00:00,37300.0,34818.09,33.32478188920051,33.32478188920051,time2,2022-02-25T00:00:00+00:00,38923.36,0.04352171581769437,2,False,time2,2022
28,2022-03-05T04:00:00+00:00,2022-03-05T04:00:00+00:00,2022-03-05T16:00:00+00:00,2022-03-05T20:00:00+00:00,39433.71,38407.59,29.190983343326337,29.190983343326337,time2,2022-03-06T00:00:00+00:00,39300.54,-0.003377059881000233,2,False,time2,2022
29,2022-03-07T20:00:00+00:00,2022-03-07T20:00:00+00:00,2022-03-08T00:00:00+00:00,2022-03-08T04:00:00+00:00,38696.56,37155.0,39.25956684978238,39.25956684978238,time2,2022-03-08T08:00:00+00:00,38983.05,0.007403500466191426,2,False,time2,2022
30,2022-04-25T08:00:00+00:00,2022-04-25T08:00:00+00:00,2022-04-25T16:00:00+00:00,2022-04-25T20:00:00+00:00,40225.98,38209.36,36.07427830485599,36.07427830485599,time2,2022-04-26T00:00:00+00:00,40535.29,0.007689309247406628,2,False,time2,2022
31,2022-05-01T00:00:00+00:00,2022-05-01T00:00:00+00:00,2022-05-01T12:00:00+00:00,2022-05-01T16:00:00+00:00,38490.01,37386.38,39.16549655704332,38.179643525229,time2,2022-05-01T20:00:00+00:00,38468.35,-0.0005627434235533357,2,False,time2,2022
32,2022-05-12T04:00:00+00:00,2022-05-12T04:00:00+00:00,2022-05-12T12:00:00+00:00,2022-05-12T16:00:00+00:00,29021.26,26700.0,22.9374530900386,22.9374530900386,time2,2022-05-12T20:00:00+00:00,29029.75,0.0002925441555605701,2,False,time2,2022
33,2022-06-14T00:00:00+00:00,2022-06-14T00:00:00+00:00,2022-06-14T04:00:00+00:00,2022-06-14T08:00:00+00:00,22877.52,20846.0,12.405168424371835,12.405168424371835,time2,2022-06-14T12:00:00+00:00,22680.38,-0.008617192772643167,2,False,time2,2022
34,2022-06-18T20:00:00+00:00,2022-06-18T20:00:00+00:00,2022-06-19T08:00:00+00:00,2022-06-19T12:00:00+00:00,19692.49,17622.0,32.074860386957965,28.769117696787877,time2,2022-06-19T16:00:00+00:00,20124.08,0.021916476788867323,2,False,time2,2022
35,2022-08-17T20:00:00+00:00,2022-08-17T20:00:00+00:00,2022-08-18T08:00:00+00:00,2022-08-18T12:00:00+00:00,23534.43,23180.4,36.10844184742907,36.10844184742907,time2,2022-08-18T16:00:00+00:00,23344.88,-0.008054157249612559,2,False,time2,2022
36,2022-08-20T00:00:00+00:00,2022-08-20T00:00:00+00:00,2022-08-20T12:00:00+00:00,2022-08-20T16:00:00+00:00,21300.5,20792.92,21.99504849577468,21.99504849577468,time2,2022-08-20T20:00:00+00:00,21140.07,-0.0075317480810309645,2,False,time2,2022
37,2022-09-07T04:00:00+00:00,2022-09-07T04:00:00+00:00,2022-09-07T16:00:00+00:00,2022-09-07T20:00:00+00:00,18992.37,18671.22,28.635886199075088,27.73399917653458,time2,2022-09-08T00:00:00+00:00,19218.4,0.011901095018683971,2,False,time2,2022
38,2022-09-19T12:00:00+00:00,2022-09-19T12:00:00+00:00,2022-09-19T16:00:00+00:00,2022-09-19T20:00:00+00:00,19514.8,18676.47,38.10572748272779,38.10572748272779,time2,2022-09-20T00:00:00+00:00,19364.19,-0.007717732182753623,2,False,time2,2022
39,2022-10-11T04:00:00+00:00,2022-10-11T04:00:00+00:00,2022-10-11T08:00:00+00:00,2022-10-11T12:00:00+00:00,19153.68,19010.0,29.697273578178923,29.697273578178923,stop:new_low,2022-10-11T12:00:00+00:00,18860.0,-0.015332823770680126,1,False,time2,2022
40,2022-10-13T12:00:00+00:00,2022-10-13T12:00:00+00:00,2022-10-13T16:00:00+00:00,2022-10-13T20:00:00+00:00,19369.94,18190.0,38.86502735802421,38.86502735802421,time2,2022-10-14T00:00:00+00:00,19816.85,0.023072348184867808,2,False,time2,2022
41,2022-11-28T16:00:00+00:00,2022-11-28T16:00:00+00:00,2022-11-29T00:00:00+00:00,2022-11-29T04:00:00+00:00,16287.53,15995.27,39.10233402693478,38.56772469639564,time2,2022-11-29T08:00:00+00:00,16497.64,0.012900052985320487,2,False,time2,2022
42,2022-12-17T00:00:00+00:00,2022-12-17T00:00:00+00:00,2022-12-17T20:00:00+00:00,2022-12-18T00:00:00+00:00,16777.54,16579.85,29.34155530188231,29.34155530188231,time2,2022-12-18T04:00:00+00:00,16750.83,-0.001592009317218035,2,False,time2,2022
43,2023-02-06T04:00:00+00:00,2023-02-06T04:00:00+00:00,2023-02-06T12:00:00+00:00,2023-02-06T16:00:00+00:00,23042.86,22628.13,34.40110867473193,34.35845394984278,time2,2023-02-06T20:00:00+00:00,22762.52,-0.0121660245299412,2,False,time2,2023
44,2023-02-22T16:00:00+00:00,2023-02-22T16:00:00+00:00,2023-02-22T20:00:00+00:00,2023-02-23T00:00:00+00:00,24182.21,23574.69,38.34747254245966,38.34747254245966,time2,2023-02-23T04:00:00+00:00,24376.27,0.008024907566347439,2,False,time2,2023
45,2023-03-10T12:00:00+00:00,2023-03-10T12:00:00+00:00,2023-03-10T20:00:00+00:00,2023-03-11T00:00:00+00:00,20150.69,19657.11,18.92571035710752,18.92571035710752,time2,2023-03-11T04:00:00+00:00,19850.81,-0.014881872531411933,2,False,time2,2023
46,2023-05-01T20:00:00+00:00,2023-05-01T20:00:00+00:00,2023-05-02T12:00:00+00:00,2023-05-02T16:00:00+00:00,28540.69,27666.95,37.083030236314414,36.76253452436808,time2,2023-05-02T20:00:00+00:00,28669.86,0.00452581910248151,2,False,time2,2023
47,2023-06-10T16:00:00+00:00,2023-06-10T16:00:00+00:00,2023-06-11T16:00:00+00:00,2023-06-11T20:00:00+00:00,26030.89,25358.0,36.48261514287007,36.48261514287007,time2,2023-06-12T00:00:00+00:00,25791.29,-0.009204449021911976,2,False,time2,2023
48,2023-06-15T12:00:00+00:00,2023-06-15T12:00:00+00:00,2023-06-15T16:00:00+00:00,2023-06-15T20:00:00+00:00,25455.49,24921.11,28.68660592270838,28.68660592270838,time2,2023-06-16T00:00:00+00:00,25561.74,0.004173952259414415,2,False,time2,2023
49,2023-08-01T12:00:00+00:00,2023-08-01T12:00:00+00:00,2023-08-01T16:00:00+00:00,2023-08-01T20:00:00+00:00,29274.42,28585.7,39.77156949784722,39.77156949784722,time2,2023-08-02T00:00:00+00:00,29632.96,0.012247552641521109,2,False,time2,2023
50,2023-08-22T20:00:00+00:00,2023-08-22T20:00:00+00:00,2023-08-23T12:00:00+00:00,2023-08-23T16:00:00+00:00,26143.99,25300.0,39.62698732650807,37.174632552239245,time2,2023-08-23T20:00:00+00:00,26432.72,0.011043838373561154,2,False,time2,2023
51,2023-09-25T12:00:00+00:00,2023-09-25T12:00:00+00:00,2023-09-26T00:00:00+00:00,2023-09-26T04:00:00+00:00,26353.87,25990.46,37.38715927801317,37.38715927801317,time2,2023-09-26T08:00:00+00:00,26273.83,-0.0030371250977558883,2,False,time2,2023
52,2023-11-15T04:00:00+00:00,2023-11-15T04:00:00+00:00,2023-11-15T08:00:00+00:00,2023-11-15T12:00:00+00:00,36240.95,35375.38,35.77132794759568,35.77132794759568,time2,2023-11-15T16:00:00+00:00,37499.99,0.03474081115423311,2,False,time2,2023
53,2023-11-27T16:00:00+00:00,2023-11-27T16:00:00+00:00,2023-11-27T20:00:00+00:00,2023-11-28T00:00:00+00:00,37242.7,36707.0,38.37516648549765,38.37516648549765,time2,2023-11-28T04:00:00+00:00,37105.11,-0.0036944152813839226,2,False,time2,2023
54,2023-12-11T20:00:00+00:00,2023-12-11T20:00:00+00:00,2023-12-12T00:00:00+00:00,2023-12-12T04:00:00+00:00,41735.29,40554.0,32.70183827749268,32.70183827749268,time2,2023-12-12T08:00:00+00:00,41584.57,-0.00361133228018784,2,False,time2,2023
55,2023-12-18T08:00:00+00:00,2023-12-18T08:00:00+00:00,2023-12-18T16:00:00+00:00,2023-12-18T20:00:00+00:00,41701.11,40542.93,36.912420836571314,36.912420836571314,time2,2023-12-19T00:00:00+00:00,43082.2,0.03311878268947743,2,False,time2,2023
56,2023-12-26T20:00:00+00:00,2023-12-26T20:00:00+00:00,2023-12-27T08:00:00+00:00,2023-12-27T12:00:00+00:00,43019.11,42055.0,39.34372250076514,36.00979502351877,time2,2023-12-27T16:00:00+00:00,43154.34,0.0031434866969586306,2,False,time2,2023
57,2024-04-17T16:00:00+00:00,2024-04-17T16:00:00+00:00,2024-04-18T00:00:00+00:00,2024-04-18T04:00:00+00:00,61987.99,59678.16,35.178931954265764,35.178931954265764,time2,2024-04-18T08:00:00+00:00,62597.92,0.009839486648945961,2,False,time2,2024
58,2024-06-11T16:00:00+00:00,2024-06-11T16:00:00+00:00,2024-06-12T08:00:00+00:00,2024-06-12T12:00:00+00:00,67778.43,66161.26,36.7703845353237,36.19857247896167,time2,2024-06-12T16:00:00+00:00,67532.92,-0.0036222438318502803,2,False,time2,2024
59,2024-06-24T20:00:00+00:00,2024-06-24T20:00:00+00:00,2024-06-25T00:00:00+00:00,2024-06-25T04:00:00+00:00,61302.59,58402.0,25.89619187616861,25.89619187616861,time2,2024-06-25T08:00:00+00:00,61187.64,-0.0018751246888589757,2,False,time2,2024
60,2024-06-28T20:00:00+00:00,2024-06-28T20:00:00+00:00,2024-06-29T04:00:00+00:00,2024-06-29T08:00:00+00:00,61052.3,60063.0,38.82593159646929,38.82593159646929,time2,2024-06-29T12:00:00+00:00,61106.0,0.0008795737425124628,2,False,time2,2024
61,2024-07-05T08:00:00+00:00,2024-07-05T08:00:00+00:00,2024-07-05T12:00:00+00:00,2024-07-05T16:00:00+00:00,56662.99,53900.0,27.53655285264277,27.53655285264277,time2,2024-07-05T20:00:00+00:00,56628.79,-0.0006035685727138196,2,False,time2,2024
62,2024-08-01T16:00:00+00:00,2024-08-01T16:00:00+00:00,2024-08-01T20:00:00+00:00,2024-08-02T00:00:00+00:00,65354.02,62302.0,32.71659413215984,32.71659413215984,time2,2024-08-02T04:00:00+00:00,64164.07,-0.01820775523831586,2,False,time2,2024
63,2024-08-05T12:00:00+00:00,2024-08-05T12:00:00+00:00,2024-08-06T00:00:00+00:00,2024-08-06T04:00:00+00:00,55665.73,49542.83,30.963010316627745,29.2388848170026,time2,2024-08-06T08:00:00+00:00,55210.01,-0.008186724579018367,2,False,time2,2024
64,2024-09-02T00:00:00+00:00,2024-09-02T00:00:00+00:00,2024-09-02T08:00:00+00:00,2024-09-02T12:00:00+00:00,58422.01,57128.0,37.253345551499095,35.9062778060966,time2,2024-09-02T16:00:00+00:00,58439.99,0.00030776072237159724,2,False,time2,2024
65,2024-09-06T20:00:00+00:00,2024-09-06T20:00:00+00:00,2024-09-07T08:00:00+00:00,2024-09-07T12:00:00+00:00,54326.01,52550.0,30.06563440830233,29.429071604687408,time2,2024-09-07T16:00:00+00:00,54404.01,0.0014357763435968174,2,False,time2,2024
66,2024-10-10T00:00:00+00:00,2024-10-10T00:00:00+00:00,2024-10-10T08:00:00+00:00,2024-10-10T12:00:00+00:00,61262.01,60355.0,36.01931295169814,36.01931295169814,time2,2024-10-10T16:00:00+00:00,59727.28,-0.02505190410827207,2,False,time2,2024
67,2024-10-10T20:00:00+00:00,2024-10-10T20:00:00+00:00,2024-10-11T08:00:00+00:00,2024-10-11T12:00:00+00:00,61174.88,59586.29,37.4990578301236,37.4990578301236,time2,2024-10-11T16:00:00+00:00,63086.01,0.031240437251368602,2,False,time2,2024
68,2024-12-10T16:00:00+00:00,2024-12-10T16:00:00+00:00,2024-12-11T00:00:00+00:00,2024-12-11T04:00:00+00:00,97398.42,94256.54,37.24691904275669,37.24691904275669,time2,2024-12-11T08:00:00+00:00,98292.61,0.00918074441043304,2,False,time2,2024
69,2025-01-13T16:00:00+00:00,2025-01-13T16:00:00+00:00,2025-01-13T20:00:00+00:00,2025-01-14T00:00:00+00:00,94536.11,91250.0,39.66906224659154,39.66906224659154,time2,2025-01-14T04:00:00+00:00,94864.0,0.00346841011334198,2,False,time2,2025
70,2025-02-25T16:00:00+00:00,2025-02-25T16:00:00+00:00,2025-02-25T20:00:00+00:00,2025-02-26T00:00:00+00:00,88680.39,86157.69,22.855137939761136,22.855137939761136,time2,2025-02-26T04:00:00+00:00,88720.02,0.0004468857207327037,2,False,time2,2025
71,2025-02-26T20:00:00+00:00,2025-02-26T20:00:00+00:00,2025-02-27T00:00:00+00:00,2025-02-27T04:00:00+00:00,85226.32,82256.01,20.73576141822643,20.73576141822643,time2,2025-02-27T08:00:00+00:00,86698.6,0.017274945110853146,2,False,time2,2025
72,2025-02-28T08:00:00+00:00,2025-02-28T08:00:00+00:00,2025-02-28T12:00:00+00:00,2025-02-28T16:00:00+00:00,84005.05,78258.52,27.922348009324296,27.922348009324296,time2,2025-02-28T20:00:00+00:00,84349.94,0.0041055865093824195,2,False,time2,2025
73,2025-03-10T00:00:00+00:00,2025-03-10T00:00:00+00:00,2025-03-10T08:00:00+00:00,2025-03-10T12:00:00+00:00,83582.0,80037.62,34.34772362730172,34.34772362730172,stop:new_low+bb_rebreak,2025-03-10T12:00:00+00:00,79177.03,-0.05270237610968875,1,False,time2,2025
74,2025-04-07T08:00:00+00:00,2025-04-07T08:00:00+00:00,2025-04-07T12:00:00+00:00,2025-04-07T16:00:00+00:00,78479.91,75085.74,29.589400931833566,29.589400931833566,time2,2025-04-07T20:00:00+00:00,79163.24,0.008707069108514487,2,False,time2,2025
75,2025-05-30T00:00:00+00:00,2025-05-30T00:00:00+00:00,2025-05-30T08:00:00+00:00,2025-05-30T12:00:00+00:00,105880.5,104600.5,38.26258396552857,34.0526550757252,time2,2025-05-30T16:00:00+00:00,104640.5,-0.011711316059142107,2,False,time2,2025
76,2025-06-06T00:00:00+00:00,2025-06-06T00:00:00+00:00,2025-06-06T08:00:00+00:00,2025-06-06T12:00:00+00:00,103927.99,101095.8,37.03219038440188,37.03219038440188,time2,2025-06-06T16:00:00+00:00,104219.8,0.0028078095227281885,2,False,time2,2025
77,2025-06-13T04:00:00+00:00,2025-06-13T04:00:00+00:00,2025-06-13T20:00:00+00:00,2025-06-14T00:00:00+00:00,106066.59,103782.75,35.14446173565763,35.14446173565763,time2,2025-06-14T04:00:00+00:00,105076.59,-0.009333759103597128,2,False,time2,2025
78,2025-10-16T20:00:00+00:00,2025-10-16T20:00:00+00:00,2025-10-17T00:00:00+00:00,2025-10-17T04:00:00+00:00,109176.74,107427.0,32.68885040774882,32.68885040774882,stop:new_low+bb_rebreak,2025-10-17T04:00:00+00:00,105542.09,-0.03329143185627281,1,False,time2,2025
79,2025-10-17T12:00:00+00:00,2025-10-17T12:00:00+00:00,2025-10-18T08:00:00+00:00,2025-10-18T12:00:00+00:00,107208.61,104533.21,34.974249348793336,33.98481611050006,time2,2025-10-18T16:00:00+00:00,107080.14,-0.0011983179336062522,2,False,time2,2025
80,2025-11-04T20:00:00+00:00,2025-11-04T20:00:00+00:00,2025-11-05T12:00:00+00:00,2025-11-05T16:00:00+00:00,103728.3,98944.36,27.94035890522086,27.94035890522086,time2,2025-11-05T20:00:00+00:00,103885.16,0.0015122199052717278,2,False,time2,2025
81,2025-11-18T08:00:00+00:00,2025-11-18T08:00:00+00:00,2025-11-18T12:00:00+00:00,2025-11-18T16:00:00+00:00,92910.1,90509.79,33.38142662630017,33.38142662630017,time2,2025-11-18T20:00:00+00:00,92960.83,0.0005460116822606498,2,False,time2,2025
82,2025-11-21T12:00:00+00:00,2025-11-21T12:00:00+00:00,2025-11-21T16:00:00+00:00,2025-11-21T20:00:00+00:00,84209.3,80600.0,25.033689822086785,25.033689822086785,time2,2025-11-22T00:00:00+00:00,84440.47,0.002745183726738043,2,False,time2,2025
83,2025-12-01T16:00:00+00:00,2025-12-01T16:00:00+00:00,2025-12-01T20:00:00+00:00,2025-12-02T00:00:00+00:00,86286.01,84030.95,26.780196718316542,26.780196718316542,time2,2025-12-02T04:00:00+00:00,87012.65,0.008421295642248472,2,False,time2,2025
84,2025-12-16T04:00:00+00:00,2025-12-16T04:00:00+00:00,2025-12-16T08:00:00+00:00,2025-12-16T12:00:00+00:00,87261.46,85266.0,30.250866643059386,30.250866643059386,time2,2025-12-16T16:00:00+00:00,87585.77,0.0037165319030876276,2,False,time2,2025
85,2026-01-26T00:00:00+00:00,2026-01-26T00:00:00+00:00,2026-01-26T04:00:00+00:00,2026-01-26T08:00:00+00:00,88000.64,86509.63,32.94892198026061,32.94892198026061,time2,2026-01-26T12:00:00+00:00,87641.41,-0.004082129402695256,2,False,time2,2026
86,2026-02-03T20:00:00+00:00,2026-02-03T20:00:00+00:00,2026-02-04T00:00:00+00:00,2026-02-04T04:00:00+00:00,76698.17,74586.54,32.18979956318503,32.18979956318503,time2,2026-02-04T08:00:00+00:00,76017.25,-0.008877917165429072,2,False,time2,2026
87,2026-02-06T00:00:00+00:00,2026-02-06T00:00:00+00:00,2026-02-06T08:00:00+00:00,2026-02-06T12:00:00+00:00,66631.32,60000.0,18.72131568606143,18.72131568606143,time2,2026-02-06T16:00:00+00:00,70731.46,0.06153472571157237,2,False,time2,2026
88,2026-02-28T08:00:00+00:00,2026-02-28T08:00:00+00:00,2026-02-28T12:00:00+00:00,2026-02-28T16:00:00+00:00,64841.17,63372.1,34.80029468589126,34.80029468589126,time2,2026-02-28T20:00:00+00:00,66973.26,0.03288173239316938,2,False,time2,2026
89,2026-03-27T20:00:00+00:00,2026-03-27T20:00:00+00:00,2026-03-28T12:00:00+00:00,2026-03-28T16:00:00+00:00,67014.92,65817.44,30.910733333541373,30.156529352797094,time2,2026-03-28T20:00:00+00:00,66377.03,-0.009518626598375435,2,False,time2,2026
90,2026-04-28T12:00:00+00:00,2026-04-28T12:00:00+00:00,2026-04-29T00:00:00+00:00,2026-04-29T04:00:00+00:00,76994.77,75666.6,38.3936397542525,38.3936397542525,time2,2026-04-29T08:00:00+00:00,77590.03,0.007731174468083912,2,False,time2,2026
91,2026-05-23T12:00:00+00:00,2026-05-23T12:00:00+00:00,2026-05-23T16:00:00+00:00,2026-05-23T20:00:00+00:00,75983.45,74660.05,37.99664741004276,37.99664741004276,time2,2026-05-24T00:00:00+00:00,76750.0,0.010088381088250165,2,False,time2,2026
92,2026-06-05T16:00:00+00:00,2026-06-05T16:00:00+00:00,2026-06-05T20:00:00+00:00,2026-06-06T00:00:00+00:00,61056.47,59130.91,21.07563221304075,21.07563221304075,time2,2026-06-06T04:00:00+00:00,61004.95,-0.0008438090181106528,2,False,time2,2026
93,2026-06-18T16:00:00+00:00,2026-06-18T16:00:00+00:00,2026-06-19T12:00:00+00:00,2026-06-19T16:00:00+00:00,63214.01,62272.07,37.67795458193743,35.822841795538125,time2,2026-06-19T20:00:00+00:00,63543.91,0.005218779824282649,2,False,time2,2026
94,2026-07-13T20:00:00+00:00,2026-07-13T20:00:00+00:00,2026-07-14T08:00:00+00:00,2026-07-14T12:00:00+00:00,62844.99,61882.88,35.86839767664438,35.86839767664438,time2,2026-07-14T16:00:00+00:00,64569.59,0.02744212386699396,2,False,time2,2026
95,2026-09-11T00:00:00+00:00,2026-09-11T00:00:00+00:00,2026-09-11T04:00:00+00:00,2026-09-11T08:00:00+00:00,77230.7,76563.01,32.71441300904047,32.71441300904047,time2,2026-09-11T12:00:00+00:00,77732.25,0.006494179128248234,2,False,time2,2026
1,2020-03-01T00:00:00+00:00,2020-03-01T00:00:00+00:00,2020-03-01T08:00:00+00:00,2020-03-01T12:00:00+00:00,8647.42,8511.11,37.659482101250696,34.91237551088909,stop:new_low,2020-03-01T16:00:00+00:00,8411.0,-0.027339946481147015,2,False,time3,2020
2,2020-03-09T12:00:00+00:00,2020-03-09T12:00:00+00:00,2020-03-09T16:00:00+00:00,2020-03-09T20:00:00+00:00,7842.04,7632.01,16.635616030183755,16.635616030183755,time3,2020-03-10T04:00:00+00:00,7900.14,0.007408786489229824,3,False,time3,2020
3,2020-03-13T04:00:00+00:00,2020-03-13T04:00:00+00:00,2020-03-13T20:00:00+00:00,2020-03-14T00:00:00+00:00,5576.05,4674.0,24.32522796623344,23.319768996429303,time3,2020-03-14T08:00:00+00:00,5448.38,-0.022896136153728874,3,False,time3,2020
4,2020-06-12T00:00:00+00:00,2020-06-12T00:00:00+00:00,2020-06-12T04:00:00+00:00,2020-06-12T08:00:00+00:00,9439.48,9232.51,33.29010973034232,33.29010973034232,time3,2020-06-12T16:00:00+00:00,9431.21,-0.0008761075821973607,3,False,time3,2020
5,2020-06-25T04:00:00+00:00,2020-06-25T04:00:00+00:00,2020-06-25T08:00:00+00:00,2020-06-25T12:00:00+00:00,9255.79,9090.17,36.01664995856142,36.01664995856142,time3,2020-06-25T20:00:00+00:00,9249.49,-0.0006806550278259937,3,False,time3,2020
6,2020-07-02T16:00:00+00:00,2020-07-02T16:00:00+00:00,2020-07-03T04:00:00+00:00,2020-07-03T08:00:00+00:00,9105.25,8940.0,37.988330598668206,37.988330598668206,time3,2020-07-03T16:00:00+00:00,9085.72,-0.0021449163943879634,3,False,time3,2020
7,2020-07-16T12:00:00+00:00,2020-07-16T12:00:00+00:00,2020-07-17T08:00:00+00:00,2020-07-17T12:00:00+00:00,9138.92,9069.31,39.33165427761757,37.98114451162426,time3,2020-07-17T20:00:00+00:00,9154.32,0.0016851006464657647,3,False,time3,2020
8,2020-08-11T20:00:00+00:00,2020-08-11T20:00:00+00:00,2020-08-12T12:00:00+00:00,2020-08-12T16:00:00+00:00,11581.54,11125.0,38.31785609206881,37.95879816230693,time3,2020-08-13T00:00:00+00:00,11567.21,-0.001237313863268752,3,False,time3,2020
9,2020-08-22T04:00:00+00:00,2020-08-22T04:00:00+00:00,2020-08-22T20:00:00+00:00,2020-08-23T00:00:00+00:00,11663.51,11411.87,39.27153446691021,38.45774324930768,time3,2020-08-23T08:00:00+00:00,11526.53,-0.011744320534727515,3,False,time3,2020
10,2020-09-04T04:00:00+00:00,2020-09-04T04:00:00+00:00,2020-09-04T08:00:00+00:00,2020-09-04T12:00:00+00:00,10422.52,10093.1,23.406765912249384,23.406765912249384,stop:new_low,2020-09-04T12:00:00+00:00,9875.5,-0.052484427950246215,1,False,time3,2020
11,2020-09-22T00:00:00+00:00,2020-09-22T00:00:00+00:00,2020-09-22T16:00:00+00:00,2020-09-22T20:00:00+00:00,10491.98,10353.0,34.03616153756697,31.642669367671783,time3,2020-09-23T04:00:00+00:00,10428.64,-0.006036992064414881,3,False,time3,2020
12,2020-12-09T08:00:00+00:00,2020-12-09T08:00:00+00:00,2020-12-09T20:00:00+00:00,2020-12-10T00:00:00+00:00,18541.29,17650.0,36.99265220536661,36.99265220536661,time3,2020-12-10T08:00:00+00:00,18192.49,-0.01881206755301268,3,False,time3,2020
13,2021-02-26T08:00:00+00:00,2021-02-26T08:00:00+00:00,2021-02-27T00:00:00+00:00,2021-02-27T04:00:00+00:00,47423.07,44939.19,38.83694055320289,38.83694055320289,time3,2021-02-27T12:00:00+00:00,46528.64,-0.018860651577386256,3,False,time3,2021
14,2021-04-18T12:00:00+00:00,2021-04-18T12:00:00+00:00,2021-04-19T00:00:00+00:00,2021-04-19T04:00:00+00:00,57030.9,53200.0,35.02046652770758,35.02046652770758,time3,2021-04-19T12:00:00+00:00,54585.22,-0.04288341933934059,3,False,time3,2021
15,2021-04-22T00:00:00+00:00,2021-04-22T00:00:00+00:00,2021-04-22T08:00:00+00:00,2021-04-22T12:00:00+00:00,54866.63,52561.0,38.548093882495216,38.548093882495216,stop:new_low+bb_rebreak,2021-04-22T16:00:00+00:00,52222.17,-0.04819796659645392,2,False,time3,2021
16,2021-04-23T08:00:00+00:00,2021-04-23T08:00:00+00:00,2021-04-23T20:00:00+00:00,2021-04-24T00:00:00+00:00,51110.56,47500.0,35.988268947333935,35.43161319277094,time3,2021-04-24T08:00:00+00:00,49073.71,-0.0398518427503044,3,False,time3,2021
17,2021-05-16T00:00:00+00:00,2021-05-16T00:00:00+00:00,2021-05-16T04:00:00+00:00,2021-05-16T08:00:00+00:00,49375.28,46467.0,38.74102761683764,38.74102761683764,time3,2021-05-16T16:00:00+00:00,45549.26,-0.07748857322935676,3,False,time3,2021
18,2021-05-23T16:00:00+00:00,2021-05-23T16:00:00+00:00,2021-05-23T20:00:00+00:00,2021-05-24T00:00:00+00:00,34681.44,31111.01,30.360283767454877,30.360283767454877,time3,2021-05-24T08:00:00+00:00,37600.01,0.08415365682624487,3,False,time3,2021
19,2021-09-11T00:00:00+00:00,2021-09-11T00:00:00+00:00,2021-09-11T08:00:00+00:00,2021-09-11T12:00:00+00:00,45555.68,44722.22,36.24003737667735,35.42177967050323,time3,2021-09-11T20:00:00+00:00,45173.69,-0.008385123435760367,3,False,time3,2021
20,2021-11-19T08:00:00+00:00,2021-11-19T08:00:00+00:00,2021-11-19T12:00:00+00:00,2021-11-19T16:00:00+00:00,57887.96,55986.05,31.886365867046905,31.886365867046905,time3,2021-11-20T00:00:00+00:00,58513.1,0.010799136815323962,3,False,time3,2021
21,2021-12-04T12:00:00+00:00,2021-12-04T12:00:00+00:00,2021-12-04T16:00:00+00:00,2021-12-04T20:00:00+00:00,49249.99,46489.66,26.371511664503544,26.371511664503544,time3,2021-12-05T04:00:00+00:00,49289.18,0.0007957362021799863,3,False,time3,2021
22,2021-12-13T20:00:00+00:00,2021-12-13T20:00:00+00:00,2021-12-14T08:00:00+00:00,2021-12-14T12:00:00+00:00,47617.99,46214.13,35.3950188821331,35.3950188821331,time3,2021-12-14T20:00:00+00:00,48343.28,0.01523142829002233,3,False,time3,2021
23,2021-12-31T20:00:00+00:00,2021-12-31T20:00:00+00:00,2022-01-01T00:00:00+00:00,2022-01-01T04:00:00+00:00,46813.21,45678.0,37.68546373721937,37.68546373721937,time3,2022-01-01T12:00:00+00:00,47219.04,0.008669134203785678,3,False,time3,2022
24,2022-01-06T12:00:00+00:00,2022-01-06T12:00:00+00:00,2022-01-06T16:00:00+00:00,2022-01-06T20:00:00+00:00,43438.11,42632.44,28.6553022891905,28.6553022891905,stop:new_low,2022-01-07T00:00:00+00:00,41577.77,-0.04282736979118118,2,False,time3,2022
25,2022-02-12T04:00:00+00:00,2022-02-12T04:00:00+00:00,2022-02-12T16:00:00+00:00,2022-02-12T20:00:00+00:00,42662.47,41688.88,39.55251646889326,39.55251646889326,time3,2022-02-13T04:00:00+00:00,42412.4,-0.005861592167542118,3,False,time3,2022
26,2022-02-22T04:00:00+00:00,2022-02-22T04:00:00+00:00,2022-02-22T08:00:00+00:00,2022-02-22T12:00:00+00:00,37519.47,36515.87,31.76061041807661,31.76061041807661,time3,2022-02-22T20:00:00+00:00,38230.33,0.01894642968037652,3,False,time3,2022
27,2022-02-24T08:00:00+00:00,2022-02-24T08:00:00+00:00,2022-02-24T16:00:00+00:00,2022-02-24T20:00:00+00:00,37300.0,34818.09,33.32478188920051,33.32478188920051,time3,2022-02-25T04:00:00+00:00,38466.24,0.031266487935656784,3,False,time3,2022
28,2022-03-05T04:00:00+00:00,2022-03-05T04:00:00+00:00,2022-03-05T16:00:00+00:00,2022-03-05T20:00:00+00:00,39433.71,38407.59,29.190983343326337,29.190983343326337,time3,2022-03-06T04:00:00+00:00,39387.57,-0.0011700649013242082,3,False,time3,2022
29,2022-03-07T20:00:00+00:00,2022-03-07T20:00:00+00:00,2022-03-08T00:00:00+00:00,2022-03-08T04:00:00+00:00,38696.56,37155.0,39.25956684978238,39.25956684978238,time3,2022-03-08T12:00:00+00:00,38658.34,-0.0009876846934198102,3,False,time3,2022
30,2022-04-25T08:00:00+00:00,2022-04-25T08:00:00+00:00,2022-04-25T16:00:00+00:00,2022-04-25T20:00:00+00:00,40225.98,38209.36,36.07427830485599,36.07427830485599,time3,2022-04-26T04:00:00+00:00,40584.5,0.008912647995151346,3,False,time3,2022
31,2022-05-01T00:00:00+00:00,2022-05-01T00:00:00+00:00,2022-05-01T12:00:00+00:00,2022-05-01T16:00:00+00:00,38490.01,37386.38,39.16549655704332,38.179643525229,time3,2022-05-02T00:00:00+00:00,38674.1,0.004782799484853273,3,False,time3,2022
32,2022-05-12T04:00:00+00:00,2022-05-12T04:00:00+00:00,2022-05-12T12:00:00+00:00,2022-05-12T16:00:00+00:00,29021.26,26700.0,22.9374530900386,22.9374530900386,time3,2022-05-13T00:00:00+00:00,30582.54,0.05379780202513618,3,False,time3,2022
33,2022-06-14T00:00:00+00:00,2022-06-14T00:00:00+00:00,2022-06-14T04:00:00+00:00,2022-06-14T08:00:00+00:00,22877.52,20846.0,12.405168424371835,12.405168424371835,time3,2022-06-14T16:00:00+00:00,22196.28,-0.029777703177617187,3,False,time3,2022
34,2022-06-18T20:00:00+00:00,2022-06-18T20:00:00+00:00,2022-06-19T08:00:00+00:00,2022-06-19T12:00:00+00:00,19692.49,17622.0,32.074860386957965,28.769117696787877,time3,2022-06-19T20:00:00+00:00,20574.0,0.044763765272954226,3,False,time3,2022
35,2022-08-17T20:00:00+00:00,2022-08-17T20:00:00+00:00,2022-08-18T08:00:00+00:00,2022-08-18T12:00:00+00:00,23534.43,23180.4,36.10844184742907,36.10844184742907,time3,2022-08-18T20:00:00+00:00,23191.2,-0.014584164562302937,3,False,time3,2022
36,2022-08-20T00:00:00+00:00,2022-08-20T00:00:00+00:00,2022-08-20T12:00:00+00:00,2022-08-20T16:00:00+00:00,21300.5,20792.92,21.99504849577468,21.99504849577468,stop:new_low,2022-08-20T20:00:00+00:00,20761.9,-0.02528579141334708,2,False,time3,2022
37,2022-09-07T04:00:00+00:00,2022-09-07T04:00:00+00:00,2022-09-07T16:00:00+00:00,2022-09-07T20:00:00+00:00,18992.37,18671.22,28.635886199075088,27.73399917653458,time3,2022-09-08T04:00:00+00:00,19171.66,0.009440106737600429,3,False,time3,2022
38,2022-09-19T12:00:00+00:00,2022-09-19T12:00:00+00:00,2022-09-19T16:00:00+00:00,2022-09-19T20:00:00+00:00,19514.8,18676.47,38.10572748272779,38.10572748272779,time3,2022-09-20T04:00:00+00:00,19357.93,-0.008038514358333138,3,False,time3,2022
39,2022-10-11T04:00:00+00:00,2022-10-11T04:00:00+00:00,2022-10-11T08:00:00+00:00,2022-10-11T12:00:00+00:00,19153.68,19010.0,29.697273578178923,29.697273578178923,stop:new_low,2022-10-11T12:00:00+00:00,18860.0,-0.015332823770680126,1,False,time3,2022
40,2022-10-13T12:00:00+00:00,2022-10-13T12:00:00+00:00,2022-10-13T16:00:00+00:00,2022-10-13T20:00:00+00:00,19369.94,18190.0,38.86502735802421,38.86502735802421,time3,2022-10-14T04:00:00+00:00,19642.35,0.014063543820992619,3,False,time3,2022
41,2022-11-28T16:00:00+00:00,2022-11-28T16:00:00+00:00,2022-11-29T00:00:00+00:00,2022-11-29T04:00:00+00:00,16287.53,15995.27,39.10233402693478,38.56772469639564,time3,2022-11-29T12:00:00+00:00,16393.48,0.006504976506566562,3,False,time3,2022
42,2022-12-17T00:00:00+00:00,2022-12-17T00:00:00+00:00,2022-12-17T20:00:00+00:00,2022-12-18T00:00:00+00:00,16777.54,16579.85,29.34155530188231,29.34155530188231,time3,2022-12-18T08:00:00+00:00,16711.35,-0.0039451552492202335,3,False,time3,2022
43,2023-02-06T04:00:00+00:00,2023-02-06T04:00:00+00:00,2023-02-06T12:00:00+00:00,2023-02-06T16:00:00+00:00,23042.86,22628.13,34.40110867473193,34.35845394984278,time3,2023-02-07T00:00:00+00:00,22877.99,-0.007154927817119905,3,False,time3,2023
44,2023-02-22T16:00:00+00:00,2023-02-22T16:00:00+00:00,2023-02-22T20:00:00+00:00,2023-02-23T00:00:00+00:00,24182.21,23574.69,38.34747254245966,38.34747254245966,time3,2023-02-23T08:00:00+00:00,23780.2,-0.016624204322102876,3,False,time3,2023
45,2023-03-10T12:00:00+00:00,2023-03-10T12:00:00+00:00,2023-03-10T20:00:00+00:00,2023-03-11T00:00:00+00:00,20150.69,19657.11,18.92571035710752,18.92571035710752,time3,2023-03-11T08:00:00+00:00,20086.07,-0.0032068380784975314,3,False,time3,2023
46,2023-05-01T20:00:00+00:00,2023-05-01T20:00:00+00:00,2023-05-02T12:00:00+00:00,2023-05-02T16:00:00+00:00,28540.69,27666.95,37.083030236314414,36.76253452436808,time3,2023-05-03T00:00:00+00:00,28520.9,-0.0006933959900757847,3,False,time3,2023
47,2023-06-10T16:00:00+00:00,2023-06-10T16:00:00+00:00,2023-06-11T16:00:00+00:00,2023-06-11T20:00:00+00:00,26030.89,25358.0,36.48261514287007,36.48261514287007,time3,2023-06-12T04:00:00+00:00,25802.98,-0.008755367181068285,3,False,time3,2023
48,2023-06-15T12:00:00+00:00,2023-06-15T12:00:00+00:00,2023-06-15T16:00:00+00:00,2023-06-15T20:00:00+00:00,25455.49,24921.11,28.68660592270838,28.68660592270838,time3,2023-06-16T04:00:00+00:00,25537.01,0.0032024525947054183,3,False,time3,2023
49,2023-08-01T12:00:00+00:00,2023-08-01T12:00:00+00:00,2023-08-01T16:00:00+00:00,2023-08-01T20:00:00+00:00,29274.42,28585.7,39.77156949784722,39.77156949784722,time3,2023-08-02T04:00:00+00:00,29577.26,0.010344867635293964,3,False,time3,2023
50,2023-08-22T20:00:00+00:00,2023-08-22T20:00:00+00:00,2023-08-23T12:00:00+00:00,2023-08-23T16:00:00+00:00,26143.99,25300.0,39.62698732650807,37.174632552239245,time3,2023-08-24T00:00:00+00:00,26442.01,0.011399178166760171,3,False,time3,2023
51,2023-09-25T12:00:00+00:00,2023-09-25T12:00:00+00:00,2023-09-26T00:00:00+00:00,2023-09-26T04:00:00+00:00,26353.87,25990.46,37.38715927801317,37.38715927801317,time3,2023-09-26T12:00:00+00:00,26126.66,-0.008621504166181237,3,False,time3,2023
52,2023-11-15T04:00:00+00:00,2023-11-15T04:00:00+00:00,2023-11-15T08:00:00+00:00,2023-11-15T12:00:00+00:00,36240.95,35375.38,35.77132794759568,35.77132794759568,time3,2023-11-15T20:00:00+00:00,37858.2,0.04462493394902722,3,False,time3,2023
53,2023-11-27T16:00:00+00:00,2023-11-27T16:00:00+00:00,2023-11-27T20:00:00+00:00,2023-11-28T00:00:00+00:00,37242.7,36707.0,38.37516648549765,38.37516648549765,time3,2023-11-28T08:00:00+00:00,37251.42,0.00023413984485554096,3,False,time3,2023
54,2023-12-11T20:00:00+00:00,2023-12-11T20:00:00+00:00,2023-12-12T00:00:00+00:00,2023-12-12T04:00:00+00:00,41735.29,40554.0,32.70183827749268,32.70183827749268,time3,2023-12-12T12:00:00+00:00,41348.0,-0.009279676743590426,3,False,time3,2023
55,2023-12-18T08:00:00+00:00,2023-12-18T08:00:00+00:00,2023-12-18T16:00:00+00:00,2023-12-18T20:00:00+00:00,41701.11,40542.93,36.912420836571314,36.912420836571314,time3,2023-12-19T04:00:00+00:00,43036.16,0.03201473533917931,3,False,time3,2023
56,2023-12-26T20:00:00+00:00,2023-12-26T20:00:00+00:00,2023-12-27T08:00:00+00:00,2023-12-27T12:00:00+00:00,43019.11,42055.0,39.34372250076514,36.00979502351877,time3,2023-12-27T20:00:00+00:00,43428.85,0.009524604297950434,3,False,time3,2023
57,2024-04-17T16:00:00+00:00,2024-04-17T16:00:00+00:00,2024-04-18T00:00:00+00:00,2024-04-18T04:00:00+00:00,61987.99,59678.16,35.178931954265764,35.178931954265764,time3,2024-04-18T12:00:00+00:00,63498.7,0.024371011223303096,3,False,time3,2024
58,2024-06-11T16:00:00+00:00,2024-06-11T16:00:00+00:00,2024-06-12T08:00:00+00:00,2024-06-12T12:00:00+00:00,67778.43,66161.26,36.7703845353237,36.19857247896167,time3,2024-06-12T20:00:00+00:00,68263.99,0.007163931061843876,3,False,time3,2024
59,2024-06-24T20:00:00+00:00,2024-06-24T20:00:00+00:00,2024-06-25T00:00:00+00:00,2024-06-25T04:00:00+00:00,61302.59,58402.0,25.89619187616861,25.89619187616861,time3,2024-06-25T12:00:00+00:00,61810.0,0.008277138045880372,3,False,time3,2024
60,2024-06-28T20:00:00+00:00,2024-06-28T20:00:00+00:00,2024-06-29T04:00:00+00:00,2024-06-29T08:00:00+00:00,61052.3,60063.0,38.82593159646929,38.82593159646929,time3,2024-06-29T16:00:00+00:00,61057.39,8.337114244660881e-05,3,False,time3,2024
61,2024-07-05T08:00:00+00:00,2024-07-05T08:00:00+00:00,2024-07-05T12:00:00+00:00,2024-07-05T16:00:00+00:00,56662.99,53900.0,27.53655285264277,27.53655285264277,time3,2024-07-06T00:00:00+00:00,56410.0,-0.004464819099733286,3,False,time3,2024
62,2024-08-01T16:00:00+00:00,2024-08-01T16:00:00+00:00,2024-08-01T20:00:00+00:00,2024-08-02T00:00:00+00:00,65354.02,62302.0,32.71659413215984,32.71659413215984,time3,2024-08-02T08:00:00+00:00,64660.01,-0.010619239642794653,3,False,time3,2024
63,2024-08-05T12:00:00+00:00,2024-08-05T12:00:00+00:00,2024-08-06T00:00:00+00:00,2024-08-06T04:00:00+00:00,55665.73,49542.83,30.963010316627745,29.2388848170026,time3,2024-08-06T12:00:00+00:00,56405.99,0.013298307594277414,3,False,time3,2024
64,2024-09-02T00:00:00+00:00,2024-09-02T00:00:00+00:00,2024-09-02T08:00:00+00:00,2024-09-02T12:00:00+00:00,58422.01,57128.0,37.253345551499095,35.9062778060966,time3,2024-09-02T20:00:00+00:00,59132.13,0.012155008018382096,3,False,time3,2024
65,2024-09-06T20:00:00+00:00,2024-09-06T20:00:00+00:00,2024-09-07T08:00:00+00:00,2024-09-07T12:00:00+00:00,54326.01,52550.0,30.06563440830233,29.429071604687408,time3,2024-09-07T20:00:00+00:00,54160.86,-0.0030399802967308043,3,False,time3,2024
66,2024-10-10T00:00:00+00:00,2024-10-10T00:00:00+00:00,2024-10-10T08:00:00+00:00,2024-10-10T12:00:00+00:00,61262.01,60355.0,36.01931295169814,36.01931295169814,stop:new_low+bb_rebreak,2024-10-10T16:00:00+00:00,58946.0,-0.0378049952980648,2,False,time3,2024
67,2024-10-10T20:00:00+00:00,2024-10-10T20:00:00+00:00,2024-10-11T08:00:00+00:00,2024-10-11T12:00:00+00:00,61174.88,59586.29,37.4990578301236,37.4990578301236,time3,2024-10-11T20:00:00+00:00,62540.0,0.02231504172954657,3,False,time3,2024
68,2024-12-10T16:00:00+00:00,2024-12-10T16:00:00+00:00,2024-12-11T00:00:00+00:00,2024-12-11T04:00:00+00:00,97398.42,94256.54,37.24691904275669,37.24691904275669,time3,2024-12-11T12:00:00+00:00,100361.64,0.030423696811508805,3,False,time3,2024
69,2025-01-13T16:00:00+00:00,2025-01-13T16:00:00+00:00,2025-01-13T20:00:00+00:00,2025-01-14T00:00:00+00:00,94536.11,91250.0,39.66906224659154,39.66906224659154,time3,2025-01-14T08:00:00+00:00,96548.04,0.021282132298441336,3,False,time3,2025
70,2025-02-25T16:00:00+00:00,2025-02-25T16:00:00+00:00,2025-02-25T20:00:00+00:00,2025-02-26T00:00:00+00:00,88680.39,86157.69,22.855137939761136,22.855137939761136,time3,2025-02-26T08:00:00+00:00,88616.8,-0.000717069467105369,3,False,time3,2025
71,2025-02-26T20:00:00+00:00,2025-02-26T20:00:00+00:00,2025-02-27T00:00:00+00:00,2025-02-27T04:00:00+00:00,85226.32,82256.01,20.73576141822643,20.73576141822643,time3,2025-02-27T12:00:00+00:00,85500.84,0.0032210706739419503,3,False,time3,2025
72,2025-02-28T08:00:00+00:00,2025-02-28T08:00:00+00:00,2025-02-28T12:00:00+00:00,2025-02-28T16:00:00+00:00,84005.05,78258.52,27.922348009324296,27.922348009324296,time3,2025-03-01T00:00:00+00:00,85330.84,0.015782265470944745,3,False,time3,2025
73,2025-03-10T00:00:00+00:00,2025-03-10T00:00:00+00:00,2025-03-10T08:00:00+00:00,2025-03-10T12:00:00+00:00,83582.0,80037.62,34.34772362730172,34.34772362730172,stop:new_low+bb_rebreak,2025-03-10T12:00:00+00:00,79177.03,-0.05270237610968875,1,False,time3,2025
74,2025-04-07T08:00:00+00:00,2025-04-07T08:00:00+00:00,2025-04-07T12:00:00+00:00,2025-04-07T16:00:00+00:00,78479.91,75085.74,29.589400931833566,29.589400931833566,time3,2025-04-08T00:00:00+00:00,79904.0,0.018145917853371607,3,False,time3,2025
75,2025-05-30T00:00:00+00:00,2025-05-30T00:00:00+00:00,2025-05-30T08:00:00+00:00,2025-05-30T12:00:00+00:00,105880.5,104600.5,38.26258396552857,34.0526550757252,stop:new_low,2025-05-30T16:00:00+00:00,103706.71,-0.020530598174356873,2,False,time3,2025
76,2025-06-06T00:00:00+00:00,2025-06-06T00:00:00+00:00,2025-06-06T08:00:00+00:00,2025-06-06T12:00:00+00:00,103927.99,101095.8,37.03219038440188,37.03219038440188,time3,2025-06-06T20:00:00+00:00,104288.44,0.003468266825905175,3,False,time3,2025
77,2025-06-13T04:00:00+00:00,2025-06-13T04:00:00+00:00,2025-06-13T20:00:00+00:00,2025-06-14T00:00:00+00:00,106066.59,103782.75,35.14446173565763,35.14446173565763,time3,2025-06-14T08:00:00+00:00,105082.01,-0.009282659129514759,3,False,time3,2025
78,2025-10-16T20:00:00+00:00,2025-10-16T20:00:00+00:00,2025-10-17T00:00:00+00:00,2025-10-17T04:00:00+00:00,109176.74,107427.0,32.68885040774882,32.68885040774882,stop:new_low+bb_rebreak,2025-10-17T04:00:00+00:00,105542.09,-0.03329143185627281,1,False,time3,2025
79,2025-10-17T12:00:00+00:00,2025-10-17T12:00:00+00:00,2025-10-18T08:00:00+00:00,2025-10-18T12:00:00+00:00,107208.61,104533.21,34.974249348793336,33.98481611050006,time3,2025-10-18T20:00:00+00:00,107185.01,-0.00022013157338762745,3,False,time3,2025
80,2025-11-04T20:00:00+00:00,2025-11-04T20:00:00+00:00,2025-11-05T12:00:00+00:00,2025-11-05T16:00:00+00:00,103728.3,98944.36,27.94035890522086,27.94035890522086,time3,2025-11-06T00:00:00+00:00,103636.03,-0.0008895354498242858,3,False,time3,2025
81,2025-11-18T08:00:00+00:00,2025-11-18T08:00:00+00:00,2025-11-18T12:00:00+00:00,2025-11-18T16:00:00+00:00,92910.1,90509.79,33.38142662630017,33.38142662630017,time3,2025-11-19T00:00:00+00:00,91874.52,-0.01114604332575253,3,False,time3,2025
82,2025-11-21T12:00:00+00:00,2025-11-21T12:00:00+00:00,2025-11-21T16:00:00+00:00,2025-11-21T20:00:00+00:00,84209.3,80600.0,25.033689822086785,25.033689822086785,time3,2025-11-22T04:00:00+00:00,84580.06,0.004402839116344648,3,False,time3,2025
83,2025-12-01T16:00:00+00:00,2025-12-01T16:00:00+00:00,2025-12-01T20:00:00+00:00,2025-12-02T00:00:00+00:00,86286.01,84030.95,26.780196718316542,26.780196718316542,time3,2025-12-02T08:00:00+00:00,87368.92,0.01255023844537484,3,False,time3,2025
84,2025-12-16T04:00:00+00:00,2025-12-16T04:00:00+00:00,2025-12-16T08:00:00+00:00,2025-12-16T12:00:00+00:00,87261.46,85266.0,30.250866643059386,30.250866643059386,time3,2025-12-16T20:00:00+00:00,87863.42,0.00689834893892427,3,False,time3,2025
85,2026-01-26T00:00:00+00:00,2026-01-26T00:00:00+00:00,2026-01-26T04:00:00+00:00,2026-01-26T08:00:00+00:00,88000.64,86509.63,32.94892198026061,32.94892198026061,time3,2026-01-26T16:00:00+00:00,88013.19,0.00014261259918102454,3,False,time3,2026
86,2026-02-03T20:00:00+00:00,2026-02-03T20:00:00+00:00,2026-02-04T00:00:00+00:00,2026-02-04T04:00:00+00:00,76698.17,74586.54,32.18979956318503,32.18979956318503,time3,2026-02-04T12:00:00+00:00,74136.36,-0.03340118805963688,3,False,time3,2026
87,2026-02-06T00:00:00+00:00,2026-02-06T00:00:00+00:00,2026-02-06T08:00:00+00:00,2026-02-06T12:00:00+00:00,66631.32,60000.0,18.72131568606143,18.72131568606143,time3,2026-02-06T20:00:00+00:00,70580.26,0.05926552258007178,3,False,time3,2026
88,2026-02-28T08:00:00+00:00,2026-02-28T08:00:00+00:00,2026-02-28T12:00:00+00:00,2026-02-28T16:00:00+00:00,64841.17,63372.1,34.80029468589126,34.80029468589126,time3,2026-03-01T00:00:00+00:00,67502.16,0.041038587058191744,3,False,time3,2026
89,2026-03-27T20:00:00+00:00,2026-03-27T20:00:00+00:00,2026-03-28T12:00:00+00:00,2026-03-28T16:00:00+00:00,67014.92,65817.44,30.910733333541373,30.156529352797094,time3,2026-03-29T00:00:00+00:00,66912.0,-0.0015357774059865381,3,False,time3,2026
90,2026-04-28T12:00:00+00:00,2026-04-28T12:00:00+00:00,2026-04-29T00:00:00+00:00,2026-04-29T04:00:00+00:00,76994.77,75666.6,38.3936397542525,38.3936397542525,time3,2026-04-29T12:00:00+00:00,75924.25,-0.013903801517947345,3,False,time3,2026
91,2026-05-23T12:00:00+00:00,2026-05-23T12:00:00+00:00,2026-05-23T16:00:00+00:00,2026-05-23T20:00:00+00:00,75983.45,74660.05,37.99664741004276,37.99664741004276,time3,2026-05-24T04:00:00+00:00,76799.99,0.010746287513925923,3,False,time3,2026
92,2026-06-05T16:00:00+00:00,2026-06-05T16:00:00+00:00,2026-06-05T20:00:00+00:00,2026-06-06T00:00:00+00:00,61056.47,59130.91,21.07563221304075,21.07563221304075,time3,2026-06-06T08:00:00+00:00,60802.91,-0.004152876836803654,3,False,time3,2026
93,2026-06-18T16:00:00+00:00,2026-06-18T16:00:00+00:00,2026-06-19T12:00:00+00:00,2026-06-19T16:00:00+00:00,63214.01,62272.07,37.67795458193743,35.822841795538125,time3,2026-06-20T00:00:00+00:00,63476.79,0.004156989882464268,3,False,time3,2026
94,2026-07-13T20:00:00+00:00,2026-07-13T20:00:00+00:00,2026-07-14T08:00:00+00:00,2026-07-14T12:00:00+00:00,62844.99,61882.88,35.86839767664438,35.86839767664438,time3,2026-07-14T20:00:00+00:00,65043.98,0.03499069695134027,3,False,time3,2026
95,2026-09-11T00:00:00+00:00,2026-09-11T00:00:00+00:00,2026-09-11T04:00:00+00:00,2026-09-11T08:00:00+00:00,77230.7,76563.01,32.71441300904047,32.71441300904047,stop:new_low,2026-09-11T12:00:00+00:00,76046.58,-0.01533224481974127,2,False,time3,2026
1,2020-03-01T00:00:00+00:00,2020-03-01T00:00:00+00:00,2020-03-01T08:00:00+00:00,2020-03-01T12:00:00+00:00,8647.42,8511.11,37.659482101250696,34.91237551088909,stop:new_low,2020-03-01T16:00:00+00:00,8411.0,-0.027339946481147015,2,False,time6,2020
2,2020-03-09T12:00:00+00:00,2020-03-09T12:00:00+00:00,2020-03-09T16:00:00+00:00,2020-03-09T20:00:00+00:00,7842.04,7632.01,16.635616030183755,16.635616030183755,time6,2020-03-10T16:00:00+00:00,7978.8,0.01743933976363299,6,False,time6,2020
3,2020-03-13T04:00:00+00:00,2020-03-13T04:00:00+00:00,2020-03-13T20:00:00+00:00,2020-03-14T00:00:00+00:00,5576.05,4674.0,24.32522796623344,23.319768996429303,time6,2020-03-14T20:00:00+00:00,5172.06,-0.07245092852467239,6,False,time6,2020
4,2020-06-12T00:00:00+00:00,2020-06-12T00:00:00+00:00,2020-06-12T04:00:00+00:00,2020-06-12T08:00:00+00:00,9439.48,9232.51,33.29010973034232,33.29010973034232,time6,2020-06-13T04:00:00+00:00,9437.9,-0.00016738210155642363,6,False,time6,2020
5,2020-06-25T04:00:00+00:00,2020-06-25T04:00:00+00:00,2020-06-25T08:00:00+00:00,2020-06-25T12:00:00+00:00,9255.79,9090.17,36.01664995856142,36.01664995856142,time6,2020-06-26T08:00:00+00:00,9189.38,-0.007174968317129271,6,False,time6,2020
6,2020-07-02T16:00:00+00:00,2020-07-02T16:00:00+00:00,2020-07-03T04:00:00+00:00,2020-07-03T08:00:00+00:00,9105.25,8940.0,37.988330598668206,37.988330598668206,time6,2020-07-04T04:00:00+00:00,9073.54,-0.0034826061887371917,6,False,time6,2020
7,2020-07-16T12:00:00+00:00,2020-07-16T12:00:00+00:00,2020-07-17T08:00:00+00:00,2020-07-17T12:00:00+00:00,9138.92,9069.31,39.33165427761757,37.98114451162426,time6,2020-07-18T08:00:00+00:00,9159.9,0.002295676075509956,6,False,time6,2020
8,2020-08-11T20:00:00+00:00,2020-08-11T20:00:00+00:00,2020-08-12T12:00:00+00:00,2020-08-12T16:00:00+00:00,11581.54,11125.0,38.31785609206881,37.95879816230693,time6,2020-08-13T12:00:00+00:00,11499.78,-0.00705951022057516,6,False,time6,2020
9,2020-08-22T04:00:00+00:00,2020-08-22T04:00:00+00:00,2020-08-22T20:00:00+00:00,2020-08-23T00:00:00+00:00,11663.51,11411.87,39.27153446691021,38.45774324930768,time6,2020-08-23T20:00:00+00:00,11648.13,-0.0013186425012711167,6,False,time6,2020
10,2020-09-04T04:00:00+00:00,2020-09-04T04:00:00+00:00,2020-09-04T08:00:00+00:00,2020-09-04T12:00:00+00:00,10422.52,10093.1,23.406765912249384,23.406765912249384,stop:new_low,2020-09-04T12:00:00+00:00,9875.5,-0.052484427950246215,1,False,time6,2020
11,2020-09-22T00:00:00+00:00,2020-09-22T00:00:00+00:00,2020-09-22T16:00:00+00:00,2020-09-22T20:00:00+00:00,10491.98,10353.0,34.03616153756697,31.642669367671783,time6,2020-09-23T16:00:00+00:00,10293.0,-0.018964961808924485,6,False,time6,2020
12,2020-12-09T08:00:00+00:00,2020-12-09T08:00:00+00:00,2020-12-09T20:00:00+00:00,2020-12-10T00:00:00+00:00,18541.29,17650.0,36.99265220536661,36.99265220536661,time6,2020-12-10T20:00:00+00:00,18254.63,-0.0154606286833332,6,False,time6,2020
13,2021-02-26T08:00:00+00:00,2021-02-26T08:00:00+00:00,2021-02-27T00:00:00+00:00,2021-02-27T04:00:00+00:00,47423.07,44939.19,38.83694055320289,38.83694055320289,time6,2021-02-28T00:00:00+00:00,44629.17,-0.058914363831780614,6,False,time6,2021
14,2021-04-18T12:00:00+00:00,2021-04-18T12:00:00+00:00,2021-04-19T00:00:00+00:00,2021-04-19T04:00:00+00:00,57030.9,53200.0,35.02046652770758,35.02046652770758,time6,2021-04-20T00:00:00+00:00,54764.12,-0.039746523375924214,6,False,time6,2021
15,2021-04-22T00:00:00+00:00,2021-04-22T00:00:00+00:00,2021-04-22T08:00:00+00:00,2021-04-22T12:00:00+00:00,54866.63,52561.0,38.548093882495216,38.548093882495216,stop:new_low+bb_rebreak,2021-04-22T16:00:00+00:00,52222.17,-0.04819796659645392,2,False,time6,2021
16,2021-04-23T08:00:00+00:00,2021-04-23T08:00:00+00:00,2021-04-23T20:00:00+00:00,2021-04-24T00:00:00+00:00,51110.56,47500.0,35.988268947333935,35.43161319277094,time6,2021-04-24T20:00:00+00:00,50047.84,-0.020792572024254885,6,False,time6,2021
17,2021-05-16T00:00:00+00:00,2021-05-16T00:00:00+00:00,2021-05-16T04:00:00+00:00,2021-05-16T08:00:00+00:00,49375.28,46467.0,38.74102761683764,38.74102761683764,stop:new_low+bb_rebreak,2021-05-16T16:00:00+00:00,44444.44,-0.0998645476035781,3,False,time6,2021
18,2021-05-23T16:00:00+00:00,2021-05-23T16:00:00+00:00,2021-05-23T20:00:00+00:00,2021-05-24T00:00:00+00:00,34681.44,31111.01,30.360283767454877,30.360283767454877,time6,2021-05-24T20:00:00+00:00,38796.29,0.11864703426385992,6,False,time6,2021
19,2021-09-11T00:00:00+00:00,2021-09-11T00:00:00+00:00,2021-09-11T08:00:00+00:00,2021-09-11T12:00:00+00:00,45555.68,44722.22,36.24003737667735,35.42177967050323,time6,2021-09-12T08:00:00+00:00,46085.9,0.011638943815568181,6,False,time6,2021
20,2021-11-19T08:00:00+00:00,2021-11-19T08:00:00+00:00,2021-11-19T12:00:00+00:00,2021-11-19T16:00:00+00:00,57887.96,55986.05,31.886365867046905,31.886365867046905,time6,2021-11-20T12:00:00+00:00,57588.37,-0.005175342160960494,6,False,time6,2021
21,2021-12-04T12:00:00+00:00,2021-12-04T12:00:00+00:00,2021-12-04T16:00:00+00:00,2021-12-04T20:00:00+00:00,49249.99,46489.66,26.371511664503544,26.371511664503544,time6,2021-12-05T16:00:00+00:00,48902.45,-0.0070566511790154385,6,False,time6,2021
22,2021-12-13T20:00:00+00:00,2021-12-13T20:00:00+00:00,2021-12-14T08:00:00+00:00,2021-12-14T12:00:00+00:00,47617.99,46214.13,35.3950188821331,35.3950188821331,time6,2021-12-15T08:00:00+00:00,48132.54,0.010805789996595871,6,False,time6,2021
23,2021-12-31T20:00:00+00:00,2021-12-31T20:00:00+00:00,2022-01-01T00:00:00+00:00,2022-01-01T04:00:00+00:00,46813.21,45678.0,37.68546373721937,37.68546373721937,time6,2022-01-02T00:00:00+00:00,47329.47,0.011028083739611061,6,False,time6,2022
24,2022-01-06T12:00:00+00:00,2022-01-06T12:00:00+00:00,2022-01-06T16:00:00+00:00,2022-01-06T20:00:00+00:00,43438.11,42632.44,28.6553022891905,28.6553022891905,stop:new_low,2022-01-07T00:00:00+00:00,41577.77,-0.04282736979118118,2,False,time6,2022
25,2022-02-12T04:00:00+00:00,2022-02-12T04:00:00+00:00,2022-02-12T16:00:00+00:00,2022-02-12T20:00:00+00:00,42662.47,41688.88,39.55251646889326,39.55251646889326,time6,2022-02-13T16:00:00+00:00,42031.16,-0.014797783625748795,6,False,time6,2022
26,2022-02-22T04:00:00+00:00,2022-02-22T04:00:00+00:00,2022-02-22T08:00:00+00:00,2022-02-22T12:00:00+00:00,37519.47,36515.87,31.76061041807661,31.76061041807661,time6,2022-02-23T08:00:00+00:00,38782.91,0.03367424966290833,6,False,time6,2022
27,2022-02-24T08:00:00+00:00,2022-02-24T08:00:00+00:00,2022-02-24T16:00:00+00:00,2022-02-24T20:00:00+00:00,37300.0,34818.09,33.32478188920051,33.32478188920051,time6,2022-02-25T16:00:00+00:00,38676.14,0.036893833780160756,6,False,time6,2022
28,2022-03-05T04:00:00+00:00,2022-03-05T04:00:00+00:00,2022-03-05T16:00:00+00:00,2022-03-05T20:00:00+00:00,39433.71,38407.59,29.190983343326337,29.190983343326337,stop:new_low,2022-03-06T08:00:00+00:00,38088.57,-0.03411142395681255,4,False,time6,2022
29,2022-03-07T20:00:00+00:00,2022-03-07T20:00:00+00:00,2022-03-08T00:00:00+00:00,2022-03-08T04:00:00+00:00,38696.56,37155.0,39.25956684978238,39.25956684978238,time6,2022-03-09T00:00:00+00:00,41217.73,0.06515230294372443,6,False,time6,2022
30,2022-04-25T08:00:00+00:00,2022-04-25T08:00:00+00:00,2022-04-25T16:00:00+00:00,2022-04-25T20:00:00+00:00,40225.98,38209.36,36.07427830485599,36.07427830485599,time6,2022-04-26T16:00:00+00:00,38270.03,-0.04862404843834767,6,False,time6,2022
31,2022-05-01T00:00:00+00:00,2022-05-01T00:00:00+00:00,2022-05-01T12:00:00+00:00,2022-05-01T16:00:00+00:00,38490.01,37386.38,39.16549655704332,38.179643525229,time6,2022-05-02T12:00:00+00:00,38696.05,0.005353077330974898,6,False,time6,2022
32,2022-05-12T04:00:00+00:00,2022-05-12T04:00:00+00:00,2022-05-12T12:00:00+00:00,2022-05-12T16:00:00+00:00,29021.26,26700.0,22.9374530900386,22.9374530900386,time6,2022-05-13T12:00:00+00:00,30339.99,0.045440135955503,6,False,time6,2022
33,2022-06-14T00:00:00+00:00,2022-06-14T00:00:00+00:00,2022-06-14T04:00:00+00:00,2022-06-14T08:00:00+00:00,22877.52,20846.0,12.405168424371835,12.405168424371835,time6,2022-06-15T04:00:00+00:00,20722.92,-0.09417978871835764,6,False,time6,2022
34,2022-06-18T20:00:00+00:00,2022-06-18T20:00:00+00:00,2022-06-19T08:00:00+00:00,2022-06-19T12:00:00+00:00,19692.49,17622.0,32.074860386957965,28.769117696787877,time6,2022-06-20T08:00:00+00:00,20801.79,0.056331119122061235,6,False,time6,2022
35,2022-08-17T20:00:00+00:00,2022-08-17T20:00:00+00:00,2022-08-18T08:00:00+00:00,2022-08-18T12:00:00+00:00,23534.43,23180.4,36.10844184742907,36.10844184742907,stop:new_low,2022-08-18T20:00:00+00:00,23111.04,-0.017990238131962433,3,False,time6,2022
36,2022-08-20T00:00:00+00:00,2022-08-20T00:00:00+00:00,2022-08-20T12:00:00+00:00,2022-08-20T16:00:00+00:00,21300.5,20792.92,21.99504849577468,21.99504849577468,stop:new_low,2022-08-20T20:00:00+00:00,20761.9,-0.02528579141334708,2,False,time6,2022
37,2022-09-07T04:00:00+00:00,2022-09-07T04:00:00+00:00,2022-09-07T16:00:00+00:00,2022-09-07T20:00:00+00:00,18992.37,18671.22,28.635886199075088,27.73399917653458,time6,2022-09-08T16:00:00+00:00,19352.38,0.018955506869337668,6,False,time6,2022
38,2022-09-19T12:00:00+00:00,2022-09-19T12:00:00+00:00,2022-09-19T16:00:00+00:00,2022-09-19T20:00:00+00:00,19514.8,18676.47,38.10572748272779,38.10572748272779,time6,2022-09-20T16:00:00+00:00,18993.33,-0.026721770143685708,6,False,time6,2022
39,2022-10-11T04:00:00+00:00,2022-10-11T04:00:00+00:00,2022-10-11T08:00:00+00:00,2022-10-11T12:00:00+00:00,19153.68,19010.0,29.697273578178923,29.697273578178923,stop:new_low,2022-10-11T12:00:00+00:00,18860.0,-0.015332823770680126,1,False,time6,2022
40,2022-10-13T12:00:00+00:00,2022-10-13T12:00:00+00:00,2022-10-13T16:00:00+00:00,2022-10-13T20:00:00+00:00,19369.94,18190.0,38.86502735802421,38.86502735802421,time6,2022-10-14T16:00:00+00:00,19168.18,-0.010416139647309142,6,False,time6,2022
41,2022-11-28T16:00:00+00:00,2022-11-28T16:00:00+00:00,2022-11-29T00:00:00+00:00,2022-11-29T04:00:00+00:00,16287.53,15995.27,39.10233402693478,38.56772469639564,time6,2022-11-30T00:00:00+00:00,16845.25,0.03424214721323615,6,False,time6,2022
42,2022-12-17T00:00:00+00:00,2022-12-17T00:00:00+00:00,2022-12-17T20:00:00+00:00,2022-12-18T00:00:00+00:00,16777.54,16579.85,29.34155530188231,29.34155530188231,time6,2022-12-18T20:00:00+00:00,16738.21,-0.002344205407944333,6,False,time6,2022
43,2023-02-06T04:00:00+00:00,2023-02-06T04:00:00+00:00,2023-02-06T12:00:00+00:00,2023-02-06T16:00:00+00:00,23042.86,22628.13,34.40110867473193,34.35845394984278,time6,2023-02-07T12:00:00+00:00,22904.89,-0.00598753800526497,6,False,time6,2023
44,2023-02-22T16:00:00+00:00,2023-02-22T16:00:00+00:00,2023-02-22T20:00:00+00:00,2023-02-23T00:00:00+00:00,24182.21,23574.69,38.34747254245966,38.34747254245966,time6,2023-02-23T20:00:00+00:00,23940.2,-0.01000777017485166,6,False,time6,2023
45,2023-03-10T12:00:00+00:00,2023-03-10T12:00:00+00:00,2023-03-10T20:00:00+00:00,2023-03-11T00:00:00+00:00,20150.69,19657.11,18.92571035710752,18.92571035710752,time6,2023-03-11T20:00:00+00:00,20455.73,0.015137943167206735,6,False,time6,2023
46,2023-05-01T20:00:00+00:00,2023-05-01T20:00:00+00:00,2023-05-02T12:00:00+00:00,2023-05-02T16:00:00+00:00,28540.69,27666.95,37.083030236314414,36.76253452436808,time6,2023-05-03T12:00:00+00:00,28311.51,-0.008029939009883802,6,False,time6,2023
47,2023-06-10T16:00:00+00:00,2023-06-10T16:00:00+00:00,2023-06-11T16:00:00+00:00,2023-06-11T20:00:00+00:00,26030.89,25358.0,36.48261514287007,36.48261514287007,time6,2023-06-12T16:00:00+00:00,25824.23,-0.007939029360886196,6,False,time6,2023
48,2023-06-15T12:00:00+00:00,2023-06-15T12:00:00+00:00,2023-06-15T16:00:00+00:00,2023-06-15T20:00:00+00:00,25455.49,24921.11,28.68660592270838,28.68660592270838,time6,2023-06-16T16:00:00+00:00,26382.43,0.036414148774979394,6,False,time6,2023
49,2023-08-01T12:00:00+00:00,2023-08-01T12:00:00+00:00,2023-08-01T16:00:00+00:00,2023-08-01T20:00:00+00:00,29274.42,28585.7,39.77156949784722,39.77156949784722,time6,2023-08-02T16:00:00+00:00,29151.56,-0.004196838058619035,6,False,time6,2023
50,2023-08-22T20:00:00+00:00,2023-08-22T20:00:00+00:00,2023-08-23T12:00:00+00:00,2023-08-23T16:00:00+00:00,26143.99,25300.0,39.62698732650807,37.174632552239245,time6,2023-08-24T12:00:00+00:00,25996.34,-0.005647569479639514,6,False,time6,2023
51,2023-09-25T12:00:00+00:00,2023-09-25T12:00:00+00:00,2023-09-26T00:00:00+00:00,2023-09-26T04:00:00+00:00,26353.87,25990.46,37.38715927801317,37.38715927801317,time6,2023-09-27T00:00:00+00:00,26278.04,-0.002877376263903497,6,False,time6,2023
52,2023-11-15T04:00:00+00:00,2023-11-15T04:00:00+00:00,2023-11-15T08:00:00+00:00,2023-11-15T12:00:00+00:00,36240.95,35375.38,35.77132794759568,35.77132794759568,time6,2023-11-16T08:00:00+00:00,37247.48,0.02777327857023626,6,False,time6,2023
53,2023-11-27T16:00:00+00:00,2023-11-27T16:00:00+00:00,2023-11-27T20:00:00+00:00,2023-11-28T00:00:00+00:00,37242.7,36707.0,38.37516648549765,38.37516648549765,time6,2023-11-28T20:00:00+00:00,37818.87,0.0154706828452289,6,False,time6,2023
54,2023-12-11T20:00:00+00:00,2023-12-11T20:00:00+00:00,2023-12-12T00:00:00+00:00,2023-12-12T04:00:00+00:00,41735.29,40554.0,32.70183827749268,32.70183827749268,time6,2023-12-13T00:00:00+00:00,40829.36,-0.02170657014723032,6,False,time6,2023
55,2023-12-18T08:00:00+00:00,2023-12-18T08:00:00+00:00,2023-12-18T16:00:00+00:00,2023-12-18T20:00:00+00:00,41701.11,40542.93,36.912420836571314,36.912420836571314,time6,2023-12-19T16:00:00+00:00,42341.96,0.015367696447408763,6,False,time6,2023
56,2023-12-26T20:00:00+00:00,2023-12-26T20:00:00+00:00,2023-12-27T08:00:00+00:00,2023-12-27T12:00:00+00:00,43019.11,42055.0,39.34372250076514,36.00979502351877,time6,2023-12-28T08:00:00+00:00,43059.98,0.0009500428995392607,6,False,time6,2023
57,2024-04-17T16:00:00+00:00,2024-04-17T16:00:00+00:00,2024-04-18T00:00:00+00:00,2024-04-18T04:00:00+00:00,61987.99,59678.16,35.178931954265764,35.178931954265764,time6,2024-04-19T00:00:00+00:00,61785.14,-0.0032724080906639808,6,False,time6,2024
58,2024-06-11T16:00:00+00:00,2024-06-11T16:00:00+00:00,2024-06-12T08:00:00+00:00,2024-06-12T12:00:00+00:00,67778.43,66161.26,36.7703845353237,36.19857247896167,time6,2024-06-13T08:00:00+00:00,67739.99,-0.0005671420834030272,6,False,time6,2024
59,2024-06-24T20:00:00+00:00,2024-06-24T20:00:00+00:00,2024-06-25T00:00:00+00:00,2024-06-25T04:00:00+00:00,61302.59,58402.0,25.89619187616861,25.89619187616861,time6,2024-06-26T00:00:00+00:00,61936.07,0.010333658006945523,6,False,time6,2024
60,2024-06-28T20:00:00+00:00,2024-06-28T20:00:00+00:00,2024-06-29T04:00:00+00:00,2024-06-29T08:00:00+00:00,61052.3,60063.0,38.82593159646929,38.82593159646929,time6,2024-06-30T04:00:00+00:00,61528.01,0.0077918440419115775,6,False,time6,2024
61,2024-07-05T08:00:00+00:00,2024-07-05T08:00:00+00:00,2024-07-05T12:00:00+00:00,2024-07-05T16:00:00+00:00,56662.99,53900.0,27.53655285264277,27.53655285264277,time6,2024-07-06T12:00:00+00:00,57317.98,0.011559397059703436,6,False,time6,2024
62,2024-08-01T16:00:00+00:00,2024-08-01T16:00:00+00:00,2024-08-01T20:00:00+00:00,2024-08-02T00:00:00+00:00,65354.02,62302.0,32.71659413215984,32.71659413215984,time6,2024-08-02T20:00:00+00:00,61498.33,-0.05899698289408972,6,False,time6,2024
63,2024-08-05T12:00:00+00:00,2024-08-05T12:00:00+00:00,2024-08-06T00:00:00+00:00,2024-08-06T04:00:00+00:00,55665.73,49542.83,30.963010316627745,29.2388848170026,time6,2024-08-07T00:00:00+00:00,56862.0,0.02149024184179371,6,False,time6,2024
64,2024-09-02T00:00:00+00:00,2024-09-02T00:00:00+00:00,2024-09-02T08:00:00+00:00,2024-09-02T12:00:00+00:00,58422.01,57128.0,37.253345551499095,35.9062778060966,time6,2024-09-03T08:00:00+00:00,59072.0,0.011125772632608832,6,False,time6,2024
65,2024-09-06T20:00:00+00:00,2024-09-06T20:00:00+00:00,2024-09-07T08:00:00+00:00,2024-09-07T12:00:00+00:00,54326.01,52550.0,30.06563440830233,29.429071604687408,time6,2024-09-08T08:00:00+00:00,54556.08,0.004234987991939665,6,False,time6,2024
66,2024-10-10T00:00:00+00:00,2024-10-10T00:00:00+00:00,2024-10-10T08:00:00+00:00,2024-10-10T12:00:00+00:00,61262.01,60355.0,36.01931295169814,36.01931295169814,stop:new_low+bb_rebreak,2024-10-10T16:00:00+00:00,58946.0,-0.0378049952980648,2,False,time6,2024
67,2024-10-10T20:00:00+00:00,2024-10-10T20:00:00+00:00,2024-10-11T08:00:00+00:00,2024-10-11T12:00:00+00:00,61174.88,59586.29,37.4990578301236,37.4990578301236,time6,2024-10-12T08:00:00+00:00,62936.91,0.02880316234375946,6,False,time6,2024
68,2024-12-10T16:00:00+00:00,2024-12-10T16:00:00+00:00,2024-12-11T00:00:00+00:00,2024-12-11T04:00:00+00:00,97398.42,94256.54,37.24691904275669,37.24691904275669,time6,2024-12-12T00:00:00+00:00,101025.87,0.037243417295681036,6,False,time6,2024
69,2025-01-13T16:00:00+00:00,2025-01-13T16:00:00+00:00,2025-01-13T20:00:00+00:00,2025-01-14T00:00:00+00:00,94536.11,91250.0,39.66906224659154,39.66906224659154,time6,2025-01-14T20:00:00+00:00,96560.86,0.021417741855466632,6,False,time6,2025
70,2025-02-25T16:00:00+00:00,2025-02-25T16:00:00+00:00,2025-02-25T20:00:00+00:00,2025-02-26T00:00:00+00:00,88680.39,86157.69,22.855137939761136,22.855137939761136,stop:new_low,2025-02-26T12:00:00+00:00,85418.72,-0.03678005926676686,4,False,time6,2025
71,2025-02-26T20:00:00+00:00,2025-02-26T20:00:00+00:00,2025-02-27T00:00:00+00:00,2025-02-27T04:00:00+00:00,85226.32,82256.01,20.73576141822643,20.73576141822643,time6,2025-02-28T00:00:00+00:00,80452.44,-0.05601415149686162,6,False,time6,2025
72,2025-02-28T08:00:00+00:00,2025-02-28T08:00:00+00:00,2025-02-28T12:00:00+00:00,2025-02-28T16:00:00+00:00,84005.05,78258.52,27.922348009324296,27.922348009324296,time6,2025-03-01T12:00:00+00:00,84800.0,0.009463121562334642,6,False,time6,2025
73,2025-03-10T00:00:00+00:00,2025-03-10T00:00:00+00:00,2025-03-10T08:00:00+00:00,2025-03-10T12:00:00+00:00,83582.0,80037.62,34.34772362730172,34.34772362730172,stop:new_low+bb_rebreak,2025-03-10T12:00:00+00:00,79177.03,-0.05270237610968875,1,False,time6,2025
74,2025-04-07T08:00:00+00:00,2025-04-07T08:00:00+00:00,2025-04-07T12:00:00+00:00,2025-04-07T16:00:00+00:00,78479.91,75085.74,29.589400931833566,29.589400931833566,time6,2025-04-08T12:00:00+00:00,78497.99,0.00023037743035136948,6,False,time6,2025
75,2025-05-30T00:00:00+00:00,2025-05-30T00:00:00+00:00,2025-05-30T08:00:00+00:00,2025-05-30T12:00:00+00:00,105880.5,104600.5,38.26258396552857,34.0526550757252,stop:new_low,2025-05-30T16:00:00+00:00,103706.71,-0.020530598174356873,2,False,time6,2025
76,2025-06-06T00:00:00+00:00,2025-06-06T00:00:00+00:00,2025-06-06T08:00:00+00:00,2025-06-06T12:00:00+00:00,103927.99,101095.8,37.03219038440188,37.03219038440188,time6,2025-06-07T08:00:00+00:00,105150.01,0.011758333823255862,6,False,time6,2025
77,2025-06-13T04:00:00+00:00,2025-06-13T04:00:00+00:00,2025-06-13T20:00:00+00:00,2025-06-14T00:00:00+00:00,106066.59,103782.75,35.14446173565763,35.14446173565763,time6,2025-06-14T20:00:00+00:00,105414.64,-0.0061466103511010894,6,False,time6,2025
78,2025-10-16T20:00:00+00:00,2025-10-16T20:00:00+00:00,2025-10-17T00:00:00+00:00,2025-10-17T04:00:00+00:00,109176.74,107427.0,32.68885040774882,32.68885040774882,stop:new_low+bb_rebreak,2025-10-17T04:00:00+00:00,105542.09,-0.03329143185627281,1,False,time6,2025
79,2025-10-17T12:00:00+00:00,2025-10-17T12:00:00+00:00,2025-10-18T08:00:00+00:00,2025-10-18T12:00:00+00:00,107208.61,104533.21,34.974249348793336,33.98481611050006,time6,2025-10-19T08:00:00+00:00,107783.47,0.005362069333797015,6,False,time6,2025
80,2025-11-04T20:00:00+00:00,2025-11-04T20:00:00+00:00,2025-11-05T12:00:00+00:00,2025-11-05T16:00:00+00:00,103728.3,98944.36,27.94035890522086,27.94035890522086,time6,2025-11-06T12:00:00+00:00,102014.48,-0.01652220271613447,6,False,time6,2025
81,2025-11-18T08:00:00+00:00,2025-11-18T08:00:00+00:00,2025-11-18T12:00:00+00:00,2025-11-18T16:00:00+00:00,92910.1,90509.79,33.38142662630017,33.38142662630017,stop:new_low,2025-11-19T04:00:00+00:00,90025.06,-0.031051952371163205,4,False,time6,2025
82,2025-11-21T12:00:00+00:00,2025-11-21T12:00:00+00:00,2025-11-21T16:00:00+00:00,2025-11-21T20:00:00+00:00,84209.3,80600.0,25.033689822086785,25.033689822086785,time6,2025-11-22T16:00:00+00:00,84609.76,0.004755531752431041,6,False,time6,2025
83,2025-12-01T16:00:00+00:00,2025-12-01T16:00:00+00:00,2025-12-01T20:00:00+00:00,2025-12-02T00:00:00+00:00,86286.01,84030.95,26.780196718316542,26.780196718316542,time6,2025-12-02T20:00:00+00:00,91277.88,0.05785259974357393,6,False,time6,2025
84,2025-12-16T04:00:00+00:00,2025-12-16T04:00:00+00:00,2025-12-16T08:00:00+00:00,2025-12-16T12:00:00+00:00,87261.46,85266.0,30.250866643059386,30.250866643059386,time6,2025-12-17T08:00:00+00:00,86983.26,-0.0031881199329006904,6,False,time6,2025
85,2026-01-26T00:00:00+00:00,2026-01-26T00:00:00+00:00,2026-01-26T04:00:00+00:00,2026-01-26T08:00:00+00:00,88000.64,86509.63,32.94892198026061,32.94892198026061,time6,2026-01-27T04:00:00+00:00,88320.41,0.0036337235729195783,6,False,time6,2026
86,2026-02-03T20:00:00+00:00,2026-02-03T20:00:00+00:00,2026-02-04T00:00:00+00:00,2026-02-04T04:00:00+00:00,76698.17,74586.54,32.18979956318503,32.18979956318503,stop:new_low+bb_rebreak,2026-02-04T12:00:00+00:00,73794.11,-0.0378634848784527,3,False,time6,2026
87,2026-02-06T00:00:00+00:00,2026-02-06T00:00:00+00:00,2026-02-06T08:00:00+00:00,2026-02-06T12:00:00+00:00,66631.32,60000.0,18.72131568606143,18.72131568606143,time6,2026-02-07T08:00:00+00:00,67972.65,0.02013062325645043,6,False,time6,2026
88,2026-02-28T08:00:00+00:00,2026-02-28T08:00:00+00:00,2026-02-28T12:00:00+00:00,2026-02-28T16:00:00+00:00,64841.17,63372.1,34.80029468589126,34.80029468589126,time6,2026-03-01T12:00:00+00:00,66842.42,0.0308638786129245,6,False,time6,2026
89,2026-03-27T20:00:00+00:00,2026-03-27T20:00:00+00:00,2026-03-28T12:00:00+00:00,2026-03-28T16:00:00+00:00,67014.92,65817.44,30.910733333541373,30.156529352797094,time6,2026-03-29T12:00:00+00:00,66523.0,-0.007340454931528684,6,False,time6,2026
90,2026-04-28T12:00:00+00:00,2026-04-28T12:00:00+00:00,2026-04-29T00:00:00+00:00,2026-04-29T04:00:00+00:00,76994.77,75666.6,38.3936397542525,38.3936397542525,stop:new_low,2026-04-29T16:00:00+00:00,74937.52,-0.02671934730112191,4,False,time6,2026
91,2026-05-23T12:00:00+00:00,2026-05-23T12:00:00+00:00,2026-05-23T16:00:00+00:00,2026-05-23T20:00:00+00:00,75983.45,74660.05,37.99664741004276,37.99664741004276,time6,2026-05-24T16:00:00+00:00,76773.34,0.010395553242186217,6,False,time6,2026
92,2026-06-05T16:00:00+00:00,2026-06-05T16:00:00+00:00,2026-06-05T20:00:00+00:00,2026-06-06T00:00:00+00:00,61056.47,59130.91,21.07563221304075,21.07563221304075,time6,2026-06-06T20:00:00+00:00,60884.62,-0.0028146075264422477,6,False,time6,2026
93,2026-06-18T16:00:00+00:00,2026-06-18T16:00:00+00:00,2026-06-19T12:00:00+00:00,2026-06-19T16:00:00+00:00,63214.01,62272.07,37.67795458193743,35.822841795538125,time6,2026-06-20T12:00:00+00:00,64160.04,0.014965511600988357,6,False,time6,2026
94,2026-07-13T20:00:00+00:00,2026-07-13T20:00:00+00:00,2026-07-14T08:00:00+00:00,2026-07-14T12:00:00+00:00,62844.99,61882.88,35.86839767664438,35.86839767664438,time6,2026-07-15T08:00:00+00:00,64732.15,0.030028805796611602,6,False,time6,2026
95,2026-09-11T00:00:00+00:00,2026-09-11T00:00:00+00:00,2026-09-11T04:00:00+00:00,2026-09-11T08:00:00+00:00,77230.7,76563.01,32.71441300904047,32.71441300904047,stop:new_low,2026-09-11T12:00:00+00:00,76046.58,-0.01533224481974127,2,False,time6,2026
1,2020-03-01T00:00:00+00:00,2020-03-01T00:00:00+00:00,2020-03-01T08:00:00+00:00,2020-03-01T12:00:00+00:00,8647.42,8511.11,37.659482101250696,34.91237551088909,stop:new_low,2020-03-01T16:00:00+00:00,8411.0,-0.027339946481147015,2,False,time12,2020
2,2020-03-09T12:00:00+00:00,2020-03-09T12:00:00+00:00,2020-03-09T16:00:00+00:00,2020-03-09T20:00:00+00:00,7842.04,7632.01,16.635616030183755,16.635616030183755,time12,2020-03-11T16:00:00+00:00,7828.23,-0.0017610213668892705,12,False,time12,2020
3,2020-03-13T04:00:00+00:00,2020-03-13T04:00:00+00:00,2020-03-13T20:00:00+00:00,2020-03-14T00:00:00+00:00,5576.05,4674.0,24.32522796623344,23.319768996429303,time12,2020-03-15T20:00:00+00:00,5361.3,-0.038512925816662325,12,False,time12,2020
4,2020-06-12T00:00:00+00:00,2020-06-12T00:00:00+00:00,2020-06-12T04:00:00+00:00,2020-06-12T08:00:00+00:00,9439.48,9232.51,33.29010973034232,33.29010973034232,time12,2020-06-14T04:00:00+00:00,9414.63,-0.002632560268150397,12,False,time12,2020
5,2020-06-25T04:00:00+00:00,2020-06-25T04:00:00+00:00,2020-06-25T08:00:00+00:00,2020-06-25T12:00:00+00:00,9255.79,9090.17,36.01664995856142,36.01664995856142,stop:new_low,2020-06-26T12:00:00+00:00,9045.45,-0.022725234690934015,7,False,time12,2020
6,2020-07-02T16:00:00+00:00,2020-07-02T16:00:00+00:00,2020-07-03T04:00:00+00:00,2020-07-03T08:00:00+00:00,9105.25,8940.0,37.988330598668206,37.988330598668206,time12,2020-07-05T04:00:00+00:00,9061.99,-0.004751105131654887,12,False,time12,2020
7,2020-07-16T12:00:00+00:00,2020-07-16T12:00:00+00:00,2020-07-17T08:00:00+00:00,2020-07-17T12:00:00+00:00,9138.92,9069.31,39.33165427761757,37.98114451162426,time12,2020-07-19T08:00:00+00:00,9124.41,-0.001587714959754516,12,False,time12,2020
8,2020-08-11T20:00:00+00:00,2020-08-11T20:00:00+00:00,2020-08-12T12:00:00+00:00,2020-08-12T16:00:00+00:00,11581.54,11125.0,38.31785609206881,37.95879816230693,time12,2020-08-14T12:00:00+00:00,11740.35,0.013712338773600008,12,False,time12,2020
9,2020-08-22T04:00:00+00:00,2020-08-22T04:00:00+00:00,2020-08-22T20:00:00+00:00,2020-08-23T00:00:00+00:00,11663.51,11411.87,39.27153446691021,38.45774324930768,time12,2020-08-24T20:00:00+00:00,11748.2,0.007261107505373676,12,False,time12,2020
10,2020-09-04T04:00:00+00:00,2020-09-04T04:00:00+00:00,2020-09-04T08:00:00+00:00,2020-09-04T12:00:00+00:00,10422.52,10093.1,23.406765912249384,23.406765912249384,stop:new_low,2020-09-04T12:00:00+00:00,9875.5,-0.052484427950246215,1,False,time12,2020
11,2020-09-22T00:00:00+00:00,2020-09-22T00:00:00+00:00,2020-09-22T16:00:00+00:00,2020-09-22T20:00:00+00:00,10491.98,10353.0,34.03616153756697,31.642669367671783,stop:new_low,2020-09-23T16:00:00+00:00,10255.53,-0.022536261029853177,6,False,time12,2020
12,2020-12-09T08:00:00+00:00,2020-12-09T08:00:00+00:00,2020-12-09T20:00:00+00:00,2020-12-10T00:00:00+00:00,18541.29,17650.0,36.99265220536661,36.99265220536661,stop:new_low,2020-12-11T08:00:00+00:00,17572.33,-0.05225957848671803,9,False,time12,2020
13,2021-02-26T08:00:00+00:00,2021-02-26T08:00:00+00:00,2021-02-27T00:00:00+00:00,2021-02-27T04:00:00+00:00,47423.07,44939.19,38.83694055320289,38.83694055320289,stop:new_low,2021-02-28T00:00:00+00:00,44444.0,-0.06281900349344738,6,False,time12,2021
14,2021-04-18T12:00:00+00:00,2021-04-18T12:00:00+00:00,2021-04-19T00:00:00+00:00,2021-04-19T04:00:00+00:00,57030.9,53200.0,35.02046652770758,35.02046652770758,time12,2021-04-21T00:00:00+00:00,55204.6,-0.03202299104520534,12,False,time12,2021
15,2021-04-22T00:00:00+00:00,2021-04-22T00:00:00+00:00,2021-04-22T08:00:00+00:00,2021-04-22T12:00:00+00:00,54866.63,52561.0,38.548093882495216,38.548093882495216,stop:new_low+bb_rebreak,2021-04-22T16:00:00+00:00,52222.17,-0.04819796659645392,2,False,time12,2021
16,2021-04-23T08:00:00+00:00,2021-04-23T08:00:00+00:00,2021-04-23T20:00:00+00:00,2021-04-24T00:00:00+00:00,51110.56,47500.0,35.988268947333935,35.43161319277094,time12,2021-04-25T20:00:00+00:00,49066.77,-0.03998762682310664,12,False,time12,2021
17,2021-05-16T00:00:00+00:00,2021-05-16T00:00:00+00:00,2021-05-16T04:00:00+00:00,2021-05-16T08:00:00+00:00,49375.28,46467.0,38.74102761683764,38.74102761683764,stop:new_low+bb_rebreak,2021-05-16T16:00:00+00:00,44444.44,-0.0998645476035781,3,False,time12,2021
18,2021-05-23T16:00:00+00:00,2021-05-23T16:00:00+00:00,2021-05-23T20:00:00+00:00,2021-05-24T00:00:00+00:00,34681.44,31111.01,30.360283767454877,30.360283767454877,time12,2021-05-25T20:00:00+00:00,38324.72,0.10504984798785744,12,False,time12,2021
19,2021-09-11T00:00:00+00:00,2021-09-11T00:00:00+00:00,2021-09-11T08:00:00+00:00,2021-09-11T12:00:00+00:00,45555.68,44722.22,36.24003737667735,35.42177967050323,stop:new_low,2021-09-13T00:00:00+00:00,44555.0,-0.02196608633654462,10,False,time12,2021
20,2021-11-19T08:00:00+00:00,2021-11-19T08:00:00+00:00,2021-11-19T12:00:00+00:00,2021-11-19T16:00:00+00:00,57887.96,55986.05,31.886365867046905,31.886365867046905,time12,2021-11-21T12:00:00+00:00,59199.26,0.02265237883663551,12,False,time12,2021
21,2021-12-04T12:00:00+00:00,2021-12-04T12:00:00+00:00,2021-12-04T16:00:00+00:00,2021-12-04T20:00:00+00:00,49249.99,46489.66,26.371511664503544,26.371511664503544,time12,2021-12-06T16:00:00+00:00,49103.0,-0.0029845691339226432,12,False,time12,2021
22,2021-12-13T20:00:00+00:00,2021-12-13T20:00:00+00:00,2021-12-14T08:00:00+00:00,2021-12-14T12:00:00+00:00,47617.99,46214.13,35.3950188821331,35.3950188821331,time12,2021-12-16T08:00:00+00:00,49207.79,0.03338654151508713,12,False,time12,2021
23,2021-12-31T20:00:00+00:00,2021-12-31T20:00:00+00:00,2022-01-01T00:00:00+00:00,2022-01-01T04:00:00+00:00,46813.21,45678.0,37.68546373721937,37.68546373721937,time12,2022-01-03T00:00:00+00:00,46793.26,-0.0004261617607508317,12,False,time12,2022
24,2022-01-06T12:00:00+00:00,2022-01-06T12:00:00+00:00,2022-01-06T16:00:00+00:00,2022-01-06T20:00:00+00:00,43438.11,42632.44,28.6553022891905,28.6553022891905,stop:new_low,2022-01-07T00:00:00+00:00,41577.77,-0.04282736979118118,2,False,time12,2022
25,2022-02-12T04:00:00+00:00,2022-02-12T04:00:00+00:00,2022-02-12T16:00:00+00:00,2022-02-12T20:00:00+00:00,42662.47,41688.88,39.55251646889326,39.55251646889326,stop:new_low,2022-02-14T00:00:00+00:00,41550.56,-0.026062954160882,8,False,time12,2022
26,2022-02-22T04:00:00+00:00,2022-02-22T04:00:00+00:00,2022-02-22T08:00:00+00:00,2022-02-22T12:00:00+00:00,37519.47,36515.87,31.76061041807661,31.76061041807661,stop:new_low+bb_rebreak,2022-02-24T00:00:00+00:00,34720.53,-0.07459966785245109,10,False,time12,2022
27,2022-02-24T08:00:00+00:00,2022-02-24T08:00:00+00:00,2022-02-24T16:00:00+00:00,2022-02-24T20:00:00+00:00,37300.0,34818.09,33.32478188920051,33.32478188920051,time12,2022-02-26T16:00:00+00:00,39254.12,0.052389276139410246,12,False,time12,2022
28,2022-03-05T04:00:00+00:00,2022-03-05T04:00:00+00:00,2022-03-05T16:00:00+00:00,2022-03-05T20:00:00+00:00,39433.71,38407.59,29.190983343326337,29.190983343326337,stop:new_low,2022-03-06T08:00:00+00:00,38088.57,-0.03411142395681255,4,False,time12,2022
29,2022-03-07T20:00:00+00:00,2022-03-07T20:00:00+00:00,2022-03-08T00:00:00+00:00,2022-03-08T04:00:00+00:00,38696.56,37155.0,39.25956684978238,39.25956684978238,time12,2022-03-10T00:00:00+00:00,40768.51,0.05354351911384381,12,False,time12,2022
30,2022-04-25T08:00:00+00:00,2022-04-25T08:00:00+00:00,2022-04-25T16:00:00+00:00,2022-04-25T20:00:00+00:00,40225.98,38209.36,36.07427830485599,36.07427830485599,stop:new_low,2022-04-26T16:00:00+00:00,37842.49,-0.05925250298438978,6,False,time12,2022
31,2022-05-01T00:00:00+00:00,2022-05-01T00:00:00+00:00,2022-05-01T12:00:00+00:00,2022-05-01T16:00:00+00:00,38490.01,37386.38,39.16549655704332,38.179643525229,time12,2022-05-03T12:00:00+00:00,38326.36,-0.004251752597622116,12,False,time12,2022
32,2022-05-12T04:00:00+00:00,2022-05-12T04:00:00+00:00,2022-05-12T12:00:00+00:00,2022-05-12T16:00:00+00:00,29021.26,26700.0,22.9374530900386,22.9374530900386,time12,2022-05-14T12:00:00+00:00,28818.06,-0.007001763534732697,12,False,time12,2022
33,2022-06-14T00:00:00+00:00,2022-06-14T00:00:00+00:00,2022-06-14T04:00:00+00:00,2022-06-14T08:00:00+00:00,22877.52,20846.0,12.405168424371835,12.405168424371835,stop:new_low,2022-06-15T04:00:00+00:00,20652.18,-0.09727190709482492,6,False,time12,2022
34,2022-06-18T20:00:00+00:00,2022-06-18T20:00:00+00:00,2022-06-19T08:00:00+00:00,2022-06-19T12:00:00+00:00,19692.49,17622.0,32.074860386957965,28.769117696787877,time12,2022-06-21T08:00:00+00:00,20962.42,0.06448803579435602,12,False,time12,2022
35,2022-08-17T20:00:00+00:00,2022-08-17T20:00:00+00:00,2022-08-18T08:00:00+00:00,2022-08-18T12:00:00+00:00,23534.43,23180.4,36.10844184742907,36.10844184742907,stop:new_low,2022-08-18T20:00:00+00:00,23111.04,-0.017990238131962433,3,False,time12,2022
36,2022-08-20T00:00:00+00:00,2022-08-20T00:00:00+00:00,2022-08-20T12:00:00+00:00,2022-08-20T16:00:00+00:00,21300.5,20792.92,21.99504849577468,21.99504849577468,stop:new_low,2022-08-20T20:00:00+00:00,20761.9,-0.02528579141334708,2,False,time12,2022
37,2022-09-07T04:00:00+00:00,2022-09-07T04:00:00+00:00,2022-09-07T16:00:00+00:00,2022-09-07T20:00:00+00:00,18992.37,18671.22,28.635886199075088,27.73399917653458,time12,2022-09-09T16:00:00+00:00,21291.62,0.12106177375440774,12,False,time12,2022
38,2022-09-19T12:00:00+00:00,2022-09-19T12:00:00+00:00,2022-09-19T16:00:00+00:00,2022-09-19T20:00:00+00:00,19514.8,18676.47,38.10572748272779,38.10572748272779,time12,2022-09-21T16:00:00+00:00,19001.03,-0.026327197819091208,12,False,time12,2022
39,2022-10-11T04:00:00+00:00,2022-10-11T04:00:00+00:00,2022-10-11T08:00:00+00:00,2022-10-11T12:00:00+00:00,19153.68,19010.0,29.697273578178923,29.697273578178923,stop:new_low,2022-10-11T12:00:00+00:00,18860.0,-0.015332823770680126,1,False,time12,2022
40,2022-10-13T12:00:00+00:00,2022-10-13T12:00:00+00:00,2022-10-13T16:00:00+00:00,2022-10-13T20:00:00+00:00,19369.94,18190.0,38.86502735802421,38.86502735802421,time12,2022-10-15T16:00:00+00:00,19102.17,-0.013823997389769915,12,False,time12,2022
41,2022-11-28T16:00:00+00:00,2022-11-28T16:00:00+00:00,2022-11-29T00:00:00+00:00,2022-11-29T04:00:00+00:00,16287.53,15995.27,39.10233402693478,38.56772469639564,time12,2022-12-01T00:00:00+00:00,17150.98,0.05301294917031618,12,False,time12,2022
42,2022-12-17T00:00:00+00:00,2022-12-17T00:00:00+00:00,2022-12-17T20:00:00+00:00,2022-12-18T00:00:00+00:00,16777.54,16579.85,29.34155530188231,29.34155530188231,stop:new_low+bb_rebreak,2022-12-19T16:00:00+00:00,16505.0,-0.016244336178009466,11,False,time12,2022
43,2023-02-06T04:00:00+00:00,2023-02-06T04:00:00+00:00,2023-02-06T12:00:00+00:00,2023-02-06T16:00:00+00:00,23042.86,22628.13,34.40110867473193,34.35845394984278,time12,2023-02-08T12:00:00+00:00,22872.28,-0.007402726918446789,12,False,time12,2023
44,2023-02-22T16:00:00+00:00,2023-02-22T16:00:00+00:00,2023-02-22T20:00:00+00:00,2023-02-23T00:00:00+00:00,24182.21,23574.69,38.34747254245966,38.34747254245966,stop:new_low+bb_rebreak,2023-02-24T12:00:00+00:00,23322.01,-0.03557160408415938,10,False,time12,2023
45,2023-03-10T12:00:00+00:00,2023-03-10T12:00:00+00:00,2023-03-10T20:00:00+00:00,2023-03-11T00:00:00+00:00,20150.69,19657.11,18.92571035710752,18.92571035710752,time12,2023-03-12T20:00:00+00:00,21997.11,0.09163060917516974,12,False,time12,2023
46,2023-05-01T20:00:00+00:00,2023-05-01T20:00:00+00:00,2023-05-02T12:00:00+00:00,2023-05-02T16:00:00+00:00,28540.69,27666.95,37.083030236314414,36.76253452436808,time12,2023-05-04T12:00:00+00:00,28866.19,0.011404769821612648,12,False,time12,2023
47,2023-06-10T16:00:00+00:00,2023-06-10T16:00:00+00:00,2023-06-11T16:00:00+00:00,2023-06-11T20:00:00+00:00,26030.89,25358.0,36.48261514287007,36.48261514287007,time12,2023-06-13T16:00:00+00:00,25902.84,-0.004919155664673713,12,False,time12,2023
48,2023-06-15T12:00:00+00:00,2023-06-15T12:00:00+00:00,2023-06-15T16:00:00+00:00,2023-06-15T20:00:00+00:00,25455.49,24921.11,28.68660592270838,28.68660592270838,time12,2023-06-17T16:00:00+00:00,26475.3,0.040062477681631625,12,False,time12,2023
49,2023-08-01T12:00:00+00:00,2023-08-01T12:00:00+00:00,2023-08-01T16:00:00+00:00,2023-08-01T20:00:00+00:00,29274.42,28585.7,39.77156949784722,39.77156949784722,time12,2023-08-03T16:00:00+00:00,29281.32,0.0002357006560675945,12,False,time12,2023
50,2023-08-22T20:00:00+00:00,2023-08-22T20:00:00+00:00,2023-08-23T12:00:00+00:00,2023-08-23T16:00:00+00:00,26143.99,25300.0,39.62698732650807,37.174632552239245,time12,2023-08-25T12:00:00+00:00,25932.01,-0.008108173235990446,12,False,time12,2023
51,2023-09-25T12:00:00+00:00,2023-09-25T12:00:00+00:00,2023-09-26T00:00:00+00:00,2023-09-26T04:00:00+00:00,26353.87,25990.46,37.38715927801317,37.38715927801317,time12,2023-09-28T00:00:00+00:00,26379.15,0.0009592519049386183,12,False,time12,2023
52,2023-11-15T04:00:00+00:00,2023-11-15T04:00:00+00:00,2023-11-15T08:00:00+00:00,2023-11-15T12:00:00+00:00,36240.95,35375.38,35.77132794759568,35.77132794759568,time12,2023-11-17T08:00:00+00:00,36372.83,0.003638977455061365,12,False,time12,2023
53,2023-11-27T16:00:00+00:00,2023-11-27T16:00:00+00:00,2023-11-27T20:00:00+00:00,2023-11-28T00:00:00+00:00,37242.7,36707.0,38.37516648549765,38.37516648549765,time12,2023-11-29T20:00:00+00:00,37854.64,0.01643113952532982,12,False,time12,2023
54,2023-12-11T20:00:00+00:00,2023-12-11T20:00:00+00:00,2023-12-12T00:00:00+00:00,2023-12-12T04:00:00+00:00,41735.29,40554.0,32.70183827749268,32.70183827749268,time12,2023-12-14T00:00:00+00:00,42713.86,0.023447063624093545,12,False,time12,2023
55,2023-12-18T08:00:00+00:00,2023-12-18T08:00:00+00:00,2023-12-18T16:00:00+00:00,2023-12-18T20:00:00+00:00,41701.11,40542.93,36.912420836571314,36.912420836571314,time12,2023-12-20T16:00:00+00:00,43738.01,0.0488452225852023,12,False,time12,2023
56,2023-12-26T20:00:00+00:00,2023-12-26T20:00:00+00:00,2023-12-27T08:00:00+00:00,2023-12-27T12:00:00+00:00,43019.11,42055.0,39.34372250076514,36.00979502351877,time12,2023-12-29T08:00:00+00:00,42862.01,-0.0036518654151608265,12,False,time12,2023
57,2024-04-17T16:00:00+00:00,2024-04-17T16:00:00+00:00,2024-04-18T00:00:00+00:00,2024-04-18T04:00:00+00:00,61987.99,59678.16,35.178931954265764,35.178931954265764,stop:new_low,2024-04-19T00:00:00+00:00,59600.01,-0.03852326878158163,6,False,time12,2024
58,2024-06-11T16:00:00+00:00,2024-06-11T16:00:00+00:00,2024-06-12T08:00:00+00:00,2024-06-12T12:00:00+00:00,67778.43,66161.26,36.7703845353237,36.19857247896167,time12,2024-06-14T08:00:00+00:00,67036.0,-0.010953779838216882,12,False,time12,2024
59,2024-06-24T20:00:00+00:00,2024-06-24T20:00:00+00:00,2024-06-25T00:00:00+00:00,2024-06-25T04:00:00+00:00,61302.59,58402.0,25.89619187616861,25.89619187616861,time12,2024-06-27T00:00:00+00:00,61037.31,-0.004327386493784391,12,False,time12,2024
60,2024-06-28T20:00:00+00:00,2024-06-28T20:00:00+00:00,2024-06-29T04:00:00+00:00,2024-06-29T08:00:00+00:00,61052.3,60063.0,38.82593159646929,38.82593159646929,time12,2024-07-01T04:00:00+00:00,63277.84,0.03645300832237264,12,False,time12,2024
61,2024-07-05T08:00:00+00:00,2024-07-05T08:00:00+00:00,2024-07-05T12:00:00+00:00,2024-07-05T16:00:00+00:00,56662.99,53900.0,27.53655285264277,27.53655285264277,time12,2024-07-07T12:00:00+00:00,56825.42,0.0028665977563131495,12,False,time12,2024
62,2024-08-01T16:00:00+00:00,2024-08-01T16:00:00+00:00,2024-08-01T20:00:00+00:00,2024-08-02T00:00:00+00:00,65354.02,62302.0,32.71659413215984,32.71659413215984,stop:new_low+bb_rebreak,2024-08-02T20:00:00+00:00,61230.01,-0.06310262169029535,6,False,time12,2024
63,2024-08-05T12:00:00+00:00,2024-08-05T12:00:00+00:00,2024-08-06T00:00:00+00:00,2024-08-06T04:00:00+00:00,55665.73,49542.83,30.963010316627745,29.2388848170026,time12,2024-08-08T00:00:00+00:00,57049.74,0.02486287344116378,12,False,time12,2024
64,2024-09-02T00:00:00+00:00,2024-09-02T00:00:00+00:00,2024-09-02T08:00:00+00:00,2024-09-02T12:00:00+00:00,58422.01,57128.0,37.253345551499095,35.9062778060966,stop:new_low+bb_rebreak,2024-09-04T00:00:00+00:00,55606.0,-0.04820118308151333,10,False,time12,2024
65,2024-09-06T20:00:00+00:00,2024-09-06T20:00:00+00:00,2024-09-07T08:00:00+00:00,2024-09-07T12:00:00+00:00,54326.01,52550.0,30.06563440830233,29.429071604687408,time12,2024-09-09T08:00:00+00:00,55264.87,0.017281961255759537,12,False,time12,2024
66,2024-10-10T00:00:00+00:00,2024-10-10T00:00:00+00:00,2024-10-10T08:00:00+00:00,2024-10-10T12:00:00+00:00,61262.01,60355.0,36.01931295169814,36.01931295169814,stop:new_low+bb_rebreak,2024-10-10T16:00:00+00:00,58946.0,-0.0378049952980648,2,False,time12,2024
67,2024-10-10T20:00:00+00:00,2024-10-10T20:00:00+00:00,2024-10-11T08:00:00+00:00,2024-10-11T12:00:00+00:00,61174.88,59586.29,37.4990578301236,37.4990578301236,time12,2024-10-13T08:00:00+00:00,62561.33,0.022663714256570655,12,False,time12,2024
68,2024-12-10T16:00:00+00:00,2024-12-10T16:00:00+00:00,2024-12-11T00:00:00+00:00,2024-12-11T04:00:00+00:00,97398.42,94256.54,37.24691904275669,37.24691904275669,time12,2024-12-13T00:00:00+00:00,99729.09,0.023929238277171194,12,False,time12,2024
69,2025-01-13T16:00:00+00:00,2025-01-13T16:00:00+00:00,2025-01-13T20:00:00+00:00,2025-01-14T00:00:00+00:00,94536.11,91250.0,39.66906224659154,39.66906224659154,time12,2025-01-15T20:00:00+00:00,100497.35,0.06305780933867489,12,False,time12,2025
70,2025-02-25T16:00:00+00:00,2025-02-25T16:00:00+00:00,2025-02-25T20:00:00+00:00,2025-02-26T00:00:00+00:00,88680.39,86157.69,22.855137939761136,22.855137939761136,stop:new_low,2025-02-26T12:00:00+00:00,85418.72,-0.03678005926676686,4,False,time12,2025
71,2025-02-26T20:00:00+00:00,2025-02-26T20:00:00+00:00,2025-02-27T00:00:00+00:00,2025-02-27T04:00:00+00:00,85226.32,82256.01,20.73576141822643,20.73576141822643,stop:new_low+bb_rebreak,2025-02-28T00:00:00+00:00,79532.0,-0.06681410155923673,6,False,time12,2025
72,2025-02-28T08:00:00+00:00,2025-02-28T08:00:00+00:00,2025-02-28T12:00:00+00:00,2025-02-28T16:00:00+00:00,84005.05,78258.52,27.922348009324296,27.922348009324296,time12,2025-03-02T12:00:00+00:00,87427.99,0.040746836053308755,12,False,time12,2025
73,2025-03-10T00:00:00+00:00,2025-03-10T00:00:00+00:00,2025-03-10T08:00:00+00:00,2025-03-10T12:00:00+00:00,83582.0,80037.62,34.34772362730172,34.34772362730172,stop:new_low+bb_rebreak,2025-03-10T12:00:00+00:00,79177.03,-0.05270237610968875,1,False,time12,2025
74,2025-04-07T08:00:00+00:00,2025-04-07T08:00:00+00:00,2025-04-07T12:00:00+00:00,2025-04-07T16:00:00+00:00,78479.91,75085.74,29.589400931833566,29.589400931833566,stop:new_low,2025-04-09T00:00:00+00:00,74620.0,-0.04918341522053227,9,False,time12,2025
75,2025-05-30T00:00:00+00:00,2025-05-30T00:00:00+00:00,2025-05-30T08:00:00+00:00,2025-05-30T12:00:00+00:00,105880.5,104600.5,38.26258396552857,34.0526550757252,stop:new_low,2025-05-30T16:00:00+00:00,103706.71,-0.020530598174356873,2,False,time12,2025
76,2025-06-06T00:00:00+00:00,2025-06-06T00:00:00+00:00,2025-06-06T08:00:00+00:00,2025-06-06T12:00:00+00:00,103927.99,101095.8,37.03219038440188,37.03219038440188,time12,2025-06-08T08:00:00+00:00,105686.71,0.016922486425456684,12,False,time12,2025
77,2025-06-13T04:00:00+00:00,2025-06-13T04:00:00+00:00,2025-06-13T20:00:00+00:00,2025-06-14T00:00:00+00:00,106066.59,103782.75,35.14446173565763,35.14446173565763,time12,2025-06-15T20:00:00+00:00,105594.01,-0.004455502906240305,12,False,time12,2025
78,2025-10-16T20:00:00+00:00,2025-10-16T20:00:00+00:00,2025-10-17T00:00:00+00:00,2025-10-17T04:00:00+00:00,109176.74,107427.0,32.68885040774882,32.68885040774882,stop:new_low+bb_rebreak,2025-10-17T04:00:00+00:00,105542.09,-0.03329143185627281,1,False,time12,2025
79,2025-10-17T12:00:00+00:00,2025-10-17T12:00:00+00:00,2025-10-18T08:00:00+00:00,2025-10-18T12:00:00+00:00,107208.61,104533.21,34.974249348793336,33.98481611050006,time12,2025-10-20T08:00:00+00:00,111016.75,0.03552084109662457,12,False,time12,2025
80,2025-11-04T20:00:00+00:00,2025-11-04T20:00:00+00:00,2025-11-05T12:00:00+00:00,2025-11-05T16:00:00+00:00,103728.3,98944.36,27.94035890522086,27.94035890522086,time12,2025-11-07T12:00:00+00:00,100797.95,-0.02825024607556481,12,False,time12,2025
81,2025-11-18T08:00:00+00:00,2025-11-18T08:00:00+00:00,2025-11-18T12:00:00+00:00,2025-11-18T16:00:00+00:00,92910.1,90509.79,33.38142662630017,33.38142662630017,stop:new_low,2025-11-19T04:00:00+00:00,90025.06,-0.031051952371163205,4,False,time12,2025
82,2025-11-21T12:00:00+00:00,2025-11-21T12:00:00+00:00,2025-11-21T16:00:00+00:00,2025-11-21T20:00:00+00:00,84209.3,80600.0,25.033689822086785,25.033689822086785,time12,2025-11-23T16:00:00+00:00,87325.01,0.036999595056602885,12,False,time12,2025
83,2025-12-01T16:00:00+00:00,2025-12-01T16:00:00+00:00,2025-12-01T20:00:00+00:00,2025-12-02T00:00:00+00:00,86286.01,84030.95,26.780196718316542,26.780196718316542,time12,2025-12-03T20:00:00+00:00,93429.95,0.08279372287581732,12,False,time12,2025
84,2025-12-16T04:00:00+00:00,2025-12-16T04:00:00+00:00,2025-12-16T08:00:00+00:00,2025-12-16T12:00:00+00:00,87261.46,85266.0,30.250866643059386,30.250866643059386,time12,2025-12-18T08:00:00+00:00,87300.74,0.00045014144846988735,12,False,time12,2025
85,2026-01-26T00:00:00+00:00,2026-01-26T00:00:00+00:00,2026-01-26T04:00:00+00:00,2026-01-26T08:00:00+00:00,88000.64,86509.63,32.94892198026061,32.94892198026061,time12,2026-01-28T04:00:00+00:00,89134.35,0.012882974487458343,12,False,time12,2026
86,2026-02-03T20:00:00+00:00,2026-02-03T20:00:00+00:00,2026-02-04T00:00:00+00:00,2026-02-04T04:00:00+00:00,76698.17,74586.54,32.18979956318503,32.18979956318503,stop:new_low+bb_rebreak,2026-02-04T12:00:00+00:00,73794.11,-0.0378634848784527,3,False,time12,2026
87,2026-02-06T00:00:00+00:00,2026-02-06T00:00:00+00:00,2026-02-06T08:00:00+00:00,2026-02-06T12:00:00+00:00,66631.32,60000.0,18.72131568606143,18.72131568606143,time12,2026-02-08T08:00:00+00:00,70999.98,0.06556466238399583,12,False,time12,2026
88,2026-02-28T08:00:00+00:00,2026-02-28T08:00:00+00:00,2026-02-28T12:00:00+00:00,2026-02-28T16:00:00+00:00,64841.17,63372.1,34.80029468589126,34.80029468589126,time12,2026-03-02T12:00:00+00:00,69130.2,0.06614670895050168,12,False,time12,2026
89,2026-03-27T20:00:00+00:00,2026-03-27T20:00:00+00:00,2026-03-28T12:00:00+00:00,2026-03-28T16:00:00+00:00,67014.92,65817.44,30.910733333541373,30.156529352797094,stop:new_low,2026-03-29T20:00:00+00:00,65000.0,-0.03006673737728849,8,False,time12,2026
90,2026-04-28T12:00:00+00:00,2026-04-28T12:00:00+00:00,2026-04-29T00:00:00+00:00,2026-04-29T04:00:00+00:00,76994.77,75666.6,38.3936397542525,38.3936397542525,stop:new_low,2026-04-29T16:00:00+00:00,74937.52,-0.02671934730112191,4,False,time12,2026
91,2026-05-23T12:00:00+00:00,2026-05-23T12:00:00+00:00,2026-05-23T16:00:00+00:00,2026-05-23T20:00:00+00:00,75983.45,74660.05,37.99664741004276,37.99664741004276,time12,2026-05-25T16:00:00+00:00,77441.86,0.01919378496238333,12,False,time12,2026
92,2026-06-05T16:00:00+00:00,2026-06-05T16:00:00+00:00,2026-06-05T20:00:00+00:00,2026-06-06T00:00:00+00:00,61056.47,59130.91,21.07563221304075,21.07563221304075,time12,2026-06-07T20:00:00+00:00,63332.01,0.03726943270713168,12,False,time12,2026
93,2026-06-18T16:00:00+00:00,2026-06-18T16:00:00+00:00,2026-06-19T12:00:00+00:00,2026-06-19T16:00:00+00:00,63214.01,62272.07,37.67795458193743,35.822841795538125,time12,2026-06-21T12:00:00+00:00,64224.0,0.01597731262421087,12,False,time12,2026
94,2026-07-13T20:00:00+00:00,2026-07-13T20:00:00+00:00,2026-07-14T08:00:00+00:00,2026-07-14T12:00:00+00:00,62844.99,61882.88,35.86839767664438,35.86839767664438,time12,2026-07-16T08:00:00+00:00,64256.53,0.022460660746385752,12,False,time12,2026
95,2026-09-11T00:00:00+00:00,2026-09-11T00:00:00+00:00,2026-09-11T04:00:00+00:00,2026-09-11T08:00:00+00:00,77230.7,76563.01,32.71441300904047,32.71441300904047,stop:new_low,2026-09-11T12:00:00+00:00,76046.58,-0.01533224481974127,2,False,time12,2026
