event_id,event_time,reentry_time,confirmation_time,entry_time,entry_price,event_low,rsi_at_reentry,rsi_min_before_confirmation,entry_day,daily_close,daily_sma200,daily_rsi14,regime,exit_type,return,year
1,2020-03-01 00:00:00+00:00,2020-03-01T00:00:00+00:00,2020-03-01T08:00:00+00:00,2020-03-01 12:00:00+00:00,8647.42,8511.11,37.659482101250696,34.91237551088909,2020-03-01 00:00:00+00:00,8531.88,,34.259108838995544,neutral,rsi48,-0.027339946481147,2020
1,2020-03-01 00:00:00+00:00,2020-03-01T00:00:00+00:00,2020-03-01T08:00:00+00:00,2020-03-01 12:00:00+00:00,8647.42,8511.11,37.659482101250696,34.91237551088909,2020-03-01 00:00:00+00:00,8531.88,,34.259108838995544,neutral,rsi50,-0.027339946481147,2020
1,2020-03-01 00:00:00+00:00,2020-03-01T00:00:00+00:00,2020-03-01T08:00:00+00:00,2020-03-01 12:00:00+00:00,8647.42,8511.11,37.659482101250696,34.91237551088909,2020-03-01 00:00:00+00:00,8531.88,,34.259108838995544,neutral,rsi52,-0.027339946481147,2020
1,2020-03-01 00:00:00+00:00,2020-03-01T00:00:00+00:00,2020-03-01T08:00:00+00:00,2020-03-01 12:00:00+00:00,8647.42,8511.11,37.659482101250696,34.91237551088909,2020-03-01 00:00:00+00:00,8531.88,,34.259108838995544,neutral,bb_mid,-0.027339946481147,2020
1,2020-03-01 00:00:00+00:00,2020-03-01T00:00:00+00:00,2020-03-01T08:00:00+00:00,2020-03-01 12:00:00+00:00,8647.42,8511.11,37.659482101250696,34.91237551088909,2020-03-01 00:00:00+00:00,8531.88,,34.259108838995544,neutral,time2,-0.0121677910868212,2020
1,2020-03-01 00:00:00+00:00,2020-03-01T00:00:00+00:00,2020-03-01T08:00:00+00:00,2020-03-01 12:00:00+00:00,8647.42,8511.11,37.659482101250696,34.91237551088909,2020-03-01 00:00:00+00:00,8531.88,,34.259108838995544,neutral,time3,-0.027339946481147,2020
1,2020-03-01 00:00:00+00:00,2020-03-01T00:00:00+00:00,2020-03-01T08:00:00+00:00,2020-03-01 12:00:00+00:00,8647.42,8511.11,37.659482101250696,34.91237551088909,2020-03-01 00:00:00+00:00,8531.88,,34.259108838995544,neutral,time6,-0.027339946481147,2020
1,2020-03-01 00:00:00+00:00,2020-03-01T00:00:00+00:00,2020-03-01T08:00:00+00:00,2020-03-01 12:00:00+00:00,8647.42,8511.11,37.659482101250696,34.91237551088909,2020-03-01 00:00:00+00:00,8531.88,,34.259108838995544,neutral,time12,-0.027339946481147,2020
2,2020-03-09 12:00:00+00:00,2020-03-09T12:00:00+00:00,2020-03-09T16:00:00+00:00,2020-03-09 20:00:00+00:00,7842.04,7632.01,16.635616030183755,16.635616030183755,2020-03-09 00:00:00+00:00,7929.87,,31.90970192814845,neutral,rsi48,-0.0321395963295264,2020
2,2020-03-09 12:00:00+00:00,2020-03-09T12:00:00+00:00,2020-03-09T16:00:00+00:00,2020-03-09 20:00:00+00:00,7842.04,7632.01,16.635616030183755,16.635616030183755,2020-03-09 00:00:00+00:00,7929.87,,31.90970192814845,neutral,rsi50,-0.0321395963295264,2020
2,2020-03-09 12:00:00+00:00,2020-03-09T12:00:00+00:00,2020-03-09T16:00:00+00:00,2020-03-09 20:00:00+00:00,7842.04,7632.01,16.635616030183755,16.635616030183755,2020-03-09 00:00:00+00:00,7929.87,,31.90970192814845,neutral,rsi52,-0.0321395963295264,2020
2,2020-03-09 12:00:00+00:00,2020-03-09T12:00:00+00:00,2020-03-09T16:00:00+00:00,2020-03-09 20:00:00+00:00,7842.04,7632.01,16.635616030183755,16.635616030183755,2020-03-09 00:00:00+00:00,7929.87,,31.90970192814845,neutral,bb_mid,-0.0321395963295264,2020
2,2020-03-09 12:00:00+00:00,2020-03-09T12:00:00+00:00,2020-03-09T16:00:00+00:00,2020-03-09 20:00:00+00:00,7842.04,7632.01,16.635616030183755,16.635616030183755,2020-03-09 00:00:00+00:00,7929.87,,31.90970192814845,neutral,time2,0.0083039617242453,2020
2,2020-03-09 12:00:00+00:00,2020-03-09T12:00:00+00:00,2020-03-09T16:00:00+00:00,2020-03-09 20:00:00+00:00,7842.04,7632.01,16.635616030183755,16.635616030183755,2020-03-09 00:00:00+00:00,7929.87,,31.90970192814845,neutral,time3,0.0074087864892298,2020
2,2020-03-09 12:00:00+00:00,2020-03-09T12:00:00+00:00,2020-03-09T16:00:00+00:00,2020-03-09 20:00:00+00:00,7842.04,7632.01,16.635616030183755,16.635616030183755,2020-03-09 00:00:00+00:00,7929.87,,31.90970192814845,neutral,time6,0.0174393397636329,2020
2,2020-03-09 12:00:00+00:00,2020-03-09T12:00:00+00:00,2020-03-09T16:00:00+00:00,2020-03-09 20:00:00+00:00,7842.04,7632.01,16.635616030183755,16.635616030183755,2020-03-09 00:00:00+00:00,7929.87,,31.90970192814845,neutral,time12,-0.0017610213668892,2020
3,2020-03-13 04:00:00+00:00,2020-03-13T04:00:00+00:00,2020-03-13T20:00:00+00:00,2020-03-14 00:00:00+00:00,5576.05,4674.0,24.32522796623344,23.319768996429303,2020-03-14 00:00:00+00:00,5172.06,,23.98291136963293,neutral,rsi48,-0.0542875332896942,2020
3,2020-03-13 04:00:00+00:00,2020-03-13T04:00:00+00:00,2020-03-13T20:00:00+00:00,2020-03-14 00:00:00+00:00,5576.05,4674.0,24.32522796623344,23.319768996429303,2020-03-14 00:00:00+00:00,5172.06,,23.98291136963293,neutral,rsi50,-0.0542875332896942,2020
3,2020-03-13 04:00:00+00:00,2020-03-13T04:00:00+00:00,2020-03-13T20:00:00+00:00,2020-03-14 00:00:00+00:00,5576.05,4674.0,24.32522796623344,23.319768996429303,2020-03-14 00:00:00+00:00,5172.06,,23.98291136963293,neutral,rsi52,-0.0542875332896942,2020
3,2020-03-13 04:00:00+00:00,2020-03-13T04:00:00+00:00,2020-03-13T20:00:00+00:00,2020-03-14 00:00:00+00:00,5576.05,4674.0,24.32522796623344,23.319768996429303,2020-03-14 00:00:00+00:00,5172.06,,23.98291136963293,neutral,bb_mid,-0.0542875332896942,2020
3,2020-03-13 04:00:00+00:00,2020-03-13T04:00:00+00:00,2020-03-13T20:00:00+00:00,2020-03-14 00:00:00+00:00,5576.05,4674.0,24.32522796623344,23.319768996429303,2020-03-14 00:00:00+00:00,5172.06,,23.98291136963293,neutral,time2,-0.013566951515858,2020
3,2020-03-13 04:00:00+00:00,2020-03-13T04:00:00+00:00,2020-03-13T20:00:00+00:00,2020-03-14 00:00:00+00:00,5576.05,4674.0,24.32522796623344,23.319768996429303,2020-03-14 00:00:00+00:00,5172.06,,23.98291136963293,neutral,time3,-0.0228961361537288,2020
3,2020-03-13 04:00:00+00:00,2020-03-13T04:00:00+00:00,2020-03-13T20:00:00+00:00,2020-03-14 00:00:00+00:00,5576.05,4674.0,24.32522796623344,23.319768996429303,2020-03-14 00:00:00+00:00,5172.06,,23.98291136963293,neutral,time6,-0.0724509285246723,2020
3,2020-03-13 04:00:00+00:00,2020-03-13T04:00:00+00:00,2020-03-13T20:00:00+00:00,2020-03-14 00:00:00+00:00,5576.05,4674.0,24.32522796623344,23.319768996429303,2020-03-14 00:00:00+00:00,5172.06,,23.98291136963293,neutral,time12,-0.0385129258166623,2020
4,2020-06-12 00:00:00+00:00,2020-06-12T00:00:00+00:00,2020-06-12T04:00:00+00:00,2020-06-12 08:00:00+00:00,9439.48,9232.51,33.29010973034232,33.29010973034232,2020-06-12 00:00:00+00:00,9465.13,,50.405057711988974,neutral,rsi48,-0.0013920258319313,2020
4,2020-06-12 00:00:00+00:00,2020-06-12T00:00:00+00:00,2020-06-12T04:00:00+00:00,2020-06-12 08:00:00+00:00,9439.48,9232.51,33.29010973034232,33.29010973034232,2020-06-12 00:00:00+00:00,9465.13,,50.405057711988974,neutral,rsi50,-0.0013920258319313,2020
4,2020-06-12 00:00:00+00:00,2020-06-12T00:00:00+00:00,2020-06-12T04:00:00+00:00,2020-06-12 08:00:00+00:00,9439.48,9232.51,33.29010973034232,33.29010973034232,2020-06-12 00:00:00+00:00,9465.13,,50.405057711988974,neutral,rsi52,-0.0013920258319313,2020
4,2020-06-12 00:00:00+00:00,2020-06-12T00:00:00+00:00,2020-06-12T04:00:00+00:00,2020-06-12 08:00:00+00:00,9439.48,9232.51,33.29010973034232,33.29010973034232,2020-06-12 00:00:00+00:00,9465.13,,50.405057711988974,neutral,bb_mid,-0.0013920258319313,2020
4,2020-06-12 00:00:00+00:00,2020-06-12T00:00:00+00:00,2020-06-12T04:00:00+00:00,2020-06-12 08:00:00+00:00,9439.48,9232.51,33.29010973034232,33.29010973034232,2020-06-12 00:00:00+00:00,9465.13,,50.405057711988974,neutral,time2,-0.0022956773042582,2020
4,2020-06-12 00:00:00+00:00,2020-06-12T00:00:00+00:00,2020-06-12T04:00:00+00:00,2020-06-12 08:00:00+00:00,9439.48,9232.51,33.29010973034232,33.29010973034232,2020-06-12 00:00:00+00:00,9465.13,,50.405057711988974,neutral,time3,-0.0008761075821973,2020
4,2020-06-12 00:00:00+00:00,2020-06-12T00:00:00+00:00,2020-06-12T04:00:00+00:00,2020-06-12 08:00:00+00:00,9439.48,9232.51,33.29010973034232,33.29010973034232,2020-06-12 00:00:00+00:00,9465.13,,50.405057711988974,neutral,time6,-0.0001673821015564,2020
4,2020-06-12 00:00:00+00:00,2020-06-12T00:00:00+00:00,2020-06-12T04:00:00+00:00,2020-06-12 08:00:00+00:00,9439.48,9232.51,33.29010973034232,33.29010973034232,2020-06-12 00:00:00+00:00,9465.13,,50.405057711988974,neutral,time12,-0.0026325602681503,2020
5,2020-06-25 04:00:00+00:00,2020-06-25T04:00:00+00:00,2020-06-25T08:00:00+00:00,2020-06-25 12:00:00+00:00,9255.79,9090.17,36.01664995856142,36.01664995856142,2020-06-25 00:00:00+00:00,9249.49,,45.98446996130898,neutral,rsi48,-0.022725234690934,2020
5,2020-06-25 04:00:00+00:00,2020-06-25T04:00:00+00:00,2020-06-25T08:00:00+00:00,2020-06-25 12:00:00+00:00,9255.79,9090.17,36.01664995856142,36.01664995856142,2020-06-25 00:00:00+00:00,9249.49,,45.98446996130898,neutral,rsi50,-0.022725234690934,2020
5,2020-06-25 04:00:00+00:00,2020-06-25T04:00:00+00:00,2020-06-25T08:00:00+00:00,2020-06-25 12:00:00+00:00,9255.79,9090.17,36.01664995856142,36.01664995856142,2020-06-25 00:00:00+00:00,9249.49,,45.98446996130898,neutral,rsi52,-0.022725234690934,2020
5,2020-06-25 04:00:00+00:00,2020-06-25T04:00:00+00:00,2020-06-25T08:00:00+00:00,2020-06-25 12:00:00+00:00,9255.79,9090.17,36.01664995856142,36.01664995856142,2020-06-25 00:00:00+00:00,9249.49,,45.98446996130898,neutral,bb_mid,-0.022725234690934,2020
5,2020-06-25 04:00:00+00:00,2020-06-25T04:00:00+00:00,2020-06-25T08:00:00+00:00,2020-06-25 12:00:00+00:00,9255.79,9090.17,36.01664995856142,36.01664995856142,2020-06-25 00:00:00+00:00,9249.49,,45.98446996130898,neutral,time2,0.0033784258285893,2020
5,2020-06-25 04:00:00+00:00,2020-06-25T04:00:00+00:00,2020-06-25T08:00:00+00:00,2020-06-25 12:00:00+00:00,9255.79,9090.17,36.01664995856142,36.01664995856142,2020-06-25 00:00:00+00:00,9249.49,,45.98446996130898,neutral,time3,-0.0006806550278259,2020
5,2020-06-25 04:00:00+00:00,2020-06-25T04:00:00+00:00,2020-06-25T08:00:00+00:00,2020-06-25 12:00:00+00:00,9255.79,9090.17,36.01664995856142,36.01664995856142,2020-06-25 00:00:00+00:00,9249.49,,45.98446996130898,neutral,time6,-0.0071749683171292,2020
5,2020-06-25 04:00:00+00:00,2020-06-25T04:00:00+00:00,2020-06-25T08:00:00+00:00,2020-06-25 12:00:00+00:00,9255.79,9090.17,36.01664995856142,36.01664995856142,2020-06-25 00:00:00+00:00,9249.49,,45.98446996130898,neutral,time12,-0.022725234690934,2020
6,2020-07-02 16:00:00+00:00,2020-07-02T16:00:00+00:00,2020-07-03T04:00:00+00:00,2020-07-03 08:00:00+00:00,9105.25,8940.0,37.988330598668206,37.988330598668206,2020-07-03 00:00:00+00:00,9058.26,,43.286060351976104,neutral,rsi48,0.0026424315642075,2020
6,2020-07-02 16:00:00+00:00,2020-07-02T16:00:00+00:00,2020-07-03T04:00:00+00:00,2020-07-03 08:00:00+00:00,9105.25,8940.0,37.988330598668206,37.988330598668206,2020-07-03 00:00:00+00:00,9058.26,,43.286060351976104,neutral,rsi50,0.0026424315642075,2020
6,2020-07-02 16:00:00+00:00,2020-07-02T16:00:00+00:00,2020-07-03T04:00:00+00:00,2020-07-03 08:00:00+00:00,9105.25,8940.0,37.988330598668206,37.988330598668206,2020-07-03 00:00:00+00:00,9058.26,,43.286060351976104,neutral,rsi52,0.0033178660662802,2020
6,2020-07-02 16:00:00+00:00,2020-07-02T16:00:00+00:00,2020-07-03T04:00:00+00:00,2020-07-03 08:00:00+00:00,9105.25,8940.0,37.988330598668206,37.988330598668206,2020-07-03 00:00:00+00:00,9058.26,,43.286060351976104,neutral,bb_mid,0.0026424315642075,2020
6,2020-07-02 16:00:00+00:00,2020-07-02T16:00:00+00:00,2020-07-03T04:00:00+00:00,2020-07-03 08:00:00+00:00,9105.25,8940.0,37.988330598668206,37.988330598668206,2020-07-03 00:00:00+00:00,9058.26,,43.286060351976104,neutral,time2,-0.0005337579967601,2020
6,2020-07-02 16:00:00+00:00,2020-07-02T16:00:00+00:00,2020-07-03T04:00:00+00:00,2020-07-03 08:00:00+00:00,9105.25,8940.0,37.988330598668206,37.988330598668206,2020-07-03 00:00:00+00:00,9058.26,,43.286060351976104,neutral,time3,-0.0021449163943879,2020
6,2020-07-02 16:00:00+00:00,2020-07-02T16:00:00+00:00,2020-07-03T04:00:00+00:00,2020-07-03 08:00:00+00:00,9105.25,8940.0,37.988330598668206,37.988330598668206,2020-07-03 00:00:00+00:00,9058.26,,43.286060351976104,neutral,time6,-0.0034826061887371,2020
6,2020-07-02 16:00:00+00:00,2020-07-02T16:00:00+00:00,2020-07-03T04:00:00+00:00,2020-07-03 08:00:00+00:00,9105.25,8940.0,37.988330598668206,37.988330598668206,2020-07-03 00:00:00+00:00,9058.26,,43.286060351976104,neutral,time12,-0.0047511051316548,2020
7,2020-07-16 12:00:00+00:00,2020-07-16T12:00:00+00:00,2020-07-17T08:00:00+00:00,2020-07-17 12:00:00+00:00,9138.92,9069.31,39.33165427761757,37.98114451162426,2020-07-17 00:00:00+00:00,9154.32,,46.24618630280712,neutral,rsi48,0.0022956760755099,2020
7,2020-07-16 12:00:00+00:00,2020-07-16T12:00:00+00:00,2020-07-17T08:00:00+00:00,2020-07-17 12:00:00+00:00,9138.92,9069.31,39.33165427761757,37.98114451162426,2020-07-17 00:00:00+00:00,9154.32,,46.24618630280712,neutral,rsi50,0.0034314776800761,2020
7,2020-07-16 12:00:00+00:00,2020-07-16T12:00:00+00:00,2020-07-17T08:00:00+00:00,2020-07-17 12:00:00+00:00,9138.92,9069.31,39.33165427761757,37.98114451162426,2020-07-17 00:00:00+00:00,9154.32,,46.24618630280712,neutral,rsi52,-0.0020823029417043,2020
7,2020-07-16 12:00:00+00:00,2020-07-16T12:00:00+00:00,2020-07-17T08:00:00+00:00,2020-07-17 12:00:00+00:00,9138.92,9069.31,39.33165427761757,37.98114451162426,2020-07-17 00:00:00+00:00,9154.32,,46.24618630280712,neutral,bb_mid,0.0022956760755099,2020
7,2020-07-16 12:00:00+00:00,2020-07-16T12:00:00+00:00,2020-07-17T08:00:00+00:00,2020-07-17 12:00:00+00:00,9138.92,9069.31,39.33165427761757,37.98114451162426,2020-07-17 00:00:00+00:00,9154.32,,46.24618630280712,neutral,time2,0.0028263733570268,2020
7,2020-07-16 12:00:00+00:00,2020-07-16T12:00:00+00:00,2020-07-17T08:00:00+00:00,2020-07-17 12:00:00+00:00,9138.92,9069.31,39.33165427761757,37.98114451162426,2020-07-17 00:00:00+00:00,9154.32,,46.24618630280712,neutral,time3,0.0016851006464657,2020
7,2020-07-16 12:00:00+00:00,2020-07-16T12:00:00+00:00,2020-07-17T08:00:00+00:00,2020-07-17 12:00:00+00:00,9138.92,9069.31,39.33165427761757,37.98114451162426,2020-07-17 00:00:00+00:00,9154.32,,46.24618630280712,neutral,time6,0.0022956760755099,2020
7,2020-07-16 12:00:00+00:00,2020-07-16T12:00:00+00:00,2020-07-17T08:00:00+00:00,2020-07-17 12:00:00+00:00,9138.92,9069.31,39.33165427761757,37.98114451162426,2020-07-17 00:00:00+00:00,9154.32,,46.24618630280712,neutral,time12,-0.0015877149597545,2020
8,2020-08-11 20:00:00+00:00,2020-08-11T20:00:00+00:00,2020-08-12T12:00:00+00:00,2020-08-12 16:00:00+00:00,11581.54,11125.0,38.31785609206881,37.95879816230693,2020-08-12 00:00:00+00:00,11564.33,8854.60255,61.698081278307065,bull,rsi48,0.0171358903910878,2020
8,2020-08-11 20:00:00+00:00,2020-08-11T20:00:00+00:00,2020-08-12T12:00:00+00:00,2020-08-12 16:00:00+00:00,11581.54,11125.0,38.31785609206881,37.95879816230693,2020-08-12 00:00:00+00:00,11564.33,8854.60255,61.698081278307065,bull,rsi50,0.0171358903910878,2020
8,2020-08-11 20:00:00+00:00,2020-08-11T20:00:00+00:00,2020-08-12T12:00:00+00:00,2020-08-12 16:00:00+00:00,11581.54,11125.0,38.31785609206881,37.95879816230693,2020-08-12 00:00:00+00:00,11564.33,8854.60255,61.698081278307065,bull,rsi52,0.0171358903910878,2020
8,2020-08-11 20:00:00+00:00,2020-08-11T20:00:00+00:00,2020-08-12T12:00:00+00:00,2020-08-12 16:00:00+00:00,11581.54,11125.0,38.31785609206881,37.95879816230693,2020-08-12 00:00:00+00:00,11564.33,8854.60255,61.698081278307065,bull,bb_mid,0.0171358903910878,2020
8,2020-08-11 20:00:00+00:00,2020-08-11T20:00:00+00:00,2020-08-12T12:00:00+00:00,2020-08-12 16:00:00+00:00,11581.54,11125.0,38.31785609206881,37.95879816230693,2020-08-12 00:00:00+00:00,11564.33,8854.60255,61.698081278307065,bull,time2,-0.0014859854561656,2020
8,2020-08-11 20:00:00+00:00,2020-08-11T20:00:00+00:00,2020-08-12T12:00:00+00:00,2020-08-12 16:00:00+00:00,11581.54,11125.0,38.31785609206881,37.95879816230693,2020-08-12 00:00:00+00:00,11564.33,8854.60255,61.698081278307065,bull,time3,-0.0012373138632687,2020
8,2020-08-11 20:00:00+00:00,2020-08-11T20:00:00+00:00,2020-08-12T12:00:00+00:00,2020-08-12 16:00:00+00:00,11581.54,11125.0,38.31785609206881,37.95879816230693,2020-08-12 00:00:00+00:00,11564.33,8854.60255,61.698081278307065,bull,time6,-0.0070595102205751,2020
8,2020-08-11 20:00:00+00:00,2020-08-11T20:00:00+00:00,2020-08-12T12:00:00+00:00,2020-08-12 16:00:00+00:00,11581.54,11125.0,38.31785609206881,37.95879816230693,2020-08-12 00:00:00+00:00,11564.33,8854.60255,61.698081278307065,bull,time12,0.0137123387736,2020
9,2020-08-22 04:00:00+00:00,2020-08-22T04:00:00+00:00,2020-08-22T20:00:00+00:00,2020-08-23 00:00:00+00:00,11663.51,11411.87,39.27153446691021,38.45774324930768,2020-08-23 00:00:00+00:00,11648.13,8995.09665,55.06702906053605,bull,rsi48,0.0018399264029438,2020
9,2020-08-22 04:00:00+00:00,2020-08-22T04:00:00+00:00,2020-08-22T20:00:00+00:00,2020-08-23 00:00:00+00:00,11663.51,11411.87,39.27153446691021,38.45774324930768,2020-08-23 00:00:00+00:00,11648.13,8995.09665,55.06702906053605,bull,rsi50,0.0081510625875058,2020
9,2020-08-22 04:00:00+00:00,2020-08-22T04:00:00+00:00,2020-08-22T20:00:00+00:00,2020-08-23 00:00:00+00:00,11663.51,11411.87,39.27153446691021,38.45774324930768,2020-08-23 00:00:00+00:00,11648.13,8995.09665,55.06702906053605,bull,rsi52,0.0081510625875058,2020
9,2020-08-22 04:00:00+00:00,2020-08-22T04:00:00+00:00,2020-08-22T20:00:00+00:00,2020-08-23 00:00:00+00:00,11663.51,11411.87,39.27153446691021,38.45774324930768,2020-08-23 00:00:00+00:00,11648.13,8995.09665,55.06702906053605,bull,bb_mid,0.0018399264029438,2020
9,2020-08-22 04:00:00+00:00,2020-08-22T04:00:00+00:00,2020-08-22T20:00:00+00:00,2020-08-23 00:00:00+00:00,11663.51,11411.87,39.27153446691021,38.45774324930768,2020-08-23 00:00:00+00:00,11648.13,8995.09665,55.06702906053605,bull,time2,-0.0040339486140965,2020
9,2020-08-22 04:00:00+00:00,2020-08-22T04:00:00+00:00,2020-08-22T20:00:00+00:00,2020-08-23 00:00:00+00:00,11663.51,11411.87,39.27153446691021,38.45774324930768,2020-08-23 00:00:00+00:00,11648.13,8995.09665,55.06702906053605,bull,time3,-0.0117443205347275,2020
9,2020-08-22 04:00:00+00:00,2020-08-22T04:00:00+00:00,2020-08-22T20:00:00+00:00,2020-08-23 00:00:00+00:00,11663.51,11411.87,39.27153446691021,38.45774324930768,2020-08-23 00:00:00+00:00,11648.13,8995.09665,55.06702906053605,bull,time6,-0.0013186425012711,2020
9,2020-08-22 04:00:00+00:00,2020-08-22T04:00:00+00:00,2020-08-22T20:00:00+00:00,2020-08-23 00:00:00+00:00,11663.51,11411.87,39.27153446691021,38.45774324930768,2020-08-23 00:00:00+00:00,11648.13,8995.09665,55.06702906053605,bull,time12,0.0072611075053736,2020
10,2020-09-04 04:00:00+00:00,2020-09-04T04:00:00+00:00,2020-09-04T08:00:00+00:00,2020-09-04 12:00:00+00:00,10422.52,10093.1,23.406765912249384,23.406765912249384,2020-09-04 00:00:00+00:00,10446.25,9074.96455,38.24068329250854,neutral,rsi48,-0.0524844279502462,2020
10,2020-09-04 04:00:00+00:00,2020-09-04T04:00:00+00:00,2020-09-04T08:00:00+00:00,2020-09-04 12:00:00+00:00,10422.52,10093.1,23.406765912249384,23.406765912249384,2020-09-04 00:00:00+00:00,10446.25,9074.96455,38.24068329250854,neutral,rsi50,-0.0524844279502462,2020
10,2020-09-04 04:00:00+00:00,2020-09-04T04:00:00+00:00,2020-09-04T08:00:00+00:00,2020-09-04 12:00:00+00:00,10422.52,10093.1,23.406765912249384,23.406765912249384,2020-09-04 00:00:00+00:00,10446.25,9074.96455,38.24068329250854,neutral,rsi52,-0.0524844279502462,2020
10,2020-09-04 04:00:00+00:00,2020-09-04T04:00:00+00:00,2020-09-04T08:00:00+00:00,2020-09-04 12:00:00+00:00,10422.52,10093.1,23.406765912249384,23.406765912249384,2020-09-04 00:00:00+00:00,10446.25,9074.96455,38.24068329250854,neutral,bb_mid,-0.0524844279502462,2020
10,2020-09-04 04:00:00+00:00,2020-09-04T04:00:00+00:00,2020-09-04T08:00:00+00:00,2020-09-04 12:00:00+00:00,10422.52,10093.1,23.406765912249384,23.406765912249384,2020-09-04 00:00:00+00:00,10446.25,9074.96455,38.24068329250854,neutral,time2,-0.0524844279502462,2020
10,2020-09-04 04:00:00+00:00,2020-09-04T04:00:00+00:00,2020-09-04T08:00:00+00:00,2020-09-04 12:00:00+00:00,10422.52,10093.1,23.406765912249384,23.406765912249384,2020-09-04 00:00:00+00:00,10446.25,9074.96455,38.24068329250854,neutral,time3,-0.0524844279502462,2020
10,2020-09-04 04:00:00+00:00,2020-09-04T04:00:00+00:00,2020-09-04T08:00:00+00:00,2020-09-04 12:00:00+00:00,10422.52,10093.1,23.406765912249384,23.406765912249384,2020-09-04 00:00:00+00:00,10446.25,9074.96455,38.24068329250854,neutral,time6,-0.0524844279502462,2020
10,2020-09-04 04:00:00+00:00,2020-09-04T04:00:00+00:00,2020-09-04T08:00:00+00:00,2020-09-04 12:00:00+00:00,10422.52,10093.1,23.406765912249384,23.406765912249384,2020-09-04 00:00:00+00:00,10446.25,9074.96455,38.24068329250854,neutral,time12,-0.0524844279502462,2020
11,2020-09-22 00:00:00+00:00,2020-09-22T00:00:00+00:00,2020-09-22T16:00:00+00:00,2020-09-22 20:00:00+00:00,10491.98,10353.0,34.03616153756697,31.642669367671783,2020-09-22 00:00:00+00:00,10529.61,9196.52515,44.428121595991584,neutral,rsi48,-0.0225362610298531,2020
11,2020-09-22 00:00:00+00:00,2020-09-22T00:00:00+00:00,2020-09-22T16:00:00+00:00,2020-09-22 20:00:00+00:00,10491.98,10353.0,34.03616153756697,31.642669367671783,2020-09-22 00:00:00+00:00,10529.61,9196.52515,44.428121595991584,neutral,rsi50,-0.0225362610298531,2020
11,2020-09-22 00:00:00+00:00,2020-09-22T00:00:00+00:00,2020-09-22T16:00:00+00:00,2020-09-22 20:00:00+00:00,10491.98,10353.0,34.03616153756697,31.642669367671783,2020-09-22 00:00:00+00:00,10529.61,9196.52515,44.428121595991584,neutral,rsi52,-0.0225362610298531,2020
11,2020-09-22 00:00:00+00:00,2020-09-22T00:00:00+00:00,2020-09-22T16:00:00+00:00,2020-09-22 20:00:00+00:00,10491.98,10353.0,34.03616153756697,31.642669367671783,2020-09-22 00:00:00+00:00,10529.61,9196.52515,44.428121595991584,neutral,bb_mid,-0.0225362610298531,2020
11,2020-09-22 00:00:00+00:00,2020-09-22T00:00:00+00:00,2020-09-22T16:00:00+00:00,2020-09-22 20:00:00+00:00,10491.98,10353.0,34.03616153756697,31.642669367671783,2020-09-22 00:00:00+00:00,10529.61,9196.52515,44.428121595991584,neutral,time2,-0.0015221149868756,2020
11,2020-09-22 00:00:00+00:00,2020-09-22T00:00:00+00:00,2020-09-22T16:00:00+00:00,2020-09-22 20:00:00+00:00,10491.98,10353.0,34.03616153756697,31.642669367671783,2020-09-22 00:00:00+00:00,10529.61,9196.52515,44.428121595991584,neutral,time3,-0.0060369920644148,2020
11,2020-09-22 00:00:00+00:00,2020-09-22T00:00:00+00:00,2020-09-22T16:00:00+00:00,2020-09-22 20:00:00+00:00,10491.98,10353.0,34.03616153756697,31.642669367671783,2020-09-22 00:00:00+00:00,10529.61,9196.52515,44.428121595991584,neutral,time6,-0.0189649618089244,2020
11,2020-09-22 00:00:00+00:00,2020-09-22T00:00:00+00:00,2020-09-22T16:00:00+00:00,2020-09-22 20:00:00+00:00,10491.98,10353.0,34.03616153756697,31.642669367671783,2020-09-22 00:00:00+00:00,10529.61,9196.52515,44.428121595991584,neutral,time12,-0.0225362610298531,2020
12,2020-12-09 08:00:00+00:00,2020-12-09T08:00:00+00:00,2020-12-09T20:00:00+00:00,2020-12-10 00:00:00+00:00,18541.29,17650.0,36.99265220536661,36.99265220536661,2020-12-10 00:00:00+00:00,18254.63,11919.999000000002,52.583914884399654,bull,rsi48,-0.052259578486718,2020
12,2020-12-09 08:00:00+00:00,2020-12-09T08:00:00+00:00,2020-12-09T20:00:00+00:00,2020-12-10 00:00:00+00:00,18541.29,17650.0,36.99265220536661,36.99265220536661,2020-12-10 00:00:00+00:00,18254.63,11919.999000000002,52.583914884399654,bull,rsi50,-0.052259578486718,2020
12,2020-12-09 08:00:00+00:00,2020-12-09T08:00:00+00:00,2020-12-09T20:00:00+00:00,2020-12-10 00:00:00+00:00,18541.29,17650.0,36.99265220536661,36.99265220536661,2020-12-10 00:00:00+00:00,18254.63,11919.999000000002,52.583914884399654,bull,rsi52,-0.052259578486718,2020
12,2020-12-09 08:00:00+00:00,2020-12-09T08:00:00+00:00,2020-12-09T20:00:00+00:00,2020-12-10 00:00:00+00:00,18541.29,17650.0,36.99265220536661,36.99265220536661,2020-12-10 00:00:00+00:00,18254.63,11919.999000000002,52.583914884399654,bull,bb_mid,-0.052259578486718,2020
12,2020-12-09 08:00:00+00:00,2020-12-09T08:00:00+00:00,2020-12-09T20:00:00+00:00,2020-12-10 00:00:00+00:00,18541.29,17650.0,36.99265220536661,36.99265220536661,2020-12-10 00:00:00+00:00,18254.63,11919.999000000002,52.583914884399654,bull,time2,-0.0110768991801541,2020
12,2020-12-09 08:00:00+00:00,2020-12-09T08:00:00+00:00,2020-12-09T20:00:00+00:00,2020-12-10 00:00:00+00:00,18541.29,17650.0,36.99265220536661,36.99265220536661,2020-12-10 00:00:00+00:00,18254.63,11919.999000000002,52.583914884399654,bull,time3,-0.0188120675530126,2020
12,2020-12-09 08:00:00+00:00,2020-12-09T08:00:00+00:00,2020-12-09T20:00:00+00:00,2020-12-10 00:00:00+00:00,18541.29,17650.0,36.99265220536661,36.99265220536661,2020-12-10 00:00:00+00:00,18254.63,11919.999000000002,52.583914884399654,bull,time6,-0.0154606286833332,2020
12,2020-12-09 08:00:00+00:00,2020-12-09T08:00:00+00:00,2020-12-09T20:00:00+00:00,2020-12-10 00:00:00+00:00,18541.29,17650.0,36.99265220536661,36.99265220536661,2020-12-10 00:00:00+00:00,18254.63,11919.999000000002,52.583914884399654,bull,time12,-0.052259578486718,2020
13,2021-02-26 08:00:00+00:00,2021-02-26T08:00:00+00:00,2021-02-27T00:00:00+00:00,2021-02-27 04:00:00+00:00,47423.07,44939.19,38.83694055320289,38.83694055320289,2021-02-27 00:00:00+00:00,46106.43,22145.271149999997,49.41957863908027,neutral,rsi48,-0.0628190034934473,2021
13,2021-02-26 08:00:00+00:00,2021-02-26T08:00:00+00:00,2021-02-27T00:00:00+00:00,2021-02-27 04:00:00+00:00,47423.07,44939.19,38.83694055320289,38.83694055320289,2021-02-27 00:00:00+00:00,46106.43,22145.271149999997,49.41957863908027,neutral,rsi50,-0.0628190034934473,2021
13,2021-02-26 08:00:00+00:00,2021-02-26T08:00:00+00:00,2021-02-27T00:00:00+00:00,2021-02-27 04:00:00+00:00,47423.07,44939.19,38.83694055320289,38.83694055320289,2021-02-27 00:00:00+00:00,46106.43,22145.271149999997,49.41957863908027,neutral,rsi52,-0.0628190034934473,2021
13,2021-02-26 08:00:00+00:00,2021-02-26T08:00:00+00:00,2021-02-27T00:00:00+00:00,2021-02-27 04:00:00+00:00,47423.07,44939.19,38.83694055320289,38.83694055320289,2021-02-27 00:00:00+00:00,46106.43,22145.271149999997,49.41957863908027,neutral,bb_mid,-0.0628190034934473,2021
13,2021-02-26 08:00:00+00:00,2021-02-26T08:00:00+00:00,2021-02-27T00:00:00+00:00,2021-02-27 04:00:00+00:00,47423.07,44939.19,38.83694055320289,38.83694055320289,2021-02-27 00:00:00+00:00,46106.43,22145.271149999997,49.41957863908027,neutral,time2,-0.0025953612872384,2021
13,2021-02-26 08:00:00+00:00,2021-02-26T08:00:00+00:00,2021-02-27T00:00:00+00:00,2021-02-27 04:00:00+00:00,47423.07,44939.19,38.83694055320289,38.83694055320289,2021-02-27 00:00:00+00:00,46106.43,22145.271149999997,49.41957863908027,neutral,time3,-0.0188606515773862,2021
13,2021-02-26 08:00:00+00:00,2021-02-26T08:00:00+00:00,2021-02-27T00:00:00+00:00,2021-02-27 04:00:00+00:00,47423.07,44939.19,38.83694055320289,38.83694055320289,2021-02-27 00:00:00+00:00,46106.43,22145.271149999997,49.41957863908027,neutral,time6,-0.0589143638317806,2021
13,2021-02-26 08:00:00+00:00,2021-02-26T08:00:00+00:00,2021-02-27T00:00:00+00:00,2021-02-27 04:00:00+00:00,47423.07,44939.19,38.83694055320289,38.83694055320289,2021-02-27 00:00:00+00:00,46106.43,22145.271149999997,49.41957863908027,neutral,time12,-0.0628190034934473,2021
14,2021-04-18 12:00:00+00:00,2021-04-18T12:00:00+00:00,2021-04-19T00:00:00+00:00,2021-04-19 04:00:00+00:00,57030.9,53200.0,35.02046652770758,35.02046652770758,2021-04-19 00:00:00+00:00,55633.14,33675.838650000005,42.62006164160393,neutral,rsi48,-0.0302793748652047,2021
14,2021-04-18 12:00:00+00:00,2021-04-18T12:00:00+00:00,2021-04-19T00:00:00+00:00,2021-04-19 04:00:00+00:00,57030.9,53200.0,35.02046652770758,35.02046652770758,2021-04-19 00:00:00+00:00,55633.14,33675.838650000005,42.62006164160393,neutral,rsi50,-0.0302793748652047,2021
14,2021-04-18 12:00:00+00:00,2021-04-18T12:00:00+00:00,2021-04-19T00:00:00+00:00,2021-04-19 04:00:00+00:00,57030.9,53200.0,35.02046652770758,35.02046652770758,2021-04-19 00:00:00+00:00,55633.14,33675.838650000005,42.62006164160393,neutral,rsi52,-0.0302793748652047,2021
14,2021-04-18 12:00:00+00:00,2021-04-18T12:00:00+00:00,2021-04-19T00:00:00+00:00,2021-04-19 04:00:00+00:00,57030.9,53200.0,35.02046652770758,35.02046652770758,2021-04-19 00:00:00+00:00,55633.14,33675.838650000005,42.62006164160393,neutral,bb_mid,-0.008038800018937,2021
14,2021-04-18 12:00:00+00:00,2021-04-18T12:00:00+00:00,2021-04-19T00:00:00+00:00,2021-04-19 04:00:00+00:00,57030.9,53200.0,35.02046652770758,35.02046652770758,2021-04-19 00:00:00+00:00,55633.14,33675.838650000005,42.62006164160393,neutral,time2,0.0013413780950326,2021
14,2021-04-18 12:00:00+00:00,2021-04-18T12:00:00+00:00,2021-04-19T00:00:00+00:00,2021-04-19 04:00:00+00:00,57030.9,53200.0,35.02046652770758,35.02046652770758,2021-04-19 00:00:00+00:00,55633.14,33675.838650000005,42.62006164160393,neutral,time3,-0.0428834193393405,2021
14,2021-04-18 12:00:00+00:00,2021-04-18T12:00:00+00:00,2021-04-19T00:00:00+00:00,2021-04-19 04:00:00+00:00,57030.9,53200.0,35.02046652770758,35.02046652770758,2021-04-19 00:00:00+00:00,55633.14,33675.838650000005,42.62006164160393,neutral,time6,-0.0397465233759242,2021
14,2021-04-18 12:00:00+00:00,2021-04-18T12:00:00+00:00,2021-04-19T00:00:00+00:00,2021-04-19 04:00:00+00:00,57030.9,53200.0,35.02046652770758,35.02046652770758,2021-04-19 00:00:00+00:00,55633.14,33675.838650000005,42.62006164160393,neutral,time12,-0.0320229910452053,2021
15,2021-04-22 00:00:00+00:00,2021-04-22T00:00:00+00:00,2021-04-22T08:00:00+00:00,2021-04-22 12:00:00+00:00,54866.63,52561.0,38.548093882495216,38.548093882495216,2021-04-22 00:00:00+00:00,51690.96,34326.46115,35.10218426145566,neutral,rsi48,-0.0481979665964539,2021
15,2021-04-22 00:00:00+00:00,2021-04-22T00:00:00+00:00,2021-04-22T08:00:00+00:00,2021-04-22 12:00:00+00:00,54866.63,52561.0,38.548093882495216,38.548093882495216,2021-04-22 00:00:00+00:00,51690.96,34326.46115,35.10218426145566,neutral,rsi50,-0.0481979665964539,2021
15,2021-04-22 00:00:00+00:00,2021-04-22T00:00:00+00:00,2021-04-22T08:00:00+00:00,2021-04-22 12:00:00+00:00,54866.63,52561.0,38.548093882495216,38.548093882495216,2021-04-22 00:00:00+00:00,51690.96,34326.46115,35.10218426145566,neutral,rsi52,-0.0481979665964539,2021
15,2021-04-22 00:00:00+00:00,2021-04-22T00:00:00+00:00,2021-04-22T08:00:00+00:00,2021-04-22 12:00:00+00:00,54866.63,52561.0,38.548093882495216,38.548093882495216,2021-04-22 00:00:00+00:00,51690.96,34326.46115,35.10218426145566,neutral,bb_mid,-0.0481979665964539,2021
15,2021-04-22 00:00:00+00:00,2021-04-22T00:00:00+00:00,2021-04-22T08:00:00+00:00,2021-04-22 12:00:00+00:00,54866.63,52561.0,38.548093882495216,38.548093882495216,2021-04-22 00:00:00+00:00,51690.96,34326.46115,35.10218426145566,neutral,time2,-0.0354147867292012,2021
15,2021-04-22 00:00:00+00:00,2021-04-22T00:00:00+00:00,2021-04-22T08:00:00+00:00,2021-04-22 12:00:00+00:00,54866.63,52561.0,38.548093882495216,38.548093882495216,2021-04-22 00:00:00+00:00,51690.96,34326.46115,35.10218426145566,neutral,time3,-0.0481979665964539,2021
15,2021-04-22 00:00:00+00:00,2021-04-22T00:00:00+00:00,2021-04-22T08:00:00+00:00,2021-04-22 12:00:00+00:00,54866.63,52561.0,38.548093882495216,38.548093882495216,2021-04-22 00:00:00+00:00,51690.96,34326.46115,35.10218426145566,neutral,time6,-0.0481979665964539,2021
15,2021-04-22 00:00:00+00:00,2021-04-22T00:00:00+00:00,2021-04-22T08:00:00+00:00,2021-04-22 12:00:00+00:00,54866.63,52561.0,38.548093882495216,38.548093882495216,2021-04-22 00:00:00+00:00,51690.96,34326.46115,35.10218426145566,neutral,time12,-0.0481979665964539,2021
16,2021-04-23 08:00:00+00:00,2021-04-23T08:00:00+00:00,2021-04-23T20:00:00+00:00,2021-04-24 00:00:00+00:00,51110.56,47500.0,35.988268947333935,35.43161319277094,2021-04-24 00:00:00+00:00,50047.84,34725.3667,32.19167583895435,neutral,rsi48,-0.0817944471749085,2021
16,2021-04-23 08:00:00+00:00,2021-04-23T08:00:00+00:00,2021-04-23T20:00:00+00:00,2021-04-24 00:00:00+00:00,51110.56,47500.0,35.988268947333935,35.43161319277094,2021-04-24 00:00:00+00:00,50047.84,34725.3667,32.19167583895435,neutral,rsi50,-0.0817944471749085,2021
16,2021-04-23 08:00:00+00:00,2021-04-23T08:00:00+00:00,2021-04-23T20:00:00+00:00,2021-04-24 00:00:00+00:00,51110.56,47500.0,35.988268947333935,35.43161319277094,2021-04-24 00:00:00+00:00,50047.84,34725.3667,32.19167583895435,neutral,rsi52,-0.0817944471749085,2021
16,2021-04-23 08:00:00+00:00,2021-04-23T08:00:00+00:00,2021-04-23T20:00:00+00:00,2021-04-24 00:00:00+00:00,51110.56,47500.0,35.988268947333935,35.43161319277094,2021-04-24 00:00:00+00:00,50047.84,34725.3667,32.19167583895435,neutral,bb_mid,-0.0817944471749085,2021
16,2021-04-23 08:00:00+00:00,2021-04-23T08:00:00+00:00,2021-04-23T20:00:00+00:00,2021-04-24 00:00:00+00:00,51110.56,47500.0,35.988268947333935,35.43161319277094,2021-04-24 00:00:00+00:00,50047.84,34725.3667,32.19167583895435,neutral,time2,-0.025539927560958,2021
16,2021-04-23 08:00:00+00:00,2021-04-23T08:00:00+00:00,2021-04-23T20:00:00+00:00,2021-04-24 00:00:00+00:00,51110.56,47500.0,35.988268947333935,35.43161319277094,2021-04-24 00:00:00+00:00,50047.84,34725.3667,32.19167583895435,neutral,time3,-0.0398518427503044,2021
16,2021-04-23 08:00:00+00:00,2021-04-23T08:00:00+00:00,2021-04-23T20:00:00+00:00,2021-04-24 00:00:00+00:00,51110.56,47500.0,35.988268947333935,35.43161319277094,2021-04-24 00:00:00+00:00,50047.84,34725.3667,32.19167583895435,neutral,time6,-0.0207925720242548,2021
16,2021-04-23 08:00:00+00:00,2021-04-23T08:00:00+00:00,2021-04-23T20:00:00+00:00,2021-04-24 00:00:00+00:00,51110.56,47500.0,35.988268947333935,35.43161319277094,2021-04-24 00:00:00+00:00,50047.84,34725.3667,32.19167583895435,neutral,time12,-0.0399876268231066,2021
17,2021-05-16 00:00:00+00:00,2021-05-16T00:00:00+00:00,2021-05-16T04:00:00+00:00,2021-05-16 08:00:00+00:00,49375.28,46467.0,38.74102761683764,38.74102761683764,2021-05-16 00:00:00+00:00,46431.5,39366.40055,33.434652333912666,neutral,rsi48,-0.0998645476035781,2021
17,2021-05-16 00:00:00+00:00,2021-05-16T00:00:00+00:00,2021-05-16T04:00:00+00:00,2021-05-16 08:00:00+00:00,49375.28,46467.0,38.74102761683764,38.74102761683764,2021-05-16 00:00:00+00:00,46431.5,39366.40055,33.434652333912666,neutral,rsi50,-0.0998645476035781,2021
17,2021-05-16 00:00:00+00:00,2021-05-16T00:00:00+00:00,2021-05-16T04:00:00+00:00,2021-05-16 08:00:00+00:00,49375.28,46467.0,38.74102761683764,38.74102761683764,2021-05-16 00:00:00+00:00,46431.5,39366.40055,33.434652333912666,neutral,rsi52,-0.0998645476035781,2021
17,2021-05-16 00:00:00+00:00,2021-05-16T00:00:00+00:00,2021-05-16T04:00:00+00:00,2021-05-16 08:00:00+00:00,49375.28,46467.0,38.74102761683764,38.74102761683764,2021-05-16 00:00:00+00:00,46431.5,39366.40055,33.434652333912666,neutral,bb_mid,-0.0998645476035781,2021
17,2021-05-16 00:00:00+00:00,2021-05-16T00:00:00+00:00,2021-05-16T04:00:00+00:00,2021-05-16 08:00:00+00:00,49375.28,46467.0,38.74102761683764,38.74102761683764,2021-05-16 00:00:00+00:00,46431.5,39366.40055,33.434652333912666,neutral,time2,-0.0333774309735559,2021
17,2021-05-16 00:00:00+00:00,2021-05-16T00:00:00+00:00,2021-05-16T04:00:00+00:00,2021-05-16 08:00:00+00:00,49375.28,46467.0,38.74102761683764,38.74102761683764,2021-05-16 00:00:00+00:00,46431.5,39366.40055,33.434652333912666,neutral,time3,-0.0774885732293567,2021
17,2021-05-16 00:00:00+00:00,2021-05-16T00:00:00+00:00,2021-05-16T04:00:00+00:00,2021-05-16 08:00:00+00:00,49375.28,46467.0,38.74102761683764,38.74102761683764,2021-05-16 00:00:00+00:00,46431.5,39366.40055,33.434652333912666,neutral,time6,-0.0998645476035781,2021
17,2021-05-16 00:00:00+00:00,2021-05-16T00:00:00+00:00,2021-05-16T04:00:00+00:00,2021-05-16 08:00:00+00:00,49375.28,46467.0,38.74102761683764,38.74102761683764,2021-05-16 00:00:00+00:00,46431.5,39366.40055,33.434652333912666,neutral,time12,-0.0998645476035781,2021
18,2021-05-23 16:00:00+00:00,2021-05-23T16:00:00+00:00,2021-05-23T20:00:00+00:00,2021-05-24 00:00:00+00:00,34681.44,31111.01,30.360283767454877,30.360283767454877,2021-05-24 00:00:00+00:00,38796.29,40365.81355,36.16885219431015,bear,rsi48,0.0841536568262448,2021
18,2021-05-23 16:00:00+00:00,2021-05-23T16:00:00+00:00,2021-05-23T20:00:00+00:00,2021-05-24 00:00:00+00:00,34681.44,31111.01,30.360283767454877,30.360283767454877,2021-05-24 00:00:00+00:00,38796.29,40365.81355,36.16885219431015,bear,rsi50,0.1419969874376609,2021
18,2021-05-23 16:00:00+00:00,2021-05-23T16:00:00+00:00,2021-05-23T20:00:00+00:00,2021-05-24 00:00:00+00:00,34681.44,31111.01,30.360283767454877,30.360283767454877,2021-05-24 00:00:00+00:00,38796.29,40365.81355,36.16885219431015,bear,rsi52,0.1419969874376609,2021
18,2021-05-23 16:00:00+00:00,2021-05-23T16:00:00+00:00,2021-05-23T20:00:00+00:00,2021-05-24 00:00:00+00:00,34681.44,31111.01,30.360283767454877,30.360283767454877,2021-05-24 00:00:00+00:00,38796.29,40365.81355,36.16885219431015,bear,bb_mid,0.0841536568262448,2021
18,2021-05-23 16:00:00+00:00,2021-05-23T16:00:00+00:00,2021-05-23T20:00:00+00:00,2021-05-24 00:00:00+00:00,34681.44,31111.01,30.360283767454877,30.360283767454877,2021-05-24 00:00:00+00:00,38796.29,40365.81355,36.16885219431015,bear,time2,0.0566398050369303,2021
18,2021-05-23 16:00:00+00:00,2021-05-23T16:00:00+00:00,2021-05-23T20:00:00+00:00,2021-05-24 00:00:00+00:00,34681.44,31111.01,30.360283767454877,30.360283767454877,2021-05-24 00:00:00+00:00,38796.29,40365.81355,36.16885219431015,bear,time3,0.0841536568262448,2021
18,2021-05-23 16:00:00+00:00,2021-05-23T16:00:00+00:00,2021-05-23T20:00:00+00:00,2021-05-24 00:00:00+00:00,34681.44,31111.01,30.360283767454877,30.360283767454877,2021-05-24 00:00:00+00:00,38796.29,40365.81355,36.16885219431015,bear,time6,0.1186470342638599,2021
18,2021-05-23 16:00:00+00:00,2021-05-23T16:00:00+00:00,2021-05-23T20:00:00+00:00,2021-05-24 00:00:00+00:00,34681.44,31111.01,30.360283767454877,30.360283767454877,2021-05-24 00:00:00+00:00,38796.29,40365.81355,36.16885219431015,bear,time12,0.1050498479878574,2021
19,2021-09-11 00:00:00+00:00,2021-09-11T00:00:00+00:00,2021-09-11T08:00:00+00:00,2021-09-11 12:00:00+00:00,45555.68,44722.22,36.24003737667735,35.42177967050323,2021-09-11 00:00:00+00:00,45173.69,45874.74020000001,44.11975201130255,bear,rsi48,0.0116389438155681,2021
19,2021-09-11 00:00:00+00:00,2021-09-11T00:00:00+00:00,2021-09-11T08:00:00+00:00,2021-09-11 12:00:00+00:00,45555.68,44722.22,36.24003737667735,35.42177967050323,2021-09-11 00:00:00+00:00,45173.69,45874.74020000001,44.11975201130255,bear,rsi50,-0.0219660863365446,2021
19,2021-09-11 00:00:00+00:00,2021-09-11T00:00:00+00:00,2021-09-11T08:00:00+00:00,2021-09-11 12:00:00+00:00,45555.68,44722.22,36.24003737667735,35.42177967050323,2021-09-11 00:00:00+00:00,45173.69,45874.74020000001,44.11975201130255,bear,rsi52,-0.0219660863365446,2021
19,2021-09-11 00:00:00+00:00,2021-09-11T00:00:00+00:00,2021-09-11T08:00:00+00:00,2021-09-11 12:00:00+00:00,45555.68,44722.22,36.24003737667735,35.42177967050323,2021-09-11 00:00:00+00:00,45173.69,45874.74020000001,44.11975201130255,bear,bb_mid,0.0116389438155681,2021
19,2021-09-11 00:00:00+00:00,2021-09-11T00:00:00+00:00,2021-09-11T08:00:00+00:00,2021-09-11 12:00:00+00:00,45555.68,44722.22,36.24003737667735,35.42177967050323,2021-09-11 00:00:00+00:00,45173.69,45874.74020000001,44.11975201130255,bear,time2,-0.0043599393094341,2021
19,2021-09-11 00:00:00+00:00,2021-09-11T00:00:00+00:00,2021-09-11T08:00:00+00:00,2021-09-11 12:00:00+00:00,45555.68,44722.22,36.24003737667735,35.42177967050323,2021-09-11 00:00:00+00:00,45173.69,45874.74020000001,44.11975201130255,bear,time3,-0.0083851234357603,2021
19,2021-09-11 00:00:00+00:00,2021-09-11T00:00:00+00:00,2021-09-11T08:00:00+00:00,2021-09-11 12:00:00+00:00,45555.68,44722.22,36.24003737667735,35.42177967050323,2021-09-11 00:00:00+00:00,45173.69,45874.74020000001,44.11975201130255,bear,time6,0.0116389438155681,2021
19,2021-09-11 00:00:00+00:00,2021-09-11T00:00:00+00:00,2021-09-11T08:00:00+00:00,2021-09-11 12:00:00+00:00,45555.68,44722.22,36.24003737667735,35.42177967050323,2021-09-11 00:00:00+00:00,45173.69,45874.74020000001,44.11975201130255,bear,time12,-0.0219660863365446,2021
20,2021-11-19 08:00:00+00:00,2021-11-19T08:00:00+00:00,2021-11-19T12:00:00+00:00,2021-11-19 16:00:00+00:00,57887.96,55986.05,31.886365867046905,31.886365867046905,2021-11-19 00:00:00+00:00,58052.24,45946.46765,41.64127490314287,neutral,rsi48,0.026639045494089,2021
20,2021-11-19 08:00:00+00:00,2021-11-19T08:00:00+00:00,2021-11-19T12:00:00+00:00,2021-11-19 16:00:00+00:00,57887.96,55986.05,31.886365867046905,31.886365867046905,2021-11-19 00:00:00+00:00,58052.24,45946.46765,41.64127490314287,neutral,rsi50,0.026639045494089,2021
20,2021-11-19 08:00:00+00:00,2021-11-19T08:00:00+00:00,2021-11-19T12:00:00+00:00,2021-11-19 16:00:00+00:00,57887.96,55986.05,31.886365867046905,31.886365867046905,2021-11-19 00:00:00+00:00,58052.24,45946.46765,41.64127490314287,neutral,rsi52,0.0314322701991918,2021
20,2021-11-19 08:00:00+00:00,2021-11-19T08:00:00+00:00,2021-11-19T12:00:00+00:00,2021-11-19 16:00:00+00:00,57887.96,55986.05,31.886365867046905,31.886365867046905,2021-11-19 00:00:00+00:00,58052.24,45946.46765,41.64127490314287,neutral,bb_mid,0.0127437553508535,2021
20,2021-11-19 08:00:00+00:00,2021-11-19T08:00:00+00:00,2021-11-19T12:00:00+00:00,2021-11-19 16:00:00+00:00,57887.96,55986.05,31.886365867046905,31.886365867046905,2021-11-19 00:00:00+00:00,58052.24,45946.46765,41.64127490314287,neutral,time2,0.0028378958249695,2021
20,2021-11-19 08:00:00+00:00,2021-11-19T08:00:00+00:00,2021-11-19T12:00:00+00:00,2021-11-19 16:00:00+00:00,57887.96,55986.05,31.886365867046905,31.886365867046905,2021-11-19 00:00:00+00:00,58052.24,45946.46765,41.64127490314287,neutral,time3,0.0107991368153239,2021
20,2021-11-19 08:00:00+00:00,2021-11-19T08:00:00+00:00,2021-11-19T12:00:00+00:00,2021-11-19 16:00:00+00:00,57887.96,55986.05,31.886365867046905,31.886365867046905,2021-11-19 00:00:00+00:00,58052.24,45946.46765,41.64127490314287,neutral,time6,-0.0051753421609604,2021
20,2021-11-19 08:00:00+00:00,2021-11-19T08:00:00+00:00,2021-11-19T12:00:00+00:00,2021-11-19 16:00:00+00:00,57887.96,55986.05,31.886365867046905,31.886365867046905,2021-11-19 00:00:00+00:00,58052.24,45946.46765,41.64127490314287,neutral,time12,0.0226523788366355,2021
21,2021-12-04 12:00:00+00:00,2021-12-04T12:00:00+00:00,2021-12-04T16:00:00+00:00,2021-12-04 20:00:00+00:00,49249.99,46489.66,26.371511664503544,26.371511664503544,2021-12-04 00:00:00+00:00,49152.47,46258.588449999996,31.47667853237577,neutral,rsi48,0.0242016292795186,2021
21,2021-12-04 12:00:00+00:00,2021-12-04T12:00:00+00:00,2021-12-04T16:00:00+00:00,2021-12-04 20:00:00+00:00,49249.99,46489.66,26.371511664503544,26.371511664503544,2021-12-04 00:00:00+00:00,49152.47,46258.588449999996,31.47667853237577,neutral,rsi50,0.0242016292795186,2021
21,2021-12-04 12:00:00+00:00,2021-12-04T12:00:00+00:00,2021-12-04T16:00:00+00:00,2021-12-04 20:00:00+00:00,49249.99,46489.66,26.371511664503544,26.371511664503544,2021-12-04 00:00:00+00:00,49152.47,46258.588449999996,31.47667853237577,neutral,rsi52,0.0242016292795186,2021
21,2021-12-04 12:00:00+00:00,2021-12-04T12:00:00+00:00,2021-12-04T16:00:00+00:00,2021-12-04 20:00:00+00:00,49249.99,46489.66,26.371511664503544,26.371511664503544,2021-12-04 00:00:00+00:00,49152.47,46258.588449999996,31.47667853237577,neutral,bb_mid,0.0242016292795186,2021
21,2021-12-04 12:00:00+00:00,2021-12-04T12:00:00+00:00,2021-12-04T16:00:00+00:00,2021-12-04 20:00:00+00:00,49249.99,46489.66,26.371511664503544,26.371511664503544,2021-12-04 00:00:00+00:00,49152.47,46258.588449999996,31.47667853237577,neutral,time2,-0.0016081221539333,2021
21,2021-12-04 12:00:00+00:00,2021-12-04T12:00:00+00:00,2021-12-04T16:00:00+00:00,2021-12-04 20:00:00+00:00,49249.99,46489.66,26.371511664503544,26.371511664503544,2021-12-04 00:00:00+00:00,49152.47,46258.588449999996,31.47667853237577,neutral,time3,0.0007957362021799,2021
21,2021-12-04 12:00:00+00:00,2021-12-04T12:00:00+00:00,2021-12-04T16:00:00+00:00,2021-12-04 20:00:00+00:00,49249.99,46489.66,26.371511664503544,26.371511664503544,2021-12-04 00:00:00+00:00,49152.47,46258.588449999996,31.47667853237577,neutral,time6,-0.0070566511790154,2021
21,2021-12-04 12:00:00+00:00,2021-12-04T12:00:00+00:00,2021-12-04T16:00:00+00:00,2021-12-04 20:00:00+00:00,49249.99,46489.66,26.371511664503544,26.371511664503544,2021-12-04 00:00:00+00:00,49152.47,46258.588449999996,31.47667853237577,neutral,time12,-0.0029845691339226,2021
22,2021-12-13 20:00:00+00:00,2021-12-13T20:00:00+00:00,2021-12-14T08:00:00+00:00,2021-12-14 12:00:00+00:00,47617.99,46214.13,35.3950188821331,35.3950188821331,2021-12-14 00:00:00+00:00,48343.28,46823.310099999995,38.54470298763128,neutral,rsi48,0.0152314282900223,2021
22,2021-12-13 20:00:00+00:00,2021-12-13T20:00:00+00:00,2021-12-14T08:00:00+00:00,2021-12-14 12:00:00+00:00,47617.99,46214.13,35.3950188821331,35.3950188821331,2021-12-14 00:00:00+00:00,48343.28,46823.310099999995,38.54470298763128,neutral,rsi50,0.0152314282900223,2021
22,2021-12-13 20:00:00+00:00,2021-12-13T20:00:00+00:00,2021-12-14T08:00:00+00:00,2021-12-14 12:00:00+00:00,47617.99,46214.13,35.3950188821331,35.3950188821331,2021-12-14 00:00:00+00:00,48343.28,46823.310099999995,38.54470298763128,neutral,rsi52,0.0221956029643419,2021
22,2021-12-13 20:00:00+00:00,2021-12-13T20:00:00+00:00,2021-12-14T08:00:00+00:00,2021-12-14 12:00:00+00:00,47617.99,46214.13,35.3950188821331,35.3950188821331,2021-12-14 00:00:00+00:00,48343.28,46823.310099999995,38.54470298763128,neutral,bb_mid,0.0152314282900223,2021
22,2021-12-13 20:00:00+00:00,2021-12-13T20:00:00+00:00,2021-12-14T08:00:00+00:00,2021-12-14 12:00:00+00:00,47617.99,46214.13,35.3950188821331,35.3950188821331,2021-12-14 00:00:00+00:00,48343.28,46823.310099999995,38.54470298763128,neutral,time2,-0.0159307438218202,2021
22,2021-12-13 20:00:00+00:00,2021-12-13T20:00:00+00:00,2021-12-14T08:00:00+00:00,2021-12-14 12:00:00+00:00,47617.99,46214.13,35.3950188821331,35.3950188821331,2021-12-14 00:00:00+00:00,48343.28,46823.310099999995,38.54470298763128,neutral,time3,0.0152314282900223,2021
22,2021-12-13 20:00:00+00:00,2021-12-13T20:00:00+00:00,2021-12-14T08:00:00+00:00,2021-12-14 12:00:00+00:00,47617.99,46214.13,35.3950188821331,35.3950188821331,2021-12-14 00:00:00+00:00,48343.28,46823.310099999995,38.54470298763128,neutral,time6,0.0108057899965958,2021
22,2021-12-13 20:00:00+00:00,2021-12-13T20:00:00+00:00,2021-12-14T08:00:00+00:00,2021-12-14 12:00:00+00:00,47617.99,46214.13,35.3950188821331,35.3950188821331,2021-12-14 00:00:00+00:00,48343.28,46823.310099999995,38.54470298763128,neutral,time12,0.0333865415150871,2021
23,2021-12-31 20:00:00+00:00,2021-12-31T20:00:00+00:00,2022-01-01T00:00:00+00:00,2022-01-01 04:00:00+00:00,46813.21,45678.0,37.68546373721937,37.68546373721937,2022-01-01 00:00:00+00:00,47722.65,47855.4954,43.994028928890785,bear,rsi48,0.0194269950725447,2022
23,2021-12-31 20:00:00+00:00,2021-12-31T20:00:00+00:00,2022-01-01T00:00:00+00:00,2022-01-01 04:00:00+00:00,46813.21,45678.0,37.68546373721937,37.68546373721937,2022-01-01 00:00:00+00:00,47722.65,47855.4954,43.994028928890785,bear,rsi50,0.0194269950725447,2022
23,2021-12-31 20:00:00+00:00,2021-12-31T20:00:00+00:00,2022-01-01T00:00:00+00:00,2022-01-01 04:00:00+00:00,46813.21,45678.0,37.68546373721937,37.68546373721937,2022-01-01 00:00:00+00:00,47722.65,47855.4954,43.994028928890785,bear,rsi52,0.0050874528792195,2022
23,2021-12-31 20:00:00+00:00,2021-12-31T20:00:00+00:00,2022-01-01T00:00:00+00:00,2022-01-01 04:00:00+00:00,46813.21,45678.0,37.68546373721937,37.68546373721937,2022-01-01 00:00:00+00:00,47722.65,47855.4954,43.994028928890785,bear,bb_mid,0.0086691342037856,2022
23,2021-12-31 20:00:00+00:00,2021-12-31T20:00:00+00:00,2022-01-01T00:00:00+00:00,2022-01-01 04:00:00+00:00,46813.21,45678.0,37.68546373721937,37.68546373721937,2022-01-01 00:00:00+00:00,47722.65,47855.4954,43.994028928890785,bear,time2,-0.0011607834626166,2022
23,2021-12-31 20:00:00+00:00,2021-12-31T20:00:00+00:00,2022-01-01T00:00:00+00:00,2022-01-01 04:00:00+00:00,46813.21,45678.0,37.68546373721937,37.68546373721937,2022-01-01 00:00:00+00:00,47722.65,47855.4954,43.994028928890785,bear,time3,0.0086691342037856,2022
23,2021-12-31 20:00:00+00:00,2021-12-31T20:00:00+00:00,2022-01-01T00:00:00+00:00,2022-01-01 04:00:00+00:00,46813.21,45678.0,37.68546373721937,37.68546373721937,2022-01-01 00:00:00+00:00,47722.65,47855.4954,43.994028928890785,bear,time6,0.011028083739611,2022
23,2021-12-31 20:00:00+00:00,2021-12-31T20:00:00+00:00,2022-01-01T00:00:00+00:00,2022-01-01 04:00:00+00:00,46813.21,45678.0,37.68546373721937,37.68546373721937,2022-01-01 00:00:00+00:00,47722.65,47855.4954,43.994028928890785,bear,time12,-0.0004261617607508,2022
24,2022-01-06 12:00:00+00:00,2022-01-06T12:00:00+00:00,2022-01-06T16:00:00+00:00,2022-01-06 20:00:00+00:00,43438.11,42632.44,28.6553022891905,28.6553022891905,2022-01-06 00:00:00+00:00,43082.31,48069.25555000001,32.11442953383528,bear,rsi48,-0.0428273697911811,2022
24,2022-01-06 12:00:00+00:00,2022-01-06T12:00:00+00:00,2022-01-06T16:00:00+00:00,2022-01-06 20:00:00+00:00,43438.11,42632.44,28.6553022891905,28.6553022891905,2022-01-06 00:00:00+00:00,43082.31,48069.25555000001,32.11442953383528,bear,rsi50,-0.0428273697911811,2022
24,2022-01-06 12:00:00+00:00,2022-01-06T12:00:00+00:00,2022-01-06T16:00:00+00:00,2022-01-06 20:00:00+00:00,43438.11,42632.44,28.6553022891905,28.6553022891905,2022-01-06 00:00:00+00:00,43082.31,48069.25555000001,32.11442953383528,bear,rsi52,-0.0428273697911811,2022
24,2022-01-06 12:00:00+00:00,2022-01-06T12:00:00+00:00,2022-01-06T16:00:00+00:00,2022-01-06 20:00:00+00:00,43438.11,42632.44,28.6553022891905,28.6553022891905,2022-01-06 00:00:00+00:00,43082.31,48069.25555000001,32.11442953383528,bear,bb_mid,-0.0428273697911811,2022
24,2022-01-06 12:00:00+00:00,2022-01-06T12:00:00+00:00,2022-01-06T16:00:00+00:00,2022-01-06 20:00:00+00:00,43438.11,42632.44,28.6553022891905,28.6553022891905,2022-01-06 00:00:00+00:00,43082.31,48069.25555000001,32.11442953383528,bear,time2,-0.0376397591884177,2022
24,2022-01-06 12:00:00+00:00,2022-01-06T12:00:00+00:00,2022-01-06T16:00:00+00:00,2022-01-06 20:00:00+00:00,43438.11,42632.44,28.6553022891905,28.6553022891905,2022-01-06 00:00:00+00:00,43082.31,48069.25555000001,32.11442953383528,bear,time3,-0.0428273697911811,2022
24,2022-01-06 12:00:00+00:00,2022-01-06T12:00:00+00:00,2022-01-06T16:00:00+00:00,2022-01-06 20:00:00+00:00,43438.11,42632.44,28.6553022891905,28.6553022891905,2022-01-06 00:00:00+00:00,43082.31,48069.25555000001,32.11442953383528,bear,time6,-0.0428273697911811,2022
24,2022-01-06 12:00:00+00:00,2022-01-06T12:00:00+00:00,2022-01-06T16:00:00+00:00,2022-01-06 20:00:00+00:00,43438.11,42632.44,28.6553022891905,28.6553022891905,2022-01-06 00:00:00+00:00,43082.31,48069.25555000001,32.11442953383528,bear,time12,-0.0428273697911811,2022
25,2022-02-12 04:00:00+00:00,2022-02-12T04:00:00+00:00,2022-02-12T16:00:00+00:00,2022-02-12 20:00:00+00:00,42662.47,41688.88,39.55251646889326,39.55251646889326,2022-02-12 00:00:00+00:00,42217.87,49360.34655,53.974827408936775,neutral,rsi48,-0.026062954160882,2022
25,2022-02-12 04:00:00+00:00,2022-02-12T04:00:00+00:00,2022-02-12T16:00:00+00:00,2022-02-12 20:00:00+00:00,42662.47,41688.88,39.55251646889326,39.55251646889326,2022-02-12 00:00:00+00:00,42217.87,49360.34655,53.974827408936775,neutral,rsi50,-0.026062954160882,2022
25,2022-02-12 04:00:00+00:00,2022-02-12T04:00:00+00:00,2022-02-12T16:00:00+00:00,2022-02-12 20:00:00+00:00,42662.47,41688.88,39.55251646889326,39.55251646889326,2022-02-12 00:00:00+00:00,42217.87,49360.34655,53.974827408936775,neutral,rsi52,-0.026062954160882,2022
25,2022-02-12 04:00:00+00:00,2022-02-12T04:00:00+00:00,2022-02-12T16:00:00+00:00,2022-02-12 20:00:00+00:00,42662.47,41688.88,39.55251646889326,39.55251646889326,2022-02-12 00:00:00+00:00,42217.87,49360.34655,53.974827408936775,neutral,bb_mid,-0.026062954160882,2022
25,2022-02-12 04:00:00+00:00,2022-02-12T04:00:00+00:00,2022-02-12T16:00:00+00:00,2022-02-12 20:00:00+00:00,42662.47,41688.88,39.55251646889326,39.55251646889326,2022-02-12 00:00:00+00:00,42217.87,49360.34655,53.974827408936775,neutral,time2,-0.0101370126952331,2022
25,2022-02-12 04:00:00+00:00,2022-02-12T04:00:00+00:00,2022-02-12T16:00:00+00:00,2022-02-12 20:00:00+00:00,42662.47,41688.88,39.55251646889326,39.55251646889326,2022-02-12 00:00:00+00:00,42217.87,49360.34655,53.974827408936775,neutral,time3,-0.0058615921675421,2022
25,2022-02-12 04:00:00+00:00,2022-02-12T04:00:00+00:00,2022-02-12T16:00:00+00:00,2022-02-12 20:00:00+00:00,42662.47,41688.88,39.55251646889326,39.55251646889326,2022-02-12 00:00:00+00:00,42217.87,49360.34655,53.974827408936775,neutral,time6,-0.0147977836257487,2022
25,2022-02-12 04:00:00+00:00,2022-02-12T04:00:00+00:00,2022-02-12T16:00:00+00:00,2022-02-12 20:00:00+00:00,42662.47,41688.88,39.55251646889326,39.55251646889326,2022-02-12 00:00:00+00:00,42217.87,49360.34655,53.974827408936775,neutral,time12,-0.026062954160882,2022
26,2022-02-22 04:00:00+00:00,2022-02-22T04:00:00+00:00,2022-02-22T08:00:00+00:00,2022-02-22 12:00:00+00:00,37519.47,36515.87,31.76061041807661,31.76061041807661,2022-02-22 00:00:00+00:00,38230.33,49374.724799999996,40.50192868404693,bear,rsi48,0.0336742496629083,2022
26,2022-02-22 04:00:00+00:00,2022-02-22T04:00:00+00:00,2022-02-22T08:00:00+00:00,2022-02-22 12:00:00+00:00,37519.47,36515.87,31.76061041807661,31.76061041807661,2022-02-22 00:00:00+00:00,38230.33,49374.724799999996,40.50192868404693,bear,rsi50,0.0336742496629083,2022
26,2022-02-22 04:00:00+00:00,2022-02-22T04:00:00+00:00,2022-02-22T08:00:00+00:00,2022-02-22 12:00:00+00:00,37519.47,36515.87,31.76061041807661,31.76061041807661,2022-02-22 00:00:00+00:00,38230.33,49374.724799999996,40.50192868404693,bear,rsi52,-0.074599667852451,2022
26,2022-02-22 04:00:00+00:00,2022-02-22T04:00:00+00:00,2022-02-22T08:00:00+00:00,2022-02-22 12:00:00+00:00,37519.47,36515.87,31.76061041807661,31.76061041807661,2022-02-22 00:00:00+00:00,38230.33,49374.724799999996,40.50192868404693,bear,bb_mid,0.0168365917748838,2022
26,2022-02-22 04:00:00+00:00,2022-02-22T04:00:00+00:00,2022-02-22T08:00:00+00:00,2022-02-22 12:00:00+00:00,37519.47,36515.87,31.76061041807661,31.76061041807661,2022-02-22 00:00:00+00:00,38230.33,49374.724799999996,40.50192868404693,bear,time2,0.0145484464466048,2022
26,2022-02-22 04:00:00+00:00,2022-02-22T04:00:00+00:00,2022-02-22T08:00:00+00:00,2022-02-22 12:00:00+00:00,37519.47,36515.87,31.76061041807661,31.76061041807661,2022-02-22 00:00:00+00:00,38230.33,49374.724799999996,40.50192868404693,bear,time3,0.0189464296803765,2022
26,2022-02-22 04:00:00+00:00,2022-02-22T04:00:00+00:00,2022-02-22T08:00:00+00:00,2022-02-22 12:00:00+00:00,37519.47,36515.87,31.76061041807661,31.76061041807661,2022-02-22 00:00:00+00:00,38230.33,49374.724799999996,40.50192868404693,bear,time6,0.0336742496629083,2022
26,2022-02-22 04:00:00+00:00,2022-02-22T04:00:00+00:00,2022-02-22T08:00:00+00:00,2022-02-22 12:00:00+00:00,37519.47,36515.87,31.76061041807661,31.76061041807661,2022-02-22 00:00:00+00:00,38230.33,49374.724799999996,40.50192868404693,bear,time12,-0.074599667852451,2022
27,2022-02-24 08:00:00+00:00,2022-02-24T08:00:00+00:00,2022-02-24T16:00:00+00:00,2022-02-24 20:00:00+00:00,37300.0,34818.09,33.32478188920051,33.32478188920051,2022-02-24 00:00:00+00:00,38327.21,49310.77635000001,42.383109223037266,bear,rsi48,0.0275391420911528,2022
27,2022-02-24 08:00:00+00:00,2022-02-24T08:00:00+00:00,2022-02-24T16:00:00+00:00,2022-02-24 20:00:00+00:00,37300.0,34818.09,33.32478188920051,33.32478188920051,2022-02-24 00:00:00+00:00,38327.21,49310.77635000001,42.383109223037266,bear,rsi50,0.0275391420911528,2022
27,2022-02-24 08:00:00+00:00,2022-02-24T08:00:00+00:00,2022-02-24T16:00:00+00:00,2022-02-24 20:00:00+00:00,37300.0,34818.09,33.32478188920051,33.32478188920051,2022-02-24 00:00:00+00:00,38327.21,49310.77635000001,42.383109223037266,bear,rsi52,0.0275391420911528,2022
27,2022-02-24 08:00:00+00:00,2022-02-24T08:00:00+00:00,2022-02-24T16:00:00+00:00,2022-02-24 20:00:00+00:00,37300.0,34818.09,33.32478188920051,33.32478188920051,2022-02-24 00:00:00+00:00,38327.21,49310.77635000001,42.383109223037266,bear,bb_mid,0.0275391420911528,2022
27,2022-02-24 08:00:00+00:00,2022-02-24T08:00:00+00:00,2022-02-24T16:00:00+00:00,2022-02-24 20:00:00+00:00,37300.0,34818.09,33.32478188920051,33.32478188920051,2022-02-24 00:00:00+00:00,38327.21,49310.77635000001,42.383109223037266,bear,time2,0.0435217158176943,2022
27,2022-02-24 08:00:00+00:00,2022-02-24T08:00:00+00:00,2022-02-24T16:00:00+00:00,2022-02-24 20:00:00+00:00,37300.0,34818.09,33.32478188920051,33.32478188920051,2022-02-24 00:00:00+00:00,38327.21,49310.77635000001,42.383109223037266,bear,time3,0.0312664879356567,2022
27,2022-02-24 08:00:00+00:00,2022-02-24T08:00:00+00:00,2022-02-24T16:00:00+00:00,2022-02-24 20:00:00+00:00,37300.0,34818.09,33.32478188920051,33.32478188920051,2022-02-24 00:00:00+00:00,38327.21,49310.77635000001,42.383109223037266,bear,time6,0.0368938337801607,2022
27,2022-02-24 08:00:00+00:00,2022-02-24T08:00:00+00:00,2022-02-24T16:00:00+00:00,2022-02-24 20:00:00+00:00,37300.0,34818.09,33.32478188920051,33.32478188920051,2022-02-24 00:00:00+00:00,38327.21,49310.77635000001,42.383109223037266,bear,time12,0.0523892761394102,2022
28,2022-03-05 04:00:00+00:00,2022-03-05T04:00:00+00:00,2022-03-05T16:00:00+00:00,2022-03-05 20:00:00+00:00,39433.71,38407.59,29.190983343326337,29.190983343326337,2022-03-05 00:00:00+00:00,39397.96,49082.385350000004,46.27514656168861,bear,rsi48,-0.0341114239568125,2022
28,2022-03-05 04:00:00+00:00,2022-03-05T04:00:00+00:00,2022-03-05T16:00:00+00:00,2022-03-05 20:00:00+00:00,39433.71,38407.59,29.190983343326337,29.190983343326337,2022-03-05 00:00:00+00:00,39397.96,49082.385350000004,46.27514656168861,bear,rsi50,-0.0341114239568125,2022
28,2022-03-05 04:00:00+00:00,2022-03-05T04:00:00+00:00,2022-03-05T16:00:00+00:00,2022-03-05 20:00:00+00:00,39433.71,38407.59,29.190983343326337,29.190983343326337,2022-03-05 00:00:00+00:00,39397.96,49082.385350000004,46.27514656168861,bear,rsi52,-0.0341114239568125,2022
28,2022-03-05 04:00:00+00:00,2022-03-05T04:00:00+00:00,2022-03-05T16:00:00+00:00,2022-03-05 20:00:00+00:00,39433.71,38407.59,29.190983343326337,29.190983343326337,2022-03-05 00:00:00+00:00,39397.96,49082.385350000004,46.27514656168861,bear,bb_mid,-0.0341114239568125,2022
28,2022-03-05 04:00:00+00:00,2022-03-05T04:00:00+00:00,2022-03-05T16:00:00+00:00,2022-03-05 20:00:00+00:00,39433.71,38407.59,29.190983343326337,29.190983343326337,2022-03-05 00:00:00+00:00,39397.96,49082.385350000004,46.27514656168861,bear,time2,-0.0033770598810002,2022
28,2022-03-05 04:00:00+00:00,2022-03-05T04:00:00+00:00,2022-03-05T16:00:00+00:00,2022-03-05 20:00:00+00:00,39433.71,38407.59,29.190983343326337,29.190983343326337,2022-03-05 00:00:00+00:00,39397.96,49082.385350000004,46.27514656168861,bear,time3,-0.0011700649013242,2022
28,2022-03-05 04:00:00+00:00,2022-03-05T04:00:00+00:00,2022-03-05T16:00:00+00:00,2022-03-05 20:00:00+00:00,39433.71,38407.59,29.190983343326337,29.190983343326337,2022-03-05 00:00:00+00:00,39397.96,49082.385350000004,46.27514656168861,bear,time6,-0.0341114239568125,2022
28,2022-03-05 04:00:00+00:00,2022-03-05T04:00:00+00:00,2022-03-05T16:00:00+00:00,2022-03-05 20:00:00+00:00,39433.71,38407.59,29.190983343326337,29.190983343326337,2022-03-05 00:00:00+00:00,39397.96,49082.385350000004,46.27514656168861,bear,time12,-0.0341114239568125,2022
29,2022-03-07 20:00:00+00:00,2022-03-07T20:00:00+00:00,2022-03-08T00:00:00+00:00,2022-03-08 04:00:00+00:00,38696.56,37155.0,39.25956684978238,39.25956684978238,2022-03-08 00:00:00+00:00,38730.63,48954.140649999994,45.22619232675922,bear,rsi48,0.0651523029437244,2022
29,2022-03-07 20:00:00+00:00,2022-03-07T20:00:00+00:00,2022-03-08T00:00:00+00:00,2022-03-08 04:00:00+00:00,38696.56,37155.0,39.25956684978238,39.25956684978238,2022-03-08 00:00:00+00:00,38730.63,48954.140649999994,45.22619232675922,bear,rsi50,0.0651523029437244,2022
29,2022-03-07 20:00:00+00:00,2022-03-07T20:00:00+00:00,2022-03-08T00:00:00+00:00,2022-03-08 04:00:00+00:00,38696.56,37155.0,39.25956684978238,39.25956684978238,2022-03-08 00:00:00+00:00,38730.63,48954.140649999994,45.22619232675922,bear,rsi52,0.0651523029437244,2022
29,2022-03-07 20:00:00+00:00,2022-03-07T20:00:00+00:00,2022-03-08T00:00:00+00:00,2022-03-08 04:00:00+00:00,38696.56,37155.0,39.25956684978238,39.25956684978238,2022-03-08 00:00:00+00:00,38730.63,48954.140649999994,45.22619232675922,bear,bb_mid,0.0074035004661914,2022
29,2022-03-07 20:00:00+00:00,2022-03-07T20:00:00+00:00,2022-03-08T00:00:00+00:00,2022-03-08 04:00:00+00:00,38696.56,37155.0,39.25956684978238,39.25956684978238,2022-03-08 00:00:00+00:00,38730.63,48954.140649999994,45.22619232675922,bear,time2,0.0074035004661914,2022
29,2022-03-07 20:00:00+00:00,2022-03-07T20:00:00+00:00,2022-03-08T00:00:00+00:00,2022-03-08 04:00:00+00:00,38696.56,37155.0,39.25956684978238,39.25956684978238,2022-03-08 00:00:00+00:00,38730.63,48954.140649999994,45.22619232675922,bear,time3,-0.0009876846934198,2022
29,2022-03-07 20:00:00+00:00,2022-03-07T20:00:00+00:00,2022-03-08T00:00:00+00:00,2022-03-08 04:00:00+00:00,38696.56,37155.0,39.25956684978238,39.25956684978238,2022-03-08 00:00:00+00:00,38730.63,48954.140649999994,45.22619232675922,bear,time6,0.0651523029437244,2022
29,2022-03-07 20:00:00+00:00,2022-03-07T20:00:00+00:00,2022-03-08T00:00:00+00:00,2022-03-08 04:00:00+00:00,38696.56,37155.0,39.25956684978238,39.25956684978238,2022-03-08 00:00:00+00:00,38730.63,48954.140649999994,45.22619232675922,bear,time12,0.0535435191138438,2022
30,2022-04-25 08:00:00+00:00,2022-04-25T08:00:00+00:00,2022-04-25T16:00:00+00:00,2022-04-25 20:00:00+00:00,40225.98,38209.36,36.07427830485599,36.07427830485599,2022-04-25 00:00:00+00:00,40426.08,47760.555700000004,45.20948831090991,bear,rsi48,0.0049743971433386,2022
30,2022-04-25 08:00:00+00:00,2022-04-25T08:00:00+00:00,2022-04-25T16:00:00+00:00,2022-04-25 20:00:00+00:00,40225.98,38209.36,36.07427830485599,36.07427830485599,2022-04-25 00:00:00+00:00,40426.08,47760.555700000004,45.20948831090991,bear,rsi50,0.0049743971433386,2022
30,2022-04-25 08:00:00+00:00,2022-04-25T08:00:00+00:00,2022-04-25T16:00:00+00:00,2022-04-25 20:00:00+00:00,40225.98,38209.36,36.07427830485599,36.07427830485599,2022-04-25 00:00:00+00:00,40426.08,47760.555700000004,45.20948831090991,bear,rsi52,0.0049743971433386,2022
30,2022-04-25 08:00:00+00:00,2022-04-25T08:00:00+00:00,2022-04-25T16:00:00+00:00,2022-04-25 20:00:00+00:00,40225.98,38209.36,36.07427830485599,36.07427830485599,2022-04-25 00:00:00+00:00,40426.08,47760.555700000004,45.20948831090991,bear,bb_mid,0.0049743971433386,2022
30,2022-04-25 08:00:00+00:00,2022-04-25T08:00:00+00:00,2022-04-25T16:00:00+00:00,2022-04-25 20:00:00+00:00,40225.98,38209.36,36.07427830485599,36.07427830485599,2022-04-25 00:00:00+00:00,40426.08,47760.555700000004,45.20948831090991,bear,time2,0.0076893092474066,2022
30,2022-04-25 08:00:00+00:00,2022-04-25T08:00:00+00:00,2022-04-25T16:00:00+00:00,2022-04-25 20:00:00+00:00,40225.98,38209.36,36.07427830485599,36.07427830485599,2022-04-25 00:00:00+00:00,40426.08,47760.555700000004,45.20948831090991,bear,time3,0.0089126479951513,2022
30,2022-04-25 08:00:00+00:00,2022-04-25T08:00:00+00:00,2022-04-25T16:00:00+00:00,2022-04-25 20:00:00+00:00,40225.98,38209.36,36.07427830485599,36.07427830485599,2022-04-25 00:00:00+00:00,40426.08,47760.555700000004,45.20948831090991,bear,time6,-0.0486240484383476,2022
30,2022-04-25 08:00:00+00:00,2022-04-25T08:00:00+00:00,2022-04-25T16:00:00+00:00,2022-04-25 20:00:00+00:00,40225.98,38209.36,36.07427830485599,36.07427830485599,2022-04-25 00:00:00+00:00,40426.08,47760.555700000004,45.20948831090991,bear,time12,-0.0592525029843897,2022
31,2022-05-01 00:00:00+00:00,2022-05-01T00:00:00+00:00,2022-05-01T12:00:00+00:00,2022-05-01 16:00:00+00:00,38490.01,37386.38,39.16549655704332,38.179643525229,2022-05-01 00:00:00+00:00,38468.35,47247.50705,41.680632015627715,bear,rsi48,0.0047827994848532,2022
31,2022-05-01 00:00:00+00:00,2022-05-01T00:00:00+00:00,2022-05-01T12:00:00+00:00,2022-05-01 16:00:00+00:00,38490.01,37386.38,39.16549655704332,38.179643525229,2022-05-01 00:00:00+00:00,38468.35,47247.50705,41.680632015627715,bear,rsi50,0.0047827994848532,2022
31,2022-05-01 00:00:00+00:00,2022-05-01T00:00:00+00:00,2022-05-01T12:00:00+00:00,2022-05-01 16:00:00+00:00,38490.01,37386.38,39.16549655704332,38.179643525229,2022-05-01 00:00:00+00:00,38468.35,47247.50705,41.680632015627715,bear,rsi52,0.0101704312365726,2022
31,2022-05-01 00:00:00+00:00,2022-05-01T00:00:00+00:00,2022-05-01T12:00:00+00:00,2022-05-01 16:00:00+00:00,38490.01,37386.38,39.16549655704332,38.179643525229,2022-05-01 00:00:00+00:00,38468.35,47247.50705,41.680632015627715,bear,bb_mid,0.0047827994848532,2022
31,2022-05-01 00:00:00+00:00,2022-05-01T00:00:00+00:00,2022-05-01T12:00:00+00:00,2022-05-01 16:00:00+00:00,38490.01,37386.38,39.16549655704332,38.179643525229,2022-05-01 00:00:00+00:00,38468.35,47247.50705,41.680632015627715,bear,time2,-0.0005627434235533,2022
31,2022-05-01 00:00:00+00:00,2022-05-01T00:00:00+00:00,2022-05-01T12:00:00+00:00,2022-05-01 16:00:00+00:00,38490.01,37386.38,39.16549655704332,38.179643525229,2022-05-01 00:00:00+00:00,38468.35,47247.50705,41.680632015627715,bear,time3,0.0047827994848532,2022
31,2022-05-01 00:00:00+00:00,2022-05-01T00:00:00+00:00,2022-05-01T12:00:00+00:00,2022-05-01 16:00:00+00:00,38490.01,37386.38,39.16549655704332,38.179643525229,2022-05-01 00:00:00+00:00,38468.35,47247.50705,41.680632015627715,bear,time6,0.0053530773309748,2022
31,2022-05-01 00:00:00+00:00,2022-05-01T00:00:00+00:00,2022-05-01T12:00:00+00:00,2022-05-01 16:00:00+00:00,38490.01,37386.38,39.16549655704332,38.179643525229,2022-05-01 00:00:00+00:00,38468.35,47247.50705,41.680632015627715,bear,time12,-0.0042517525976221,2022
32,2022-05-12 04:00:00+00:00,2022-05-12T04:00:00+00:00,2022-05-12T12:00:00+00:00,2022-05-12 16:00:00+00:00,29021.26,26700.0,22.9374530900386,22.9374530900386,2022-05-12 00:00:00+00:00,29029.75,45740.068549999996,25.49520856483781,bear,rsi48,0.0567452963792751,2022
32,2022-05-12 04:00:00+00:00,2022-05-12T04:00:00+00:00,2022-05-12T12:00:00+00:00,2022-05-12 16:00:00+00:00,29021.26,26700.0,22.9374530900386,22.9374530900386,2022-05-12 00:00:00+00:00,29029.75,45740.068549999996,25.49520856483781,bear,rsi50,0.0109409446729742,2022
32,2022-05-12 04:00:00+00:00,2022-05-12T04:00:00+00:00,2022-05-12T12:00:00+00:00,2022-05-12 16:00:00+00:00,29021.26,26700.0,22.9374530900386,22.9374530900386,2022-05-12 00:00:00+00:00,29029.75,45740.068549999996,25.49520856483781,bear,rsi52,0.0109409446729742,2022
32,2022-05-12 04:00:00+00:00,2022-05-12T04:00:00+00:00,2022-05-12T12:00:00+00:00,2022-05-12 16:00:00+00:00,29021.26,26700.0,22.9374530900386,22.9374530900386,2022-05-12 00:00:00+00:00,29029.75,45740.068549999996,25.49520856483781,bear,bb_mid,0.0537978020251361,2022
32,2022-05-12 04:00:00+00:00,2022-05-12T04:00:00+00:00,2022-05-12T12:00:00+00:00,2022-05-12 16:00:00+00:00,29021.26,26700.0,22.9374530900386,22.9374530900386,2022-05-12 00:00:00+00:00,29029.75,45740.068549999996,25.49520856483781,bear,time2,0.0002925441555605,2022
32,2022-05-12 04:00:00+00:00,2022-05-12T04:00:00+00:00,2022-05-12T12:00:00+00:00,2022-05-12 16:00:00+00:00,29021.26,26700.0,22.9374530900386,22.9374530900386,2022-05-12 00:00:00+00:00,29029.75,45740.068549999996,25.49520856483781,bear,time3,0.0537978020251361,2022
32,2022-05-12 04:00:00+00:00,2022-05-12T04:00:00+00:00,2022-05-12T12:00:00+00:00,2022-05-12 16:00:00+00:00,29021.26,26700.0,22.9374530900386,22.9374530900386,2022-05-12 00:00:00+00:00,29029.75,45740.068549999996,25.49520856483781,bear,time6,0.045440135955503,2022
32,2022-05-12 04:00:00+00:00,2022-05-12T04:00:00+00:00,2022-05-12T12:00:00+00:00,2022-05-12 16:00:00+00:00,29021.26,26700.0,22.9374530900386,22.9374530900386,2022-05-12 00:00:00+00:00,29029.75,45740.068549999996,25.49520856483781,bear,time12,-0.0070017635347326,2022
33,2022-06-14 00:00:00+00:00,2022-06-14T00:00:00+00:00,2022-06-14T04:00:00+00:00,2022-06-14 08:00:00+00:00,22877.52,20846.0,12.405168424371835,12.405168424371835,2022-06-14 00:00:00+00:00,22136.41,40477.4452,23.56578244110723,bear,rsi48,-0.0972719070948249,2022
33,2022-06-14 00:00:00+00:00,2022-06-14T00:00:00+00:00,2022-06-14T04:00:00+00:00,2022-06-14 08:00:00+00:00,22877.52,20846.0,12.405168424371835,12.405168424371835,2022-06-14 00:00:00+00:00,22136.41,40477.4452,23.56578244110723,bear,rsi50,-0.0972719070948249,2022
33,2022-06-14 00:00:00+00:00,2022-06-14T00:00:00+00:00,2022-06-14T04:00:00+00:00,2022-06-14 08:00:00+00:00,22877.52,20846.0,12.405168424371835,12.405168424371835,2022-06-14 00:00:00+00:00,22136.41,40477.4452,23.56578244110723,bear,rsi52,-0.0972719070948249,2022
33,2022-06-14 00:00:00+00:00,2022-06-14T00:00:00+00:00,2022-06-14T04:00:00+00:00,2022-06-14 08:00:00+00:00,22877.52,20846.0,12.405168424371835,12.405168424371835,2022-06-14 00:00:00+00:00,22136.41,40477.4452,23.56578244110723,bear,bb_mid,-0.0972719070948249,2022
33,2022-06-14 00:00:00+00:00,2022-06-14T00:00:00+00:00,2022-06-14T04:00:00+00:00,2022-06-14 08:00:00+00:00,22877.52,20846.0,12.405168424371835,12.405168424371835,2022-06-14 00:00:00+00:00,22136.41,40477.4452,23.56578244110723,bear,time2,-0.0086171927726431,2022
33,2022-06-14 00:00:00+00:00,2022-06-14T00:00:00+00:00,2022-06-14T04:00:00+00:00,2022-06-14 08:00:00+00:00,22877.52,20846.0,12.405168424371835,12.405168424371835,2022-06-14 00:00:00+00:00,22136.41,40477.4452,23.56578244110723,bear,time3,-0.0297777031776171,2022
33,2022-06-14 00:00:00+00:00,2022-06-14T00:00:00+00:00,2022-06-14T04:00:00+00:00,2022-06-14 08:00:00+00:00,22877.52,20846.0,12.405168424371835,12.405168424371835,2022-06-14 00:00:00+00:00,22136.41,40477.4452,23.56578244110723,bear,time6,-0.0941797887183576,2022
33,2022-06-14 00:00:00+00:00,2022-06-14T00:00:00+00:00,2022-06-14T04:00:00+00:00,2022-06-14 08:00:00+00:00,22877.52,20846.0,12.405168424371835,12.405168424371835,2022-06-14 00:00:00+00:00,22136.41,40477.4452,23.56578244110723,bear,time12,-0.0972719070948249,2022
34,2022-06-18 20:00:00+00:00,2022-06-18T20:00:00+00:00,2022-06-19T08:00:00+00:00,2022-06-19 12:00:00+00:00,19692.49,17622.0,32.074860386957965,28.769117696787877,2022-06-19 00:00:00+00:00,20574.0,39572.9044,28.752407798476113,bear,rsi48,0.0447637652729542,2022
34,2022-06-18 20:00:00+00:00,2022-06-18T20:00:00+00:00,2022-06-19T08:00:00+00:00,2022-06-19 12:00:00+00:00,19692.49,17622.0,32.074860386957965,28.769117696787877,2022-06-19 00:00:00+00:00,20574.0,39572.9044,28.752407798476113,bear,rsi50,0.0447637652729542,2022
34,2022-06-18 20:00:00+00:00,2022-06-18T20:00:00+00:00,2022-06-19T08:00:00+00:00,2022-06-19 12:00:00+00:00,19692.49,17622.0,32.074860386957965,28.769117696787877,2022-06-19 00:00:00+00:00,20574.0,39572.9044,28.752407798476113,bear,rsi52,0.0563311191220612,2022
34,2022-06-18 20:00:00+00:00,2022-06-18T20:00:00+00:00,2022-06-19T08:00:00+00:00,2022-06-19 12:00:00+00:00,19692.49,17622.0,32.074860386957965,28.769117696787877,2022-06-19 00:00:00+00:00,20574.0,39572.9044,28.752407798476113,bear,bb_mid,0.0219164767888673,2022
34,2022-06-18 20:00:00+00:00,2022-06-18T20:00:00+00:00,2022-06-19T08:00:00+00:00,2022-06-19 12:00:00+00:00,19692.49,17622.0,32.074860386957965,28.769117696787877,2022-06-19 00:00:00+00:00,20574.0,39572.9044,28.752407798476113,bear,time2,0.0219164767888673,2022
34,2022-06-18 20:00:00+00:00,2022-06-18T20:00:00+00:00,2022-06-19T08:00:00+00:00,2022-06-19 12:00:00+00:00,19692.49,17622.0,32.074860386957965,28.769117696787877,2022-06-19 00:00:00+00:00,20574.0,39572.9044,28.752407798476113,bear,time3,0.0447637652729542,2022
34,2022-06-18 20:00:00+00:00,2022-06-18T20:00:00+00:00,2022-06-19T08:00:00+00:00,2022-06-19 12:00:00+00:00,19692.49,17622.0,32.074860386957965,28.769117696787877,2022-06-19 00:00:00+00:00,20574.0,39572.9044,28.752407798476113,bear,time6,0.0563311191220612,2022
34,2022-06-18 20:00:00+00:00,2022-06-18T20:00:00+00:00,2022-06-19T08:00:00+00:00,2022-06-19 12:00:00+00:00,19692.49,17622.0,32.074860386957965,28.769117696787877,2022-06-19 00:00:00+00:00,20574.0,39572.9044,28.752407798476113,bear,time12,0.064488035794356,2022
35,2022-08-17 20:00:00+00:00,2022-08-17T20:00:00+00:00,2022-08-18T08:00:00+00:00,2022-08-18 12:00:00+00:00,23534.43,23180.4,36.10844184742907,36.10844184742907,2022-08-18 00:00:00+00:00,23191.2,32634.933200000003,48.88073971384084,bear,rsi48,-0.0179902381319624,2022
35,2022-08-17 20:00:00+00:00,2022-08-17T20:00:00+00:00,2022-08-18T08:00:00+00:00,2022-08-18 12:00:00+00:00,23534.43,23180.4,36.10844184742907,36.10844184742907,2022-08-18 00:00:00+00:00,23191.2,32634.933200000003,48.88073971384084,bear,rsi50,-0.0179902381319624,2022
35,2022-08-17 20:00:00+00:00,2022-08-17T20:00:00+00:00,2022-08-18T08:00:00+00:00,2022-08-18 12:00:00+00:00,23534.43,23180.4,36.10844184742907,36.10844184742907,2022-08-18 00:00:00+00:00,23191.2,32634.933200000003,48.88073971384084,bear,rsi52,-0.0179902381319624,2022
35,2022-08-17 20:00:00+00:00,2022-08-17T20:00:00+00:00,2022-08-18T08:00:00+00:00,2022-08-18 12:00:00+00:00,23534.43,23180.4,36.10844184742907,36.10844184742907,2022-08-18 00:00:00+00:00,23191.2,32634.933200000003,48.88073971384084,bear,bb_mid,-0.0179902381319624,2022
35,2022-08-17 20:00:00+00:00,2022-08-17T20:00:00+00:00,2022-08-18T08:00:00+00:00,2022-08-18 12:00:00+00:00,23534.43,23180.4,36.10844184742907,36.10844184742907,2022-08-18 00:00:00+00:00,23191.2,32634.933200000003,48.88073971384084,bear,time2,-0.0080541572496125,2022
35,2022-08-17 20:00:00+00:00,2022-08-17T20:00:00+00:00,2022-08-18T08:00:00+00:00,2022-08-18 12:00:00+00:00,23534.43,23180.4,36.10844184742907,36.10844184742907,2022-08-18 00:00:00+00:00,23191.2,32634.933200000003,48.88073971384084,bear,time3,-0.0145841645623029,2022
35,2022-08-17 20:00:00+00:00,2022-08-17T20:00:00+00:00,2022-08-18T08:00:00+00:00,2022-08-18 12:00:00+00:00,23534.43,23180.4,36.10844184742907,36.10844184742907,2022-08-18 00:00:00+00:00,23191.2,32634.933200000003,48.88073971384084,bear,time6,-0.0179902381319624,2022
35,2022-08-17 20:00:00+00:00,2022-08-17T20:00:00+00:00,2022-08-18T08:00:00+00:00,2022-08-18 12:00:00+00:00,23534.43,23180.4,36.10844184742907,36.10844184742907,2022-08-18 00:00:00+00:00,23191.2,32634.933200000003,48.88073971384084,bear,time12,-0.0179902381319624,2022
36,2022-08-20 00:00:00+00:00,2022-08-20T00:00:00+00:00,2022-08-20T12:00:00+00:00,2022-08-20 16:00:00+00:00,21300.5,20792.92,21.99504849577468,21.99504849577468,2022-08-20 00:00:00+00:00,21140.07,32458.998050000002,35.84956678060583,bear,rsi48,-0.025285791413347,2022
36,2022-08-20 00:00:00+00:00,2022-08-20T00:00:00+00:00,2022-08-20T12:00:00+00:00,2022-08-20 16:00:00+00:00,21300.5,20792.92,21.99504849577468,21.99504849577468,2022-08-20 00:00:00+00:00,21140.07,32458.998050000002,35.84956678060583,bear,rsi50,-0.025285791413347,2022
36,2022-08-20 00:00:00+00:00,2022-08-20T00:00:00+00:00,2022-08-20T12:00:00+00:00,2022-08-20 16:00:00+00:00,21300.5,20792.92,21.99504849577468,21.99504849577468,2022-08-20 00:00:00+00:00,21140.07,32458.998050000002,35.84956678060583,bear,rsi52,-0.025285791413347,2022
36,2022-08-20 00:00:00+00:00,2022-08-20T00:00:00+00:00,2022-08-20T12:00:00+00:00,2022-08-20 16:00:00+00:00,21300.5,20792.92,21.99504849577468,21.99504849577468,2022-08-20 00:00:00+00:00,21140.07,32458.998050000002,35.84956678060583,bear,bb_mid,-0.025285791413347,2022
36,2022-08-20 00:00:00+00:00,2022-08-20T00:00:00+00:00,2022-08-20T12:00:00+00:00,2022-08-20 16:00:00+00:00,21300.5,20792.92,21.99504849577468,21.99504849577468,2022-08-20 00:00:00+00:00,21140.07,32458.998050000002,35.84956678060583,bear,time2,-0.0075317480810309,2022
36,2022-08-20 00:00:00+00:00,2022-08-20T00:00:00+00:00,2022-08-20T12:00:00+00:00,2022-08-20 16:00:00+00:00,21300.5,20792.92,21.99504849577468,21.99504849577468,2022-08-20 00:00:00+00:00,21140.07,32458.998050000002,35.84956678060583,bear,time3,-0.025285791413347,2022
36,2022-08-20 00:00:00+00:00,2022-08-20T00:00:00+00:00,2022-08-20T12:00:00+00:00,2022-08-20 16:00:00+00:00,21300.5,20792.92,21.99504849577468,21.99504849577468,2022-08-20 00:00:00+00:00,21140.07,32458.998050000002,35.84956678060583,bear,time6,-0.025285791413347,2022
36,2022-08-20 00:00:00+00:00,2022-08-20T00:00:00+00:00,2022-08-20T12:00:00+00:00,2022-08-20 16:00:00+00:00,21300.5,20792.92,21.99504849577468,21.99504849577468,2022-08-20 00:00:00+00:00,21140.07,32458.998050000002,35.84956678060583,bear,time12,-0.025285791413347,2022
37,2022-09-07 04:00:00+00:00,2022-09-07T04:00:00+00:00,2022-09-07T16:00:00+00:00,2022-09-07 20:00:00+00:00,18992.37,18671.22,28.635886199075088,27.73399917653458,2022-09-07 00:00:00+00:00,19292.84,30517.415100000002,35.94959821724039,bear,rsi48,0.0189555068693376,2022
37,2022-09-07 04:00:00+00:00,2022-09-07T04:00:00+00:00,2022-09-07T16:00:00+00:00,2022-09-07 20:00:00+00:00,18992.37,18671.22,28.635886199075088,27.73399917653458,2022-09-07 00:00:00+00:00,19292.84,30517.415100000002,35.94959821724039,bear,rsi50,0.0504602637796125,2022
37,2022-09-07 04:00:00+00:00,2022-09-07T04:00:00+00:00,2022-09-07T16:00:00+00:00,2022-09-07 20:00:00+00:00,18992.37,18671.22,28.635886199075088,27.73399917653458,2022-09-07 00:00:00+00:00,19292.84,30517.415100000002,35.94959821724039,bear,rsi52,0.0504602637796125,2022
37,2022-09-07 04:00:00+00:00,2022-09-07T04:00:00+00:00,2022-09-07T16:00:00+00:00,2022-09-07 20:00:00+00:00,18992.37,18671.22,28.635886199075088,27.73399917653458,2022-09-07 00:00:00+00:00,19292.84,30517.415100000002,35.94959821724039,bear,bb_mid,0.0189555068693376,2022
37,2022-09-07 04:00:00+00:00,2022-09-07T04:00:00+00:00,2022-09-07T16:00:00+00:00,2022-09-07 20:00:00+00:00,18992.37,18671.22,28.635886199075088,27.73399917653458,2022-09-07 00:00:00+00:00,19292.84,30517.415100000002,35.94959821724039,bear,time2,0.0119010950186839,2022
37,2022-09-07 04:00:00+00:00,2022-09-07T04:00:00+00:00,2022-09-07T16:00:00+00:00,2022-09-07 20:00:00+00:00,18992.37,18671.22,28.635886199075088,27.73399917653458,2022-09-07 00:00:00+00:00,19292.84,30517.415100000002,35.94959821724039,bear,time3,0.0094401067376004,2022
37,2022-09-07 04:00:00+00:00,2022-09-07T04:00:00+00:00,2022-09-07T16:00:00+00:00,2022-09-07 20:00:00+00:00,18992.37,18671.22,28.635886199075088,27.73399917653458,2022-09-07 00:00:00+00:00,19292.84,30517.415100000002,35.94959821724039,bear,time6,0.0189555068693376,2022
37,2022-09-07 04:00:00+00:00,2022-09-07T04:00:00+00:00,2022-09-07T16:00:00+00:00,2022-09-07 20:00:00+00:00,18992.37,18671.22,28.635886199075088,27.73399917653458,2022-09-07 00:00:00+00:00,19292.84,30517.415100000002,35.94959821724039,bear,time12,0.1210617737544077,2022
38,2022-09-19 12:00:00+00:00,2022-09-19T12:00:00+00:00,2022-09-19T16:00:00+00:00,2022-09-19 20:00:00+00:00,19514.8,18676.47,38.10572748272779,38.10572748272779,2022-09-19 00:00:00+00:00,19537.02,29349.20195,42.36508816857676,bear,rsi48,-0.0434951933916821,2022
38,2022-09-19 12:00:00+00:00,2022-09-19T12:00:00+00:00,2022-09-19T16:00:00+00:00,2022-09-19 20:00:00+00:00,19514.8,18676.47,38.10572748272779,38.10572748272779,2022-09-19 00:00:00+00:00,19537.02,29349.20195,42.36508816857676,bear,rsi50,-0.0434951933916821,2022
38,2022-09-19 12:00:00+00:00,2022-09-19T12:00:00+00:00,2022-09-19T16:00:00+00:00,2022-09-19 20:00:00+00:00,19514.8,18676.47,38.10572748272779,38.10572748272779,2022-09-19 00:00:00+00:00,19537.02,29349.20195,42.36508816857676,bear,rsi52,-0.0434951933916821,2022
38,2022-09-19 12:00:00+00:00,2022-09-19T12:00:00+00:00,2022-09-19T16:00:00+00:00,2022-09-19 20:00:00+00:00,19514.8,18676.47,38.10572748272779,38.10572748272779,2022-09-19 00:00:00+00:00,19537.02,29349.20195,42.36508816857676,bear,bb_mid,-0.0434951933916821,2022
38,2022-09-19 12:00:00+00:00,2022-09-19T12:00:00+00:00,2022-09-19T16:00:00+00:00,2022-09-19 20:00:00+00:00,19514.8,18676.47,38.10572748272779,38.10572748272779,2022-09-19 00:00:00+00:00,19537.02,29349.20195,42.36508816857676,bear,time2,-0.0077177321827536,2022
38,2022-09-19 12:00:00+00:00,2022-09-19T12:00:00+00:00,2022-09-19T16:00:00+00:00,2022-09-19 20:00:00+00:00,19514.8,18676.47,38.10572748272779,38.10572748272779,2022-09-19 00:00:00+00:00,19537.02,29349.20195,42.36508816857676,bear,time3,-0.0080385143583331,2022
38,2022-09-19 12:00:00+00:00,2022-09-19T12:00:00+00:00,2022-09-19T16:00:00+00:00,2022-09-19 20:00:00+00:00,19514.8,18676.47,38.10572748272779,38.10572748272779,2022-09-19 00:00:00+00:00,19537.02,29349.20195,42.36508816857676,bear,time6,-0.0267217701436857,2022
38,2022-09-19 12:00:00+00:00,2022-09-19T12:00:00+00:00,2022-09-19T16:00:00+00:00,2022-09-19 20:00:00+00:00,19514.8,18676.47,38.10572748272779,38.10572748272779,2022-09-19 00:00:00+00:00,19537.02,29349.20195,42.36508816857676,bear,time12,-0.0263271978190912,2022
39,2022-10-11 04:00:00+00:00,2022-10-11T04:00:00+00:00,2022-10-11T08:00:00+00:00,2022-10-11 12:00:00+00:00,19153.68,19010.0,29.697273578178923,29.697273578178923,2022-10-11 00:00:00+00:00,19060.0,27021.202150000005,43.048874128828615,bear,rsi48,-0.0153328237706801,2022
39,2022-10-11 04:00:00+00:00,2022-10-11T04:00:00+00:00,2022-10-11T08:00:00+00:00,2022-10-11 12:00:00+00:00,19153.68,19010.0,29.697273578178923,29.697273578178923,2022-10-11 00:00:00+00:00,19060.0,27021.202150000005,43.048874128828615,bear,rsi50,-0.0153328237706801,2022
39,2022-10-11 04:00:00+00:00,2022-10-11T04:00:00+00:00,2022-10-11T08:00:00+00:00,2022-10-11 12:00:00+00:00,19153.68,19010.0,29.697273578178923,29.697273578178923,2022-10-11 00:00:00+00:00,19060.0,27021.202150000005,43.048874128828615,bear,rsi52,-0.0153328237706801,2022
39,2022-10-11 04:00:00+00:00,2022-10-11T04:00:00+00:00,2022-10-11T08:00:00+00:00,2022-10-11 12:00:00+00:00,19153.68,19010.0,29.697273578178923,29.697273578178923,2022-10-11 00:00:00+00:00,19060.0,27021.202150000005,43.048874128828615,bear,bb_mid,-0.0153328237706801,2022
39,2022-10-11 04:00:00+00:00,2022-10-11T04:00:00+00:00,2022-10-11T08:00:00+00:00,2022-10-11 12:00:00+00:00,19153.68,19010.0,29.697273578178923,29.697273578178923,2022-10-11 00:00:00+00:00,19060.0,27021.202150000005,43.048874128828615,bear,time2,-0.0153328237706801,2022
39,2022-10-11 04:00:00+00:00,2022-10-11T04:00:00+00:00,2022-10-11T08:00:00+00:00,2022-10-11 12:00:00+00:00,19153.68,19010.0,29.697273578178923,29.697273578178923,2022-10-11 00:00:00+00:00,19060.0,27021.202150000005,43.048874128828615,bear,time3,-0.0153328237706801,2022
39,2022-10-11 04:00:00+00:00,2022-10-11T04:00:00+00:00,2022-10-11T08:00:00+00:00,2022-10-11 12:00:00+00:00,19153.68,19010.0,29.697273578178923,29.697273578178923,2022-10-11 00:00:00+00:00,19060.0,27021.202150000005,43.048874128828615,bear,time6,-0.0153328237706801,2022
39,2022-10-11 04:00:00+00:00,2022-10-11T04:00:00+00:00,2022-10-11T08:00:00+00:00,2022-10-11 12:00:00+00:00,19153.68,19010.0,29.697273578178923,29.697273578178923,2022-10-11 00:00:00+00:00,19060.0,27021.202150000005,43.048874128828615,bear,time12,-0.0153328237706801,2022
40,2022-10-13 12:00:00+00:00,2022-10-13T12:00:00+00:00,2022-10-13T16:00:00+00:00,2022-10-13 20:00:00+00:00,19369.94,18190.0,38.86502735802421,38.86502735802421,2022-10-13 00:00:00+00:00,19375.13,26757.160300000003,47.31640722518159,bear,rsi48,0.0002679409435446,2022
40,2022-10-13 12:00:00+00:00,2022-10-13T12:00:00+00:00,2022-10-13T16:00:00+00:00,2022-10-13 20:00:00+00:00,19369.94,18190.0,38.86502735802421,38.86502735802421,2022-10-13 00:00:00+00:00,19375.13,26757.160300000003,47.31640722518159,bear,rsi50,0.0002679409435446,2022
40,2022-10-13 12:00:00+00:00,2022-10-13T12:00:00+00:00,2022-10-13T16:00:00+00:00,2022-10-13 20:00:00+00:00,19369.94,18190.0,38.86502735802421,38.86502735802421,2022-10-13 00:00:00+00:00,19375.13,26757.160300000003,47.31640722518159,bear,rsi52,0.0002679409435446,2022
40,2022-10-13 12:00:00+00:00,2022-10-13T12:00:00+00:00,2022-10-13T16:00:00+00:00,2022-10-13 20:00:00+00:00,19369.94,18190.0,38.86502735802421,38.86502735802421,2022-10-13 00:00:00+00:00,19375.13,26757.160300000003,47.31640722518159,bear,bb_mid,0.0002679409435446,2022
40,2022-10-13 12:00:00+00:00,2022-10-13T12:00:00+00:00,2022-10-13T16:00:00+00:00,2022-10-13 20:00:00+00:00,19369.94,18190.0,38.86502735802421,38.86502735802421,2022-10-13 00:00:00+00:00,19375.13,26757.160300000003,47.31640722518159,bear,time2,0.0230723481848678,2022
40,2022-10-13 12:00:00+00:00,2022-10-13T12:00:00+00:00,2022-10-13T16:00:00+00:00,2022-10-13 20:00:00+00:00,19369.94,18190.0,38.86502735802421,38.86502735802421,2022-10-13 00:00:00+00:00,19375.13,26757.160300000003,47.31640722518159,bear,time3,0.0140635438209926,2022
40,2022-10-13 12:00:00+00:00,2022-10-13T12:00:00+00:00,2022-10-13T16:00:00+00:00,2022-10-13 20:00:00+00:00,19369.94,18190.0,38.86502735802421,38.86502735802421,2022-10-13 00:00:00+00:00,19375.13,26757.160300000003,47.31640722518159,bear,time6,-0.0104161396473091,2022
40,2022-10-13 12:00:00+00:00,2022-10-13T12:00:00+00:00,2022-10-13T16:00:00+00:00,2022-10-13 20:00:00+00:00,19369.94,18190.0,38.86502735802421,38.86502735802421,2022-10-13 00:00:00+00:00,19375.13,26757.160300000003,47.31640722518159,bear,time12,-0.0138239973897699,2022
41,2022-11-28 16:00:00+00:00,2022-11-28T16:00:00+00:00,2022-11-29T00:00:00+00:00,2022-11-29 04:00:00+00:00,16287.53,15995.27,39.10233402693478,38.56772469639564,2022-11-29 00:00:00+00:00,16442.53,21717.7156,40.32969603843117,bear,rsi48,0.0107923055245331,2022
41,2022-11-28 16:00:00+00:00,2022-11-28T16:00:00+00:00,2022-11-29T00:00:00+00:00,2022-11-29 04:00:00+00:00,16287.53,15995.27,39.10233402693478,38.56772469639564,2022-11-29 00:00:00+00:00,16442.53,21717.7156,40.32969603843117,bear,rsi50,0.0107923055245331,2022
41,2022-11-28 16:00:00+00:00,2022-11-28T16:00:00+00:00,2022-11-29T00:00:00+00:00,2022-11-29 04:00:00+00:00,16287.53,15995.27,39.10233402693478,38.56772469639564,2022-11-29 00:00:00+00:00,16442.53,21717.7156,40.32969603843117,bear,rsi52,0.0107923055245331,2022
41,2022-11-28 16:00:00+00:00,2022-11-28T16:00:00+00:00,2022-11-29T00:00:00+00:00,2022-11-29 04:00:00+00:00,16287.53,15995.27,39.10233402693478,38.56772469639564,2022-11-29 00:00:00+00:00,16442.53,21717.7156,40.32969603843117,bear,bb_mid,0.0107923055245331,2022
41,2022-11-28 16:00:00+00:00,2022-11-28T16:00:00+00:00,2022-11-29T00:00:00+00:00,2022-11-29 04:00:00+00:00,16287.53,15995.27,39.10233402693478,38.56772469639564,2022-11-29 00:00:00+00:00,16442.53,21717.7156,40.32969603843117,bear,time2,0.0129000529853204,2022
41,2022-11-28 16:00:00+00:00,2022-11-28T16:00:00+00:00,2022-11-29T00:00:00+00:00,2022-11-29 04:00:00+00:00,16287.53,15995.27,39.10233402693478,38.56772469639564,2022-11-29 00:00:00+00:00,16442.53,21717.7156,40.32969603843117,bear,time3,0.0065049765065665,2022
41,2022-11-28 16:00:00+00:00,2022-11-28T16:00:00+00:00,2022-11-29T00:00:00+00:00,2022-11-29 04:00:00+00:00,16287.53,15995.27,39.10233402693478,38.56772469639564,2022-11-29 00:00:00+00:00,16442.53,21717.7156,40.32969603843117,bear,time6,0.0342421472132361,2022
41,2022-11-28 16:00:00+00:00,2022-11-28T16:00:00+00:00,2022-11-29T00:00:00+00:00,2022-11-29 04:00:00+00:00,16287.53,15995.27,39.10233402693478,38.56772469639564,2022-11-29 00:00:00+00:00,16442.53,21717.7156,40.32969603843117,bear,time12,0.0530129491703161,2022
42,2022-12-17 00:00:00+00:00,2022-12-17T00:00:00+00:00,2022-12-17T20:00:00+00:00,2022-12-18 00:00:00+00:00,16777.54,16579.85,29.34155530188231,29.34155530188231,2022-12-18 00:00:00+00:00,16738.21,20504.14555,44.09535848510893,bear,rsi48,-0.0162443361780094,2022
42,2022-12-17 00:00:00+00:00,2022-12-17T00:00:00+00:00,2022-12-17T20:00:00+00:00,2022-12-18 00:00:00+00:00,16777.54,16579.85,29.34155530188231,29.34155530188231,2022-12-18 00:00:00+00:00,16738.21,20504.14555,44.09535848510893,bear,rsi50,-0.0162443361780094,2022
42,2022-12-17 00:00:00+00:00,2022-12-17T00:00:00+00:00,2022-12-17T20:00:00+00:00,2022-12-18 00:00:00+00:00,16777.54,16579.85,29.34155530188231,29.34155530188231,2022-12-18 00:00:00+00:00,16738.21,20504.14555,44.09535848510893,bear,rsi52,-0.0162443361780094,2022
42,2022-12-17 00:00:00+00:00,2022-12-17T00:00:00+00:00,2022-12-17T20:00:00+00:00,2022-12-18 00:00:00+00:00,16777.54,16579.85,29.34155530188231,29.34155530188231,2022-12-18 00:00:00+00:00,16738.21,20504.14555,44.09535848510893,bear,bb_mid,-0.0162443361780094,2022
42,2022-12-17 00:00:00+00:00,2022-12-17T00:00:00+00:00,2022-12-17T20:00:00+00:00,2022-12-18 00:00:00+00:00,16777.54,16579.85,29.34155530188231,29.34155530188231,2022-12-18 00:00:00+00:00,16738.21,20504.14555,44.09535848510893,bear,time2,-0.001592009317218,2022
42,2022-12-17 00:00:00+00:00,2022-12-17T00:00:00+00:00,2022-12-17T20:00:00+00:00,2022-12-18 00:00:00+00:00,16777.54,16579.85,29.34155530188231,29.34155530188231,2022-12-18 00:00:00+00:00,16738.21,20504.14555,44.09535848510893,bear,time3,-0.0039451552492202,2022
42,2022-12-17 00:00:00+00:00,2022-12-17T00:00:00+00:00,2022-12-17T20:00:00+00:00,2022-12-18 00:00:00+00:00,16777.54,16579.85,29.34155530188231,29.34155530188231,2022-12-18 00:00:00+00:00,16738.21,20504.14555,44.09535848510893,bear,time6,-0.0023442054079443,2022
42,2022-12-17 00:00:00+00:00,2022-12-17T00:00:00+00:00,2022-12-17T20:00:00+00:00,2022-12-18 00:00:00+00:00,16777.54,16579.85,29.34155530188231,29.34155530188231,2022-12-18 00:00:00+00:00,16738.21,20504.14555,44.09535848510893,bear,time12,-0.0162443361780094,2022
43,2023-02-06 04:00:00+00:00,2023-02-06T04:00:00+00:00,2023-02-06T12:00:00+00:00,2023-02-06 16:00:00+00:00,23042.86,22628.13,34.40110867473193,34.35845394984278,2023-02-06 00:00:00+00:00,22762.52,19720.0144,59.829764111770004,bull,rsi48,0.0021282080436195,2023
43,2023-02-06 04:00:00+00:00,2023-02-06T04:00:00+00:00,2023-02-06T12:00:00+00:00,2023-02-06 16:00:00+00:00,23042.86,22628.13,34.40110867473193,34.35845394984278,2023-02-06 00:00:00+00:00,22762.52,19720.0144,59.829764111770004,bull,rsi50,0.0085753244171946,2023
43,2023-02-06 04:00:00+00:00,2023-02-06T04:00:00+00:00,2023-02-06T12:00:00+00:00,2023-02-06 16:00:00+00:00,23042.86,22628.13,34.40110867473193,34.35845394984278,2023-02-06 00:00:00+00:00,22762.52,19720.0144,59.829764111770004,bull,rsi52,0.0085753244171946,2023
43,2023-02-06 04:00:00+00:00,2023-02-06T04:00:00+00:00,2023-02-06T12:00:00+00:00,2023-02-06 16:00:00+00:00,23042.86,22628.13,34.40110867473193,34.35845394984278,2023-02-06 00:00:00+00:00,22762.52,19720.0144,59.829764111770004,bull,bb_mid,0.0021282080436195,2023
43,2023-02-06 04:00:00+00:00,2023-02-06T04:00:00+00:00,2023-02-06T12:00:00+00:00,2023-02-06 16:00:00+00:00,23042.86,22628.13,34.40110867473193,34.35845394984278,2023-02-06 00:00:00+00:00,22762.52,19720.0144,59.829764111770004,bull,time2,-0.0121660245299412,2023
43,2023-02-06 04:00:00+00:00,2023-02-06T04:00:00+00:00,2023-02-06T12:00:00+00:00,2023-02-06 16:00:00+00:00,23042.86,22628.13,34.40110867473193,34.35845394984278,2023-02-06 00:00:00+00:00,22762.52,19720.0144,59.829764111770004,bull,time3,-0.0071549278171199,2023
43,2023-02-06 04:00:00+00:00,2023-02-06T04:00:00+00:00,2023-02-06T12:00:00+00:00,2023-02-06 16:00:00+00:00,23042.86,22628.13,34.40110867473193,34.35845394984278,2023-02-06 00:00:00+00:00,22762.52,19720.0144,59.829764111770004,bull,time6,-0.0059875380052649,2023
43,2023-02-06 04:00:00+00:00,2023-02-06T04:00:00+00:00,2023-02-06T12:00:00+00:00,2023-02-06 16:00:00+00:00,23042.86,22628.13,34.40110867473193,34.35845394984278,2023-02-06 00:00:00+00:00,22762.52,19720.0144,59.829764111770004,bull,time12,-0.0074027269184467,2023
44,2023-02-22 16:00:00+00:00,2023-02-22T16:00:00+00:00,2023-02-22T20:00:00+00:00,2023-02-23 00:00:00+00:00,24182.21,23574.69,38.34747254245966,38.34747254245966,2023-02-23 00:00:00+00:00,23940.2,19755.2736,56.97514928310877,bull,rsi48,0.0112744037869161,2023
44,2023-02-22 16:00:00+00:00,2023-02-22T16:00:00+00:00,2023-02-22T20:00:00+00:00,2023-02-23 00:00:00+00:00,24182.21,23574.69,38.34747254245966,38.34747254245966,2023-02-23 00:00:00+00:00,23940.2,19755.2736,56.97514928310877,bull,rsi50,0.0112744037869161,2023
44,2023-02-22 16:00:00+00:00,2023-02-22T16:00:00+00:00,2023-02-22T20:00:00+00:00,2023-02-23 00:00:00+00:00,24182.21,23574.69,38.34747254245966,38.34747254245966,2023-02-23 00:00:00+00:00,23940.2,19755.2736,56.97514928310877,bull,rsi52,0.0112744037869161,2023
44,2023-02-22 16:00:00+00:00,2023-02-22T16:00:00+00:00,2023-02-22T20:00:00+00:00,2023-02-23 00:00:00+00:00,24182.21,23574.69,38.34747254245966,38.34747254245966,2023-02-23 00:00:00+00:00,23940.2,19755.2736,56.97514928310877,bull,bb_mid,-0.0355716040841593,2023
44,2023-02-22 16:00:00+00:00,2023-02-22T16:00:00+00:00,2023-02-22T20:00:00+00:00,2023-02-23 00:00:00+00:00,24182.21,23574.69,38.34747254245966,38.34747254245966,2023-02-23 00:00:00+00:00,23940.2,19755.2736,56.97514928310877,bull,time2,0.0080249075663474,2023
44,2023-02-22 16:00:00+00:00,2023-02-22T16:00:00+00:00,2023-02-22T20:00:00+00:00,2023-02-23 00:00:00+00:00,24182.21,23574.69,38.34747254245966,38.34747254245966,2023-02-23 00:00:00+00:00,23940.2,19755.2736,56.97514928310877,bull,time3,-0.0166242043221028,2023
44,2023-02-22 16:00:00+00:00,2023-02-22T16:00:00+00:00,2023-02-22T20:00:00+00:00,2023-02-23 00:00:00+00:00,24182.21,23574.69,38.34747254245966,38.34747254245966,2023-02-23 00:00:00+00:00,23940.2,19755.2736,56.97514928310877,bull,time6,-0.0100077701748516,2023
44,2023-02-22 16:00:00+00:00,2023-02-22T16:00:00+00:00,2023-02-22T20:00:00+00:00,2023-02-23 00:00:00+00:00,24182.21,23574.69,38.34747254245966,38.34747254245966,2023-02-23 00:00:00+00:00,23940.2,19755.2736,56.97514928310877,bull,time12,-0.0355716040841593,2023
45,2023-03-10 12:00:00+00:00,2023-03-10T12:00:00+00:00,2023-03-10T20:00:00+00:00,2023-03-11 00:00:00+00:00,20150.69,19657.11,18.92571035710752,18.92571035710752,2023-03-11 00:00:00+00:00,20455.73,19700.959700000003,32.067204079195136,neutral,rsi48,0.0312073680851625,2023
45,2023-03-10 12:00:00+00:00,2023-03-10T12:00:00+00:00,2023-03-10T20:00:00+00:00,2023-03-11 00:00:00+00:00,20150.69,19657.11,18.92571035710752,18.92571035710752,2023-03-11 00:00:00+00:00,20455.73,19700.959700000003,32.067204079195136,neutral,rsi50,0.0312073680851625,2023
45,2023-03-10 12:00:00+00:00,2023-03-10T12:00:00+00:00,2023-03-10T20:00:00+00:00,2023-03-11 00:00:00+00:00,20150.69,19657.11,18.92571035710752,18.92571035710752,2023-03-11 00:00:00+00:00,20455.73,19700.959700000003,32.067204079195136,neutral,rsi52,0.0916306091751697,2023
45,2023-03-10 12:00:00+00:00,2023-03-10T12:00:00+00:00,2023-03-10T20:00:00+00:00,2023-03-11 00:00:00+00:00,20150.69,19657.11,18.92571035710752,18.92571035710752,2023-03-11 00:00:00+00:00,20455.73,19700.959700000003,32.067204079195136,neutral,bb_mid,0.0146267944174616,2023
45,2023-03-10 12:00:00+00:00,2023-03-10T12:00:00+00:00,2023-03-10T20:00:00+00:00,2023-03-11 00:00:00+00:00,20150.69,19657.11,18.92571035710752,18.92571035710752,2023-03-11 00:00:00+00:00,20455.73,19700.959700000003,32.067204079195136,neutral,time2,-0.0148818725314119,2023
45,2023-03-10 12:00:00+00:00,2023-03-10T12:00:00+00:00,2023-03-10T20:00:00+00:00,2023-03-11 00:00:00+00:00,20150.69,19657.11,18.92571035710752,18.92571035710752,2023-03-11 00:00:00+00:00,20455.73,19700.959700000003,32.067204079195136,neutral,time3,-0.0032068380784975,2023
45,2023-03-10 12:00:00+00:00,2023-03-10T12:00:00+00:00,2023-03-10T20:00:00+00:00,2023-03-11 00:00:00+00:00,20150.69,19657.11,18.92571035710752,18.92571035710752,2023-03-11 00:00:00+00:00,20455.73,19700.959700000003,32.067204079195136,neutral,time6,0.0151379431672067,2023
45,2023-03-10 12:00:00+00:00,2023-03-10T12:00:00+00:00,2023-03-10T20:00:00+00:00,2023-03-11 00:00:00+00:00,20150.69,19657.11,18.92571035710752,18.92571035710752,2023-03-11 00:00:00+00:00,20455.73,19700.959700000003,32.067204079195136,neutral,time12,0.0916306091751697,2023
46,2023-05-01 20:00:00+00:00,2023-05-01T20:00:00+00:00,2023-05-02T12:00:00+00:00,2023-05-02 16:00:00+00:00,28540.69,27666.95,37.083030236314414,36.76253452436808,2023-05-02 00:00:00+00:00,28669.86,21842.107350000002,50.9665878590812,bull,rsi48,0.0050962327820385,2023
46,2023-05-01 20:00:00+00:00,2023-05-01T20:00:00+00:00,2023-05-02T12:00:00+00:00,2023-05-02 16:00:00+00:00,28540.69,27666.95,37.083030236314414,36.76253452436808,2023-05-02 00:00:00+00:00,28669.86,21842.107350000002,50.9665878590812,bull,rsi50,0.0050962327820385,2023
46,2023-05-01 20:00:00+00:00,2023-05-01T20:00:00+00:00,2023-05-02T12:00:00+00:00,2023-05-02 16:00:00+00:00,28540.69,27666.95,37.083030236314414,36.76253452436808,2023-05-02 00:00:00+00:00,28669.86,21842.107350000002,50.9665878590812,bull,rsi52,0.0170097499394723,2023
46,2023-05-01 20:00:00+00:00,2023-05-01T20:00:00+00:00,2023-05-02T12:00:00+00:00,2023-05-02 16:00:00+00:00,28540.69,27666.95,37.083030236314414,36.76253452436808,2023-05-02 00:00:00+00:00,28669.86,21842.107350000002,50.9665878590812,bull,bb_mid,0.0039631137158913,2023
46,2023-05-01 20:00:00+00:00,2023-05-01T20:00:00+00:00,2023-05-02T12:00:00+00:00,2023-05-02 16:00:00+00:00,28540.69,27666.95,37.083030236314414,36.76253452436808,2023-05-02 00:00:00+00:00,28669.86,21842.107350000002,50.9665878590812,bull,time2,0.0045258191024815,2023
46,2023-05-01 20:00:00+00:00,2023-05-01T20:00:00+00:00,2023-05-02T12:00:00+00:00,2023-05-02 16:00:00+00:00,28540.69,27666.95,37.083030236314414,36.76253452436808,2023-05-02 00:00:00+00:00,28669.86,21842.107350000002,50.9665878590812,bull,time3,-0.0006933959900757,2023
46,2023-05-01 20:00:00+00:00,2023-05-01T20:00:00+00:00,2023-05-02T12:00:00+00:00,2023-05-02 16:00:00+00:00,28540.69,27666.95,37.083030236314414,36.76253452436808,2023-05-02 00:00:00+00:00,28669.86,21842.107350000002,50.9665878590812,bull,time6,-0.0080299390098838,2023
46,2023-05-01 20:00:00+00:00,2023-05-01T20:00:00+00:00,2023-05-02T12:00:00+00:00,2023-05-02 16:00:00+00:00,28540.69,27666.95,37.083030236314414,36.76253452436808,2023-05-02 00:00:00+00:00,28669.86,21842.107350000002,50.9665878590812,bull,time12,0.0114047698216126,2023
47,2023-06-10 16:00:00+00:00,2023-06-10T16:00:00+00:00,2023-06-11T16:00:00+00:00,2023-06-11 20:00:00+00:00,26030.89,25358.0,36.48261514287007,36.48261514287007,2023-06-11 00:00:00+00:00,25925.55,23537.24445,41.72433627216971,neutral,rsi48,0.0012661879789741,2023
47,2023-06-10 16:00:00+00:00,2023-06-10T16:00:00+00:00,2023-06-11T16:00:00+00:00,2023-06-11 20:00:00+00:00,26030.89,25358.0,36.48261514287007,36.48261514287007,2023-06-11 00:00:00+00:00,25925.55,23537.24445,41.72433627216971,neutral,rsi50,0.0012661879789741,2023
47,2023-06-10 16:00:00+00:00,2023-06-10T16:00:00+00:00,2023-06-11T16:00:00+00:00,2023-06-11 20:00:00+00:00,26030.89,25358.0,36.48261514287007,36.48261514287007,2023-06-11 00:00:00+00:00,25925.55,23537.24445,41.72433627216971,neutral,rsi52,0.0061818862128801,2023
47,2023-06-10 16:00:00+00:00,2023-06-10T16:00:00+00:00,2023-06-11T16:00:00+00:00,2023-06-11 20:00:00+00:00,26030.89,25358.0,36.48261514287007,36.48261514287007,2023-06-11 00:00:00+00:00,25925.55,23537.24445,41.72433627216971,neutral,bb_mid,-0.0048288783057359,2023
47,2023-06-10 16:00:00+00:00,2023-06-10T16:00:00+00:00,2023-06-11T16:00:00+00:00,2023-06-11 20:00:00+00:00,26030.89,25358.0,36.48261514287007,36.48261514287007,2023-06-11 00:00:00+00:00,25925.55,23537.24445,41.72433627216971,neutral,time2,-0.0092044490219119,2023
47,2023-06-10 16:00:00+00:00,2023-06-10T16:00:00+00:00,2023-06-11T16:00:00+00:00,2023-06-11 20:00:00+00:00,26030.89,25358.0,36.48261514287007,36.48261514287007,2023-06-11 00:00:00+00:00,25925.55,23537.24445,41.72433627216971,neutral,time3,-0.0087553671810682,2023
47,2023-06-10 16:00:00+00:00,2023-06-10T16:00:00+00:00,2023-06-11T16:00:00+00:00,2023-06-11 20:00:00+00:00,26030.89,25358.0,36.48261514287007,36.48261514287007,2023-06-11 00:00:00+00:00,25925.55,23537.24445,41.72433627216971,neutral,time6,-0.0079390293608861,2023
47,2023-06-10 16:00:00+00:00,2023-06-10T16:00:00+00:00,2023-06-11T16:00:00+00:00,2023-06-11 20:00:00+00:00,26030.89,25358.0,36.48261514287007,36.48261514287007,2023-06-11 00:00:00+00:00,25925.55,23537.24445,41.72433627216971,neutral,time12,-0.0049191556646737,2023
48,2023-06-15 12:00:00+00:00,2023-06-15T12:00:00+00:00,2023-06-15T16:00:00+00:00,2023-06-15 20:00:00+00:00,25455.49,24921.11,28.68660592270838,28.68660592270838,2023-06-15 00:00:00+00:00,25598.49,23720.034900000002,41.208414198619785,neutral,rsi48,0.0056176486879646,2023
48,2023-06-15 12:00:00+00:00,2023-06-15T12:00:00+00:00,2023-06-15T16:00:00+00:00,2023-06-15 20:00:00+00:00,25455.49,24921.11,28.68660592270838,28.68660592270838,2023-06-15 00:00:00+00:00,25598.49,23720.034900000002,41.208414198619785,neutral,rsi50,0.015105582332141,2023
48,2023-06-15 12:00:00+00:00,2023-06-15T12:00:00+00:00,2023-06-15T16:00:00+00:00,2023-06-15 20:00:00+00:00,25455.49,24921.11,28.68660592270838,28.68660592270838,2023-06-15 00:00:00+00:00,25598.49,23720.034900000002,41.208414198619785,neutral,rsi52,0.015105582332141,2023
48,2023-06-15 12:00:00+00:00,2023-06-15T12:00:00+00:00,2023-06-15T16:00:00+00:00,2023-06-15 20:00:00+00:00,25455.49,24921.11,28.68660592270838,28.68660592270838,2023-06-15 00:00:00+00:00,25598.49,23720.034900000002,41.208414198619785,neutral,bb_mid,0.015105582332141,2023
48,2023-06-15 12:00:00+00:00,2023-06-15T12:00:00+00:00,2023-06-15T16:00:00+00:00,2023-06-15 20:00:00+00:00,25455.49,24921.11,28.68660592270838,28.68660592270838,2023-06-15 00:00:00+00:00,25598.49,23720.034900000002,41.208414198619785,neutral,time2,0.0041739522594144,2023
48,2023-06-15 12:00:00+00:00,2023-06-15T12:00:00+00:00,2023-06-15T16:00:00+00:00,2023-06-15 20:00:00+00:00,25455.49,24921.11,28.68660592270838,28.68660592270838,2023-06-15 00:00:00+00:00,25598.49,23720.034900000002,41.208414198619785,neutral,time3,0.0032024525947054,2023
48,2023-06-15 12:00:00+00:00,2023-06-15T12:00:00+00:00,2023-06-15T16:00:00+00:00,2023-06-15 20:00:00+00:00,25455.49,24921.11,28.68660592270838,28.68660592270838,2023-06-15 00:00:00+00:00,25598.49,23720.034900000002,41.208414198619785,neutral,time6,0.0364141487749793,2023
48,2023-06-15 12:00:00+00:00,2023-06-15T12:00:00+00:00,2023-06-15T16:00:00+00:00,2023-06-15 20:00:00+00:00,25455.49,24921.11,28.68660592270838,28.68660592270838,2023-06-15 00:00:00+00:00,25598.49,23720.034900000002,41.208414198619785,neutral,time12,0.0400624776816316,2023
49,2023-08-01 12:00:00+00:00,2023-08-01T12:00:00+00:00,2023-08-01T16:00:00+00:00,2023-08-01 20:00:00+00:00,29274.42,28585.7,39.77156949784722,39.77156949784722,2023-08-01 00:00:00+00:00,29705.99,26711.1292,51.1137945664358,bull,rsi48,0.0147422220491475,2023
49,2023-08-01 12:00:00+00:00,2023-08-01T12:00:00+00:00,2023-08-01T16:00:00+00:00,2023-08-01 20:00:00+00:00,29274.42,28585.7,39.77156949784722,39.77156949784722,2023-08-01 00:00:00+00:00,29705.99,26711.1292,51.1137945664358,bull,rsi50,0.0147422220491475,2023
49,2023-08-01 12:00:00+00:00,2023-08-01T12:00:00+00:00,2023-08-01T16:00:00+00:00,2023-08-01 20:00:00+00:00,29274.42,28585.7,39.77156949784722,39.77156949784722,2023-08-01 00:00:00+00:00,29705.99,26711.1292,51.1137945664358,bull,rsi52,0.0147422220491475,2023
49,2023-08-01 12:00:00+00:00,2023-08-01T12:00:00+00:00,2023-08-01T16:00:00+00:00,2023-08-01 20:00:00+00:00,29274.42,28585.7,39.77156949784722,39.77156949784722,2023-08-01 00:00:00+00:00,29705.99,26711.1292,51.1137945664358,bull,bb_mid,0.0147422220491475,2023
49,2023-08-01 12:00:00+00:00,2023-08-01T12:00:00+00:00,2023-08-01T16:00:00+00:00,2023-08-01 20:00:00+00:00,29274.42,28585.7,39.77156949784722,39.77156949784722,2023-08-01 00:00:00+00:00,29705.99,26711.1292,51.1137945664358,bull,time2,0.0122475526415211,2023
49,2023-08-01 12:00:00+00:00,2023-08-01T12:00:00+00:00,2023-08-01T16:00:00+00:00,2023-08-01 20:00:00+00:00,29274.42,28585.7,39.77156949784722,39.77156949784722,2023-08-01 00:00:00+00:00,29705.99,26711.1292,51.1137945664358,bull,time3,0.0103448676352939,2023
49,2023-08-01 12:00:00+00:00,2023-08-01T12:00:00+00:00,2023-08-01T16:00:00+00:00,2023-08-01 20:00:00+00:00,29274.42,28585.7,39.77156949784722,39.77156949784722,2023-08-01 00:00:00+00:00,29705.99,26711.1292,51.1137945664358,bull,time6,-0.004196838058619,2023
49,2023-08-01 12:00:00+00:00,2023-08-01T12:00:00+00:00,2023-08-01T16:00:00+00:00,2023-08-01 20:00:00+00:00,29274.42,28585.7,39.77156949784722,39.77156949784722,2023-08-01 00:00:00+00:00,29705.99,26711.1292,51.1137945664358,bull,time12,0.0002357006560675,2023
50,2023-08-22 20:00:00+00:00,2023-08-22T20:00:00+00:00,2023-08-23T12:00:00+00:00,2023-08-23 16:00:00+00:00,26143.99,25300.0,39.62698732650807,37.174632552239245,2023-08-23 00:00:00+00:00,26432.72,27347.79295,27.762760275903887,bear,rsi48,0.0186662403099144,2023
50,2023-08-22 20:00:00+00:00,2023-08-22T20:00:00+00:00,2023-08-23T12:00:00+00:00,2023-08-23 16:00:00+00:00,26143.99,25300.0,39.62698732650807,37.174632552239245,2023-08-23 00:00:00+00:00,26432.72,27347.79295,27.762760275903887,bear,rsi50,0.0186662403099144,2023
50,2023-08-22 20:00:00+00:00,2023-08-22T20:00:00+00:00,2023-08-23T12:00:00+00:00,2023-08-23 16:00:00+00:00,26143.99,25300.0,39.62698732650807,37.174632552239245,2023-08-23 00:00:00+00:00,26432.72,27347.79295,27.762760275903887,bear,rsi52,0.0186662403099144,2023
50,2023-08-22 20:00:00+00:00,2023-08-22T20:00:00+00:00,2023-08-23T12:00:00+00:00,2023-08-23 16:00:00+00:00,26143.99,25300.0,39.62698732650807,37.174632552239245,2023-08-23 00:00:00+00:00,26432.72,27347.79295,27.762760275903887,bear,bb_mid,0.0186662403099144,2023
50,2023-08-22 20:00:00+00:00,2023-08-22T20:00:00+00:00,2023-08-23T12:00:00+00:00,2023-08-23 16:00:00+00:00,26143.99,25300.0,39.62698732650807,37.174632552239245,2023-08-23 00:00:00+00:00,26432.72,27347.79295,27.762760275903887,bear,time2,0.0110438383735611,2023
50,2023-08-22 20:00:00+00:00,2023-08-22T20:00:00+00:00,2023-08-23T12:00:00+00:00,2023-08-23 16:00:00+00:00,26143.99,25300.0,39.62698732650807,37.174632552239245,2023-08-23 00:00:00+00:00,26432.72,27347.79295,27.762760275903887,bear,time3,0.0113991781667601,2023
50,2023-08-22 20:00:00+00:00,2023-08-22T20:00:00+00:00,2023-08-23T12:00:00+00:00,2023-08-23 16:00:00+00:00,26143.99,25300.0,39.62698732650807,37.174632552239245,2023-08-23 00:00:00+00:00,26432.72,27347.79295,27.762760275903887,bear,time6,-0.0056475694796395,2023
50,2023-08-22 20:00:00+00:00,2023-08-22T20:00:00+00:00,2023-08-23T12:00:00+00:00,2023-08-23 16:00:00+00:00,26143.99,25300.0,39.62698732650807,37.174632552239245,2023-08-23 00:00:00+00:00,26432.72,27347.79295,27.762760275903887,bear,time12,-0.0081081732359904,2023
51,2023-09-25 12:00:00+00:00,2023-09-25T12:00:00+00:00,2023-09-26T00:00:00+00:00,2023-09-26 04:00:00+00:00,26353.87,25990.46,37.38715927801317,37.38715927801317,2023-09-26 00:00:00+00:00,26221.67,27918.51815,45.09449550775248,bear,rsi48,0.0156648719903378,2023
51,2023-09-25 12:00:00+00:00,2023-09-25T12:00:00+00:00,2023-09-26T00:00:00+00:00,2023-09-26 04:00:00+00:00,26353.87,25990.46,37.38715927801317,37.38715927801317,2023-09-26 00:00:00+00:00,26221.67,27918.51815,45.09449550775248,bear,rsi50,0.0156648719903378,2023
51,2023-09-25 12:00:00+00:00,2023-09-25T12:00:00+00:00,2023-09-26T00:00:00+00:00,2023-09-26 04:00:00+00:00,26353.87,25990.46,37.38715927801317,37.38715927801317,2023-09-26 00:00:00+00:00,26221.67,27918.51815,45.09449550775248,bear,rsi52,0.0156648719903378,2023
51,2023-09-25 12:00:00+00:00,2023-09-25T12:00:00+00:00,2023-09-26T00:00:00+00:00,2023-09-26 04:00:00+00:00,26353.87,25990.46,37.38715927801317,37.38715927801317,2023-09-26 00:00:00+00:00,26221.67,27918.51815,45.09449550775248,bear,bb_mid,0.0156648719903378,2023
51,2023-09-25 12:00:00+00:00,2023-09-25T12:00:00+00:00,2023-09-26T00:00:00+00:00,2023-09-26 04:00:00+00:00,26353.87,25990.46,37.38715927801317,37.38715927801317,2023-09-26 00:00:00+00:00,26221.67,27918.51815,45.09449550775248,bear,time2,-0.0030371250977558,2023
51,2023-09-25 12:00:00+00:00,2023-09-25T12:00:00+00:00,2023-09-26T00:00:00+00:00,2023-09-26 04:00:00+00:00,26353.87,25990.46,37.38715927801317,37.38715927801317,2023-09-26 00:00:00+00:00,26221.67,27918.51815,45.09449550775248,bear,time3,-0.0086215041661812,2023
51,2023-09-25 12:00:00+00:00,2023-09-25T12:00:00+00:00,2023-09-26T00:00:00+00:00,2023-09-26 04:00:00+00:00,26353.87,25990.46,37.38715927801317,37.38715927801317,2023-09-26 00:00:00+00:00,26221.67,27918.51815,45.09449550775248,bear,time6,-0.0028773762639034,2023
51,2023-09-25 12:00:00+00:00,2023-09-25T12:00:00+00:00,2023-09-26T00:00:00+00:00,2023-09-26 04:00:00+00:00,26353.87,25990.46,37.38715927801317,37.38715927801317,2023-09-26 00:00:00+00:00,26221.67,27918.51815,45.09449550775248,bear,time12,0.0009592519049386,2023
52,2023-11-15 04:00:00+00:00,2023-11-15T04:00:00+00:00,2023-11-15T08:00:00+00:00,2023-11-15 12:00:00+00:00,36240.95,35375.38,35.77132794759568,35.77132794759568,2023-11-15 00:00:00+00:00,37858.2,28801.17915,72.6553230625962,bull,rsi48,0.0044554571555106,2023
52,2023-11-15 04:00:00+00:00,2023-11-15T04:00:00+00:00,2023-11-15T08:00:00+00:00,2023-11-15 12:00:00+00:00,36240.95,35375.38,35.77132794759568,35.77132794759568,2023-11-15 00:00:00+00:00,37858.2,28801.17915,72.6553230625962,bull,rsi50,0.0044554571555106,2023
52,2023-11-15 04:00:00+00:00,2023-11-15T04:00:00+00:00,2023-11-15T08:00:00+00:00,2023-11-15 12:00:00+00:00,36240.95,35375.38,35.77132794759568,35.77132794759568,2023-11-15 00:00:00+00:00,37858.2,28801.17915,72.6553230625962,bull,rsi52,0.0347408111542331,2023
52,2023-11-15 04:00:00+00:00,2023-11-15T04:00:00+00:00,2023-11-15T08:00:00+00:00,2023-11-15 12:00:00+00:00,36240.95,35375.38,35.77132794759568,35.77132794759568,2023-11-15 00:00:00+00:00,37858.2,28801.17915,72.6553230625962,bull,bb_mid,0.0347408111542331,2023
52,2023-11-15 04:00:00+00:00,2023-11-15T04:00:00+00:00,2023-11-15T08:00:00+00:00,2023-11-15 12:00:00+00:00,36240.95,35375.38,35.77132794759568,35.77132794759568,2023-11-15 00:00:00+00:00,37858.2,28801.17915,72.6553230625962,bull,time2,0.0347408111542331,2023
52,2023-11-15 04:00:00+00:00,2023-11-15T04:00:00+00:00,2023-11-15T08:00:00+00:00,2023-11-15 12:00:00+00:00,36240.95,35375.38,35.77132794759568,35.77132794759568,2023-11-15 00:00:00+00:00,37858.2,28801.17915,72.6553230625962,bull,time3,0.0446249339490272,2023
52,2023-11-15 04:00:00+00:00,2023-11-15T04:00:00+00:00,2023-11-15T08:00:00+00:00,2023-11-15 12:00:00+00:00,36240.95,35375.38,35.77132794759568,35.77132794759568,2023-11-15 00:00:00+00:00,37858.2,28801.17915,72.6553230625962,bull,time6,0.0277732785702362,2023
52,2023-11-15 04:00:00+00:00,2023-11-15T04:00:00+00:00,2023-11-15T08:00:00+00:00,2023-11-15 12:00:00+00:00,36240.95,35375.38,35.77132794759568,35.77132794759568,2023-11-15 00:00:00+00:00,37858.2,28801.17915,72.6553230625962,bull,time12,0.0036389774550613,2023
53,2023-11-27 16:00:00+00:00,2023-11-27T16:00:00+00:00,2023-11-27T20:00:00+00:00,2023-11-28 00:00:00+00:00,37242.7,36707.0,38.37516648549765,38.37516648549765,2023-11-28 00:00:00+00:00,37818.87,29377.79255,60.99108502623442,bull,rsi48,0.0002341398448555,2023
53,2023-11-27 16:00:00+00:00,2023-11-27T16:00:00+00:00,2023-11-27T20:00:00+00:00,2023-11-28 00:00:00+00:00,37242.7,36707.0,38.37516648549765,38.37516648549765,2023-11-28 00:00:00+00:00,37818.87,29377.79255,60.99108502623442,bull,rsi50,0.0072628998434594,2023
53,2023-11-27 16:00:00+00:00,2023-11-27T16:00:00+00:00,2023-11-27T20:00:00+00:00,2023-11-28 00:00:00+00:00,37242.7,36707.0,38.37516648549765,38.37516648549765,2023-11-28 00:00:00+00:00,37818.87,29377.79255,60.99108502623442,bull,rsi52,0.0072628998434594,2023
53,2023-11-27 16:00:00+00:00,2023-11-27T16:00:00+00:00,2023-11-27T20:00:00+00:00,2023-11-28 00:00:00+00:00,37242.7,36707.0,38.37516648549765,38.37516648549765,2023-11-28 00:00:00+00:00,37818.87,29377.79255,60.99108502623442,bull,bb_mid,0.0072628998434594,2023
53,2023-11-27 16:00:00+00:00,2023-11-27T16:00:00+00:00,2023-11-27T20:00:00+00:00,2023-11-28 00:00:00+00:00,37242.7,36707.0,38.37516648549765,38.37516648549765,2023-11-28 00:00:00+00:00,37818.87,29377.79255,60.99108502623442,bull,time2,-0.0036944152813839,2023
53,2023-11-27 16:00:00+00:00,2023-11-27T16:00:00+00:00,2023-11-27T20:00:00+00:00,2023-11-28 00:00:00+00:00,37242.7,36707.0,38.37516648549765,38.37516648549765,2023-11-28 00:00:00+00:00,37818.87,29377.79255,60.99108502623442,bull,time3,0.0002341398448555,2023
53,2023-11-27 16:00:00+00:00,2023-11-27T16:00:00+00:00,2023-11-27T20:00:00+00:00,2023-11-28 00:00:00+00:00,37242.7,36707.0,38.37516648549765,38.37516648549765,2023-11-28 00:00:00+00:00,37818.87,29377.79255,60.99108502623442,bull,time6,0.0154706828452289,2023
53,2023-11-27 16:00:00+00:00,2023-11-27T16:00:00+00:00,2023-11-27T20:00:00+00:00,2023-11-28 00:00:00+00:00,37242.7,36707.0,38.37516648549765,38.37516648549765,2023-11-28 00:00:00+00:00,37818.87,29377.79255,60.99108502623442,bull,time12,0.0164311395253298,2023
54,2023-12-11 20:00:00+00:00,2023-12-11T20:00:00+00:00,2023-12-12T00:00:00+00:00,2023-12-12 04:00:00+00:00,41735.29,40554.0,32.70183827749268,32.70183827749268,2023-12-12 00:00:00+00:00,41492.39,30401.6927,58.11040664596045,bull,rsi48,0.0048853140831177,2023
54,2023-12-11 20:00:00+00:00,2023-12-11T20:00:00+00:00,2023-12-12T00:00:00+00:00,2023-12-12 04:00:00+00:00,41735.29,40554.0,32.70183827749268,32.70183827749268,2023-12-12 00:00:00+00:00,41492.39,30401.6927,58.11040664596045,bull,rsi50,0.0239298684638349,2023
54,2023-12-11 20:00:00+00:00,2023-12-11T20:00:00+00:00,2023-12-12T00:00:00+00:00,2023-12-12 04:00:00+00:00,41735.29,40554.0,32.70183827749268,32.70183827749268,2023-12-12 00:00:00+00:00,41492.39,30401.6927,58.11040664596045,bull,rsi52,0.0239298684638349,2023
54,2023-12-11 20:00:00+00:00,2023-12-11T20:00:00+00:00,2023-12-12T00:00:00+00:00,2023-12-12 04:00:00+00:00,41735.29,40554.0,32.70183827749268,32.70183827749268,2023-12-12 00:00:00+00:00,41492.39,30401.6927,58.11040664596045,bull,bb_mid,0.0239298684638349,2023
54,2023-12-11 20:00:00+00:00,2023-12-11T20:00:00+00:00,2023-12-12T00:00:00+00:00,2023-12-12 04:00:00+00:00,41735.29,40554.0,32.70183827749268,32.70183827749268,2023-12-12 00:00:00+00:00,41492.39,30401.6927,58.11040664596045,bull,time2,-0.0036113322801878,2023
54,2023-12-11 20:00:00+00:00,2023-12-11T20:00:00+00:00,2023-12-12T00:00:00+00:00,2023-12-12 04:00:00+00:00,41735.29,40554.0,32.70183827749268,32.70183827749268,2023-12-12 00:00:00+00:00,41492.39,30401.6927,58.11040664596045,bull,time3,-0.0092796767435904,2023
54,2023-12-11 20:00:00+00:00,2023-12-11T20:00:00+00:00,2023-12-12T00:00:00+00:00,2023-12-12 04:00:00+00:00,41735.29,40554.0,32.70183827749268,32.70183827749268,2023-12-12 00:00:00+00:00,41492.39,30401.6927,58.11040664596045,bull,time6,-0.0217065701472303,2023
54,2023-12-11 20:00:00+00:00,2023-12-11T20:00:00+00:00,2023-12-12T00:00:00+00:00,2023-12-12 04:00:00+00:00,41735.29,40554.0,32.70183827749268,32.70183827749268,2023-12-12 00:00:00+00:00,41492.39,30401.6927,58.11040664596045,bull,time12,0.0234470636240935,2023
55,2023-12-18 08:00:00+00:00,2023-12-18T08:00:00+00:00,2023-12-18T16:00:00+00:00,2023-12-18 20:00:00+00:00,41701.11,40542.93,36.912420836571314,36.912420836571314,2023-12-18 00:00:00+00:00,42657.8,30850.511300000002,59.14079955281095,bull,rsi48,0.0229415955594467,2023
55,2023-12-18 08:00:00+00:00,2023-12-18T08:00:00+00:00,2023-12-18T16:00:00+00:00,2023-12-18 20:00:00+00:00,41701.11,40542.93,36.912420836571314,36.912420836571314,2023-12-18 00:00:00+00:00,42657.8,30850.511300000002,59.14079955281095,bull,rsi50,0.0229415955594467,2023
55,2023-12-18 08:00:00+00:00,2023-12-18T08:00:00+00:00,2023-12-18T16:00:00+00:00,2023-12-18 20:00:00+00:00,41701.11,40542.93,36.912420836571314,36.912420836571314,2023-12-18 00:00:00+00:00,42657.8,30850.511300000002,59.14079955281095,bull,rsi52,0.0229415955594467,2023
55,2023-12-18 08:00:00+00:00,2023-12-18T08:00:00+00:00,2023-12-18T16:00:00+00:00,2023-12-18 20:00:00+00:00,41701.11,40542.93,36.912420836571314,36.912420836571314,2023-12-18 00:00:00+00:00,42657.8,30850.511300000002,59.14079955281095,bull,bb_mid,0.0229415955594467,2023
55,2023-12-18 08:00:00+00:00,2023-12-18T08:00:00+00:00,2023-12-18T16:00:00+00:00,2023-12-18 20:00:00+00:00,41701.11,40542.93,36.912420836571314,36.912420836571314,2023-12-18 00:00:00+00:00,42657.8,30850.511300000002,59.14079955281095,bull,time2,0.0331187826894774,2023
55,2023-12-18 08:00:00+00:00,2023-12-18T08:00:00+00:00,2023-12-18T16:00:00+00:00,2023-12-18 20:00:00+00:00,41701.11,40542.93,36.912420836571314,36.912420836571314,2023-12-18 00:00:00+00:00,42657.8,30850.511300000002,59.14079955281095,bull,time3,0.0320147353391793,2023
55,2023-12-18 08:00:00+00:00,2023-12-18T08:00:00+00:00,2023-12-18T16:00:00+00:00,2023-12-18 20:00:00+00:00,41701.11,40542.93,36.912420836571314,36.912420836571314,2023-12-18 00:00:00+00:00,42657.8,30850.511300000002,59.14079955281095,bull,time6,0.0153676964474087,2023
55,2023-12-18 08:00:00+00:00,2023-12-18T08:00:00+00:00,2023-12-18T16:00:00+00:00,2023-12-18 20:00:00+00:00,41701.11,40542.93,36.912420836571314,36.912420836571314,2023-12-18 00:00:00+00:00,42657.8,30850.511300000002,59.14079955281095,bull,time12,0.0488452225852023,2023
56,2023-12-26 20:00:00+00:00,2023-12-26T20:00:00+00:00,2023-12-27T08:00:00+00:00,2023-12-27 12:00:00+00:00,43019.11,42055.0,39.34372250076514,36.00979502351877,2023-12-27 00:00:00+00:00,43428.85,31602.716599999996,57.527128523164784,bull,rsi48,-0.0008940212849591,2023
56,2023-12-26 20:00:00+00:00,2023-12-26T20:00:00+00:00,2023-12-27T08:00:00+00:00,2023-12-27 12:00:00+00:00,43019.11,42055.0,39.34372250076514,36.00979502351877,2023-12-27 00:00:00+00:00,43428.85,31602.716599999996,57.527128523164784,bull,rsi50,0.0031434866969586,2023
56,2023-12-26 20:00:00+00:00,2023-12-26T20:00:00+00:00,2023-12-27T08:00:00+00:00,2023-12-27 12:00:00+00:00,43019.11,42055.0,39.34372250076514,36.00979502351877,2023-12-27 00:00:00+00:00,43428.85,31602.716599999996,57.527128523164784,bull,rsi52,0.0095246042979504,2023
56,2023-12-26 20:00:00+00:00,2023-12-26T20:00:00+00:00,2023-12-27T08:00:00+00:00,2023-12-27 12:00:00+00:00,43019.11,42055.0,39.34372250076514,36.00979502351877,2023-12-27 00:00:00+00:00,43428.85,31602.716599999996,57.527128523164784,bull,bb_mid,0.0031434866969586,2023
56,2023-12-26 20:00:00+00:00,2023-12-26T20:00:00+00:00,2023-12-27T08:00:00+00:00,2023-12-27 12:00:00+00:00,43019.11,42055.0,39.34372250076514,36.00979502351877,2023-12-27 00:00:00+00:00,43428.85,31602.716599999996,57.527128523164784,bull,time2,0.0031434866969586,2023
56,2023-12-26 20:00:00+00:00,2023-12-26T20:00:00+00:00,2023-12-27T08:00:00+00:00,2023-12-27 12:00:00+00:00,43019.11,42055.0,39.34372250076514,36.00979502351877,2023-12-27 00:00:00+00:00,43428.85,31602.716599999996,57.527128523164784,bull,time3,0.0095246042979504,2023
56,2023-12-26 20:00:00+00:00,2023-12-26T20:00:00+00:00,2023-12-27T08:00:00+00:00,2023-12-27 12:00:00+00:00,43019.11,42055.0,39.34372250076514,36.00979502351877,2023-12-27 00:00:00+00:00,43428.85,31602.716599999996,57.527128523164784,bull,time6,0.0009500428995392,2023
56,2023-12-26 20:00:00+00:00,2023-12-26T20:00:00+00:00,2023-12-27T08:00:00+00:00,2023-12-27 12:00:00+00:00,43019.11,42055.0,39.34372250076514,36.00979502351877,2023-12-27 00:00:00+00:00,43428.85,31602.716599999996,57.527128523164784,bull,time12,-0.0036518654151608,2023
57,2024-04-17 16:00:00+00:00,2024-04-17T16:00:00+00:00,2024-04-18T00:00:00+00:00,2024-04-18 04:00:00+00:00,61987.99,59678.16,35.178931954265764,35.178931954265764,2024-04-18 00:00:00+00:00,63470.08,46951.83625,43.950639763250315,neutral,rsi48,0.024371011223303,2024
57,2024-04-17 16:00:00+00:00,2024-04-17T16:00:00+00:00,2024-04-18T00:00:00+00:00,2024-04-18 04:00:00+00:00,61987.99,59678.16,35.178931954265764,35.178931954265764,2024-04-18 00:00:00+00:00,63470.08,46951.83625,43.950639763250315,neutral,rsi50,-0.0385232687815816,2024
57,2024-04-17 16:00:00+00:00,2024-04-17T16:00:00+00:00,2024-04-18T00:00:00+00:00,2024-04-18 04:00:00+00:00,61987.99,59678.16,35.178931954265764,35.178931954265764,2024-04-18 00:00:00+00:00,63470.08,46951.83625,43.950639763250315,neutral,rsi52,-0.0385232687815816,2024
57,2024-04-17 16:00:00+00:00,2024-04-17T16:00:00+00:00,2024-04-18T00:00:00+00:00,2024-04-18 04:00:00+00:00,61987.99,59678.16,35.178931954265764,35.178931954265764,2024-04-18 00:00:00+00:00,63470.08,46951.83625,43.950639763250315,neutral,bb_mid,0.024371011223303,2024
57,2024-04-17 16:00:00+00:00,2024-04-17T16:00:00+00:00,2024-04-18T00:00:00+00:00,2024-04-18 04:00:00+00:00,61987.99,59678.16,35.178931954265764,35.178931954265764,2024-04-18 00:00:00+00:00,63470.08,46951.83625,43.950639763250315,neutral,time2,0.0098394866489459,2024
57,2024-04-17 16:00:00+00:00,2024-04-17T16:00:00+00:00,2024-04-18T00:00:00+00:00,2024-04-18 04:00:00+00:00,61987.99,59678.16,35.178931954265764,35.178931954265764,2024-04-18 00:00:00+00:00,63470.08,46951.83625,43.950639763250315,neutral,time3,0.024371011223303,2024
57,2024-04-17 16:00:00+00:00,2024-04-17T16:00:00+00:00,2024-04-18T00:00:00+00:00,2024-04-18 04:00:00+00:00,61987.99,59678.16,35.178931954265764,35.178931954265764,2024-04-18 00:00:00+00:00,63470.08,46951.83625,43.950639763250315,neutral,time6,-0.0032724080906639,2024
57,2024-04-17 16:00:00+00:00,2024-04-17T16:00:00+00:00,2024-04-18T00:00:00+00:00,2024-04-18 04:00:00+00:00,61987.99,59678.16,35.178931954265764,35.178931954265764,2024-04-18 00:00:00+00:00,63470.08,46951.83625,43.950639763250315,neutral,time12,-0.0385232687815816,2024
58,2024-06-11 16:00:00+00:00,2024-06-11T16:00:00+00:00,2024-06-12T08:00:00+00:00,2024-06-12 12:00:00+00:00,67778.43,66161.26,36.7703845353237,36.19857247896167,2024-06-12 00:00:00+00:00,68263.99,56056.770099999994,50.395551935956526,bull,rsi48,0.0288523944859744,2024
58,2024-06-11 16:00:00+00:00,2024-06-11T16:00:00+00:00,2024-06-12T08:00:00+00:00,2024-06-12 12:00:00+00:00,67778.43,66161.26,36.7703845353237,36.19857247896167,2024-06-12 00:00:00+00:00,68263.99,56056.770099999994,50.395551935956526,bull,rsi50,0.0288523944859744,2024
58,2024-06-11 16:00:00+00:00,2024-06-11T16:00:00+00:00,2024-06-12T08:00:00+00:00,2024-06-12 12:00:00+00:00,67778.43,66161.26,36.7703845353237,36.19857247896167,2024-06-12 00:00:00+00:00,68263.99,56056.770099999994,50.395551935956526,bull,rsi52,0.0288523944859744,2024
58,2024-06-11 16:00:00+00:00,2024-06-11T16:00:00+00:00,2024-06-12T08:00:00+00:00,2024-06-12 12:00:00+00:00,67778.43,66161.26,36.7703845353237,36.19857247896167,2024-06-12 00:00:00+00:00,68263.99,56056.770099999994,50.395551935956526,bull,bb_mid,0.0288523944859744,2024
58,2024-06-11 16:00:00+00:00,2024-06-11T16:00:00+00:00,2024-06-12T08:00:00+00:00,2024-06-12 12:00:00+00:00,67778.43,66161.26,36.7703845353237,36.19857247896167,2024-06-12 00:00:00+00:00,68263.99,56056.770099999994,50.395551935956526,bull,time2,-0.0036222438318502,2024
58,2024-06-11 16:00:00+00:00,2024-06-11T16:00:00+00:00,2024-06-12T08:00:00+00:00,2024-06-12 12:00:00+00:00,67778.43,66161.26,36.7703845353237,36.19857247896167,2024-06-12 00:00:00+00:00,68263.99,56056.770099999994,50.395551935956526,bull,time3,0.0071639310618438,2024
58,2024-06-11 16:00:00+00:00,2024-06-11T16:00:00+00:00,2024-06-12T08:00:00+00:00,2024-06-12 12:00:00+00:00,67778.43,66161.26,36.7703845353237,36.19857247896167,2024-06-12 00:00:00+00:00,68263.99,56056.770099999994,50.395551935956526,bull,time6,-0.000567142083403,2024
58,2024-06-11 16:00:00+00:00,2024-06-11T16:00:00+00:00,2024-06-12T08:00:00+00:00,2024-06-12 12:00:00+00:00,67778.43,66161.26,36.7703845353237,36.19857247896167,2024-06-12 00:00:00+00:00,68263.99,56056.770099999994,50.395551935956526,bull,time12,-0.0109537798382168,2024
59,2024-06-24 20:00:00+00:00,2024-06-24T20:00:00+00:00,2024-06-25T00:00:00+00:00,2024-06-25 04:00:00+00:00,61302.59,58402.0,25.89619187616861,25.89619187616861,2024-06-25 00:00:00+00:00,61806.01,57644.25535,34.100105361100276,neutral,rsi48,-0.0082962236995205,2024
59,2024-06-24 20:00:00+00:00,2024-06-24T20:00:00+00:00,2024-06-25T00:00:00+00:00,2024-06-25 04:00:00+00:00,61302.59,58402.0,25.89619187616861,25.89619187616861,2024-06-25 00:00:00+00:00,61806.01,57644.25535,34.100105361100276,neutral,rsi50,-0.0082962236995205,2024
59,2024-06-24 20:00:00+00:00,2024-06-24T20:00:00+00:00,2024-06-25T00:00:00+00:00,2024-06-25 04:00:00+00:00,61302.59,58402.0,25.89619187616861,25.89619187616861,2024-06-25 00:00:00+00:00,61806.01,57644.25535,34.100105361100276,neutral,rsi52,-0.0082962236995205,2024
59,2024-06-24 20:00:00+00:00,2024-06-24T20:00:00+00:00,2024-06-25T00:00:00+00:00,2024-06-25 04:00:00+00:00,61302.59,58402.0,25.89619187616861,25.89619187616861,2024-06-25 00:00:00+00:00,61806.01,57644.25535,34.100105361100276,neutral,bb_mid,-0.0082962236995205,2024
59,2024-06-24 20:00:00+00:00,2024-06-24T20:00:00+00:00,2024-06-25T00:00:00+00:00,2024-06-25 04:00:00+00:00,61302.59,58402.0,25.89619187616861,25.89619187616861,2024-06-25 00:00:00+00:00,61806.01,57644.25535,34.100105361100276,neutral,time2,-0.0018751246888589,2024
59,2024-06-24 20:00:00+00:00,2024-06-24T20:00:00+00:00,2024-06-25T00:00:00+00:00,2024-06-25 04:00:00+00:00,61302.59,58402.0,25.89619187616861,25.89619187616861,2024-06-25 00:00:00+00:00,61806.01,57644.25535,34.100105361100276,neutral,time3,0.0082771380458803,2024
59,2024-06-24 20:00:00+00:00,2024-06-24T20:00:00+00:00,2024-06-25T00:00:00+00:00,2024-06-25 04:00:00+00:00,61302.59,58402.0,25.89619187616861,25.89619187616861,2024-06-25 00:00:00+00:00,61806.01,57644.25535,34.100105361100276,neutral,time6,0.0103336580069455,2024
59,2024-06-24 20:00:00+00:00,2024-06-24T20:00:00+00:00,2024-06-25T00:00:00+00:00,2024-06-25 04:00:00+00:00,61302.59,58402.0,25.89619187616861,25.89619187616861,2024-06-25 00:00:00+00:00,61806.01,57644.25535,34.100105361100276,neutral,time12,-0.0043273864937843,2024
60,2024-06-28 20:00:00+00:00,2024-06-28T20:00:00+00:00,2024-06-29T04:00:00+00:00,2024-06-29 08:00:00+00:00,61052.3,60063.0,38.82593159646929,38.82593159646929,2024-06-29 00:00:00+00:00,60986.68,58012.94075,35.51244501386661,neutral,rsi48,0.0077918440419115,2024
60,2024-06-28 20:00:00+00:00,2024-06-28T20:00:00+00:00,2024-06-29T04:00:00+00:00,2024-06-29 08:00:00+00:00,61052.3,60063.0,38.82593159646929,38.82593159646929,2024-06-29 00:00:00+00:00,60986.68,58012.94075,35.51244501386661,neutral,rsi50,0.0077918440419115,2024
60,2024-06-28 20:00:00+00:00,2024-06-28T20:00:00+00:00,2024-06-29T04:00:00+00:00,2024-06-29 08:00:00+00:00,61052.3,60063.0,38.82593159646929,38.82593159646929,2024-06-29 00:00:00+00:00,60986.68,58012.94075,35.51244501386661,neutral,rsi52,0.0077918440419115,2024
60,2024-06-28 20:00:00+00:00,2024-06-28T20:00:00+00:00,2024-06-29T04:00:00+00:00,2024-06-29 08:00:00+00:00,61052.3,60063.0,38.82593159646929,38.82593159646929,2024-06-29 00:00:00+00:00,60986.68,58012.94075,35.51244501386661,neutral,bb_mid,0.0077918440419115,2024
60,2024-06-28 20:00:00+00:00,2024-06-28T20:00:00+00:00,2024-06-29T04:00:00+00:00,2024-06-29 08:00:00+00:00,61052.3,60063.0,38.82593159646929,38.82593159646929,2024-06-29 00:00:00+00:00,60986.68,58012.94075,35.51244501386661,neutral,time2,0.0008795737425124,2024
60,2024-06-28 20:00:00+00:00,2024-06-28T20:00:00+00:00,2024-06-29T04:00:00+00:00,2024-06-29 08:00:00+00:00,61052.3,60063.0,38.82593159646929,38.82593159646929,2024-06-29 00:00:00+00:00,60986.68,58012.94075,35.51244501386661,neutral,time3,8.337114244660881e-05,2024
60,2024-06-28 20:00:00+00:00,2024-06-28T20:00:00+00:00,2024-06-29T04:00:00+00:00,2024-06-29 08:00:00+00:00,61052.3,60063.0,38.82593159646929,38.82593159646929,2024-06-29 00:00:00+00:00,60986.68,58012.94075,35.51244501386661,neutral,time6,0.0077918440419115,2024
60,2024-06-28 20:00:00+00:00,2024-06-28T20:00:00+00:00,2024-06-29T04:00:00+00:00,2024-06-29 08:00:00+00:00,61052.3,60063.0,38.82593159646929,38.82593159646929,2024-06-29 00:00:00+00:00,60986.68,58012.94075,35.51244501386661,neutral,time12,0.0364530083223726,2024
61,2024-07-05 08:00:00+00:00,2024-07-05T08:00:00+00:00,2024-07-05T12:00:00+00:00,2024-07-05 16:00:00+00:00,56662.99,53900.0,27.53655285264277,27.53655285264277,2024-07-05 00:00:00+00:00,56628.79,58550.70465,28.0632875827354,bear,rsi48,0.0276572062293218,2024
61,2024-07-05 08:00:00+00:00,2024-07-05T08:00:00+00:00,2024-07-05T12:00:00+00:00,2024-07-05 16:00:00+00:00,56662.99,53900.0,27.53655285264277,27.53655285264277,2024-07-05 00:00:00+00:00,56628.79,58550.70465,28.0632875827354,bear,rsi50,0.0276572062293218,2024
61,2024-07-05 08:00:00+00:00,2024-07-05T08:00:00+00:00,2024-07-05T12:00:00+00:00,2024-07-05 16:00:00+00:00,56662.99,53900.0,27.53655285264277,27.53655285264277,2024-07-05 00:00:00+00:00,56628.79,58550.70465,28.0632875827354,bear,rsi52,0.0086142647961218,2024
61,2024-07-05 08:00:00+00:00,2024-07-05T08:00:00+00:00,2024-07-05T12:00:00+00:00,2024-07-05 16:00:00+00:00,56662.99,53900.0,27.53655285264277,27.53655285264277,2024-07-05 00:00:00+00:00,56628.79,58550.70465,28.0632875827354,bear,bb_mid,0.0210896036372241,2024
61,2024-07-05 08:00:00+00:00,2024-07-05T08:00:00+00:00,2024-07-05T12:00:00+00:00,2024-07-05 16:00:00+00:00,56662.99,53900.0,27.53655285264277,27.53655285264277,2024-07-05 00:00:00+00:00,56628.79,58550.70465,28.0632875827354,bear,time2,-0.0006035685727138,2024
61,2024-07-05 08:00:00+00:00,2024-07-05T08:00:00+00:00,2024-07-05T12:00:00+00:00,2024-07-05 16:00:00+00:00,56662.99,53900.0,27.53655285264277,27.53655285264277,2024-07-05 00:00:00+00:00,56628.79,58550.70465,28.0632875827354,bear,time3,-0.0044648190997332,2024
61,2024-07-05 08:00:00+00:00,2024-07-05T08:00:00+00:00,2024-07-05T12:00:00+00:00,2024-07-05 16:00:00+00:00,56662.99,53900.0,27.53655285264277,27.53655285264277,2024-07-05 00:00:00+00:00,56628.79,58550.70465,28.0632875827354,bear,time6,0.0115593970597034,2024
61,2024-07-05 08:00:00+00:00,2024-07-05T08:00:00+00:00,2024-07-05T12:00:00+00:00,2024-07-05 16:00:00+00:00,56662.99,53900.0,27.53655285264277,27.53655285264277,2024-07-05 00:00:00+00:00,56628.79,58550.70465,28.0632875827354,bear,time12,0.0028665977563131,2024
62,2024-08-01 16:00:00+00:00,2024-08-01T16:00:00+00:00,2024-08-01T20:00:00+00:00,2024-08-02 00:00:00+00:00,65354.02,62302.0,32.71659413215984,32.71659413215984,2024-08-02 00:00:00+00:00,61498.33,61308.8974,40.49385110860124,neutral,rsi48,-0.0631026216902953,2024
62,2024-08-01 16:00:00+00:00,2024-08-01T16:00:00+00:00,2024-08-01T20:00:00+00:00,2024-08-02 00:00:00+00:00,65354.02,62302.0,32.71659413215984,32.71659413215984,2024-08-02 00:00:00+00:00,61498.33,61308.8974,40.49385110860124,neutral,rsi50,-0.0631026216902953,2024
62,2024-08-01 16:00:00+00:00,2024-08-01T16:00:00+00:00,2024-08-01T20:00:00+00:00,2024-08-02 00:00:00+00:00,65354.02,62302.0,32.71659413215984,32.71659413215984,2024-08-02 00:00:00+00:00,61498.33,61308.8974,40.49385110860124,neutral,rsi52,-0.0631026216902953,2024
62,2024-08-01 16:00:00+00:00,2024-08-01T16:00:00+00:00,2024-08-01T20:00:00+00:00,2024-08-02 00:00:00+00:00,65354.02,62302.0,32.71659413215984,32.71659413215984,2024-08-02 00:00:00+00:00,61498.33,61308.8974,40.49385110860124,neutral,bb_mid,-0.0631026216902953,2024
62,2024-08-01 16:00:00+00:00,2024-08-01T16:00:00+00:00,2024-08-01T20:00:00+00:00,2024-08-02 00:00:00+00:00,65354.02,62302.0,32.71659413215984,32.71659413215984,2024-08-02 00:00:00+00:00,61498.33,61308.8974,40.49385110860124,neutral,time2,-0.0182077552383158,2024
62,2024-08-01 16:00:00+00:00,2024-08-01T16:00:00+00:00,2024-08-01T20:00:00+00:00,2024-08-02 00:00:00+00:00,65354.02,62302.0,32.71659413215984,32.71659413215984,2024-08-02 00:00:00+00:00,61498.33,61308.8974,40.49385110860124,neutral,time3,-0.0106192396427946,2024
62,2024-08-01 16:00:00+00:00,2024-08-01T16:00:00+00:00,2024-08-01T20:00:00+00:00,2024-08-02 00:00:00+00:00,65354.02,62302.0,32.71659413215984,32.71659413215984,2024-08-02 00:00:00+00:00,61498.33,61308.8974,40.49385110860124,neutral,time6,-0.0589969828940897,2024
62,2024-08-01 16:00:00+00:00,2024-08-01T16:00:00+00:00,2024-08-01T20:00:00+00:00,2024-08-02 00:00:00+00:00,65354.02,62302.0,32.71659413215984,32.71659413215984,2024-08-02 00:00:00+00:00,61498.33,61308.8974,40.49385110860124,neutral,time12,-0.0631026216902953,2024
63,2024-08-05 12:00:00+00:00,2024-08-05T12:00:00+00:00,2024-08-06T00:00:00+00:00,2024-08-06 04:00:00+00:00,55665.73,49542.83,30.963010316627745,29.2388848170026,2024-08-06 00:00:00+00:00,56022.01,61608.89354999999,33.47956137072167,bear,rsi48,0.0248628734411637,2024
63,2024-08-05 12:00:00+00:00,2024-08-05T12:00:00+00:00,2024-08-06T00:00:00+00:00,2024-08-06 04:00:00+00:00,55665.73,49542.83,30.963010316627745,29.2388848170026,2024-08-06 00:00:00+00:00,56022.01,61608.89354999999,33.47956137072167,bear,rsi50,0.0274452522225072,2024
63,2024-08-05 12:00:00+00:00,2024-08-05T12:00:00+00:00,2024-08-06T00:00:00+00:00,2024-08-06 04:00:00+00:00,55665.73,49542.83,30.963010316627745,29.2388848170026,2024-08-06 00:00:00+00:00,56022.01,61608.89354999999,33.47956137072167,bear,rsi52,0.0274452522225072,2024
63,2024-08-05 12:00:00+00:00,2024-08-05T12:00:00+00:00,2024-08-06T00:00:00+00:00,2024-08-06 04:00:00+00:00,55665.73,49542.83,30.963010316627745,29.2388848170026,2024-08-06 00:00:00+00:00,56022.01,61608.89354999999,33.47956137072167,bear,bb_mid,0.0214902418417937,2024
63,2024-08-05 12:00:00+00:00,2024-08-05T12:00:00+00:00,2024-08-06T00:00:00+00:00,2024-08-06 04:00:00+00:00,55665.73,49542.83,30.963010316627745,29.2388848170026,2024-08-06 00:00:00+00:00,56022.01,61608.89354999999,33.47956137072167,bear,time2,-0.0081867245790183,2024
63,2024-08-05 12:00:00+00:00,2024-08-05T12:00:00+00:00,2024-08-06T00:00:00+00:00,2024-08-06 04:00:00+00:00,55665.73,49542.83,30.963010316627745,29.2388848170026,2024-08-06 00:00:00+00:00,56022.01,61608.89354999999,33.47956137072167,bear,time3,0.0132983075942774,2024
63,2024-08-05 12:00:00+00:00,2024-08-05T12:00:00+00:00,2024-08-06T00:00:00+00:00,2024-08-06 04:00:00+00:00,55665.73,49542.83,30.963010316627745,29.2388848170026,2024-08-06 00:00:00+00:00,56022.01,61608.89354999999,33.47956137072167,bear,time6,0.0214902418417937,2024
63,2024-08-05 12:00:00+00:00,2024-08-05T12:00:00+00:00,2024-08-06T00:00:00+00:00,2024-08-06 04:00:00+00:00,55665.73,49542.83,30.963010316627745,29.2388848170026,2024-08-06 00:00:00+00:00,56022.01,61608.89354999999,33.47956137072167,bear,time12,0.0248628734411637,2024
64,2024-09-02 00:00:00+00:00,2024-09-02T00:00:00+00:00,2024-09-02T08:00:00+00:00,2024-09-02 12:00:00+00:00,58422.01,57128.0,37.253345551499095,35.9062778060966,2024-09-02 00:00:00+00:00,59132.13,63741.063899999994,46.40028975255551,bear,rsi48,0.012155008018382,2024
64,2024-09-02 00:00:00+00:00,2024-09-02T00:00:00+00:00,2024-09-02T08:00:00+00:00,2024-09-02 12:00:00+00:00,58422.01,57128.0,37.253345551499095,35.9062778060966,2024-09-02 00:00:00+00:00,59132.13,63741.063899999994,46.40028975255551,bear,rsi50,0.012155008018382,2024
64,2024-09-02 00:00:00+00:00,2024-09-02T00:00:00+00:00,2024-09-02T08:00:00+00:00,2024-09-02 12:00:00+00:00,58422.01,57128.0,37.253345551499095,35.9062778060966,2024-09-02 00:00:00+00:00,59132.13,63741.063899999994,46.40028975255551,bear,rsi52,0.012155008018382,2024
64,2024-09-02 00:00:00+00:00,2024-09-02T00:00:00+00:00,2024-09-02T08:00:00+00:00,2024-09-02 12:00:00+00:00,58422.01,57128.0,37.253345551499095,35.9062778060966,2024-09-02 00:00:00+00:00,59132.13,63741.063899999994,46.40028975255551,bear,bb_mid,0.012155008018382,2024
64,2024-09-02 00:00:00+00:00,2024-09-02T00:00:00+00:00,2024-09-02T08:00:00+00:00,2024-09-02 12:00:00+00:00,58422.01,57128.0,37.253345551499095,35.9062778060966,2024-09-02 00:00:00+00:00,59132.13,63741.063899999994,46.40028975255551,bear,time2,0.0003077607223715,2024
64,2024-09-02 00:00:00+00:00,2024-09-02T00:00:00+00:00,2024-09-02T08:00:00+00:00,2024-09-02 12:00:00+00:00,58422.01,57128.0,37.253345551499095,35.9062778060966,2024-09-02 00:00:00+00:00,59132.13,63741.063899999994,46.40028975255551,bear,time3,0.012155008018382,2024
64,2024-09-02 00:00:00+00:00,2024-09-02T00:00:00+00:00,2024-09-02T08:00:00+00:00,2024-09-02 12:00:00+00:00,58422.01,57128.0,37.253345551499095,35.9062778060966,2024-09-02 00:00:00+00:00,59132.13,63741.063899999994,46.40028975255551,bear,time6,0.0111257726326088,2024
64,2024-09-02 00:00:00+00:00,2024-09-02T00:00:00+00:00,2024-09-02T08:00:00+00:00,2024-09-02 12:00:00+00:00,58422.01,57128.0,37.253345551499095,35.9062778060966,2024-09-02 00:00:00+00:00,59132.13,63741.063899999994,46.40028975255551,bear,time12,-0.0482011830815133,2024
65,2024-09-06 20:00:00+00:00,2024-09-06T20:00:00+00:00,2024-09-07T08:00:00+00:00,2024-09-07 12:00:00+00:00,54326.01,52550.0,30.06563440830233,29.429071604687408,2024-09-07 00:00:00+00:00,54160.86,63840.186349999996,35.421055472095915,bear,rsi48,0.0145232458632613,2024
65,2024-09-06 20:00:00+00:00,2024-09-06T20:00:00+00:00,2024-09-07T08:00:00+00:00,2024-09-07 12:00:00+00:00,54326.01,52550.0,30.06563440830233,29.429071604687408,2024-09-07 00:00:00+00:00,54160.86,63840.186349999996,35.421055472095915,bear,rsi50,0.0172819612557595,2024
65,2024-09-06 20:00:00+00:00,2024-09-06T20:00:00+00:00,2024-09-07T08:00:00+00:00,2024-09-07 12:00:00+00:00,54326.01,52550.0,30.06563440830233,29.429071604687408,2024-09-07 00:00:00+00:00,54160.86,63840.186349999996,35.421055472095915,bear,rsi52,0.019511648287809,2024
65,2024-09-06 20:00:00+00:00,2024-09-06T20:00:00+00:00,2024-09-07T08:00:00+00:00,2024-09-07 12:00:00+00:00,54326.01,52550.0,30.06563440830233,29.429071604687408,2024-09-07 00:00:00+00:00,54160.86,63840.186349999996,35.421055472095915,bear,bb_mid,0.0100125151837948,2024
65,2024-09-06 20:00:00+00:00,2024-09-06T20:00:00+00:00,2024-09-07T08:00:00+00:00,2024-09-07 12:00:00+00:00,54326.01,52550.0,30.06563440830233,29.429071604687408,2024-09-07 00:00:00+00:00,54160.86,63840.186349999996,35.421055472095915,bear,time2,0.0014357763435968,2024
65,2024-09-06 20:00:00+00:00,2024-09-06T20:00:00+00:00,2024-09-07T08:00:00+00:00,2024-09-07 12:00:00+00:00,54326.01,52550.0,30.06563440830233,29.429071604687408,2024-09-07 00:00:00+00:00,54160.86,63840.186349999996,35.421055472095915,bear,time3,-0.0030399802967308,2024
65,2024-09-06 20:00:00+00:00,2024-09-06T20:00:00+00:00,2024-09-07T08:00:00+00:00,2024-09-07 12:00:00+00:00,54326.01,52550.0,30.06563440830233,29.429071604687408,2024-09-07 00:00:00+00:00,54160.86,63840.186349999996,35.421055472095915,bear,time6,0.0042349879919396,2024
65,2024-09-06 20:00:00+00:00,2024-09-06T20:00:00+00:00,2024-09-07T08:00:00+00:00,2024-09-07 12:00:00+00:00,54326.01,52550.0,30.06563440830233,29.429071604687408,2024-09-07 00:00:00+00:00,54160.86,63840.186349999996,35.421055472095915,bear,time12,0.0172819612557595,2024
66,2024-10-10 00:00:00+00:00,2024-10-10T00:00:00+00:00,2024-10-10T08:00:00+00:00,2024-10-10 12:00:00+00:00,61262.01,60355.0,36.01931295169814,36.01931295169814,2024-10-10 00:00:00+00:00,60326.39,63489.85769999999,43.442034205277885,bear,rsi48,-0.0378049952980648,2024
66,2024-10-10 00:00:00+00:00,2024-10-10T00:00:00+00:00,2024-10-10T08:00:00+00:00,2024-10-10 12:00:00+00:00,61262.01,60355.0,36.01931295169814,36.01931295169814,2024-10-10 00:00:00+00:00,60326.39,63489.85769999999,43.442034205277885,bear,rsi50,-0.0378049952980648,2024
66,2024-10-10 00:00:00+00:00,2024-10-10T00:00:00+00:00,2024-10-10T08:00:00+00:00,2024-10-10 12:00:00+00:00,61262.01,60355.0,36.01931295169814,36.01931295169814,2024-10-10 00:00:00+00:00,60326.39,63489.85769999999,43.442034205277885,bear,rsi52,-0.0378049952980648,2024
66,2024-10-10 00:00:00+00:00,2024-10-10T00:00:00+00:00,2024-10-10T08:00:00+00:00,2024-10-10 12:00:00+00:00,61262.01,60355.0,36.01931295169814,36.01931295169814,2024-10-10 00:00:00+00:00,60326.39,63489.85769999999,43.442034205277885,bear,bb_mid,-0.0378049952980648,2024
66,2024-10-10 00:00:00+00:00,2024-10-10T00:00:00+00:00,2024-10-10T08:00:00+00:00,2024-10-10 12:00:00+00:00,61262.01,60355.0,36.01931295169814,36.01931295169814,2024-10-10 00:00:00+00:00,60326.39,63489.85769999999,43.442034205277885,bear,time2,-0.025051904108272,2024
66,2024-10-10 00:00:00+00:00,2024-10-10T00:00:00+00:00,2024-10-10T08:00:00+00:00,2024-10-10 12:00:00+00:00,61262.01,60355.0,36.01931295169814,36.01931295169814,2024-10-10 00:00:00+00:00,60326.39,63489.85769999999,43.442034205277885,bear,time3,-0.0378049952980648,2024
66,2024-10-10 00:00:00+00:00,2024-10-10T00:00:00+00:00,2024-10-10T08:00:00+00:00,2024-10-10 12:00:00+00:00,61262.01,60355.0,36.01931295169814,36.01931295169814,2024-10-10 00:00:00+00:00,60326.39,63489.85769999999,43.442034205277885,bear,time6,-0.0378049952980648,2024
66,2024-10-10 00:00:00+00:00,2024-10-10T00:00:00+00:00,2024-10-10T08:00:00+00:00,2024-10-10 12:00:00+00:00,61262.01,60355.0,36.01931295169814,36.01931295169814,2024-10-10 00:00:00+00:00,60326.39,63489.85769999999,43.442034205277885,bear,time12,-0.0378049952980648,2024
67,2024-10-10 20:00:00+00:00,2024-10-10T20:00:00+00:00,2024-10-11T08:00:00+00:00,2024-10-11 12:00:00+00:00,61174.88,59586.29,37.4990578301236,37.4990578301236,2024-10-11 00:00:00+00:00,62540.0,63453.157649999994,52.95493311631425,neutral,rsi48,0.017722470399615,2024
67,2024-10-10 20:00:00+00:00,2024-10-10T20:00:00+00:00,2024-10-11T08:00:00+00:00,2024-10-11 12:00:00+00:00,61174.88,59586.29,37.4990578301236,37.4990578301236,2024-10-11 00:00:00+00:00,62540.0,63453.157649999994,52.95493311631425,neutral,rsi50,0.017722470399615,2024
67,2024-10-10 20:00:00+00:00,2024-10-10T20:00:00+00:00,2024-10-11T08:00:00+00:00,2024-10-11 12:00:00+00:00,61174.88,59586.29,37.4990578301236,37.4990578301236,2024-10-11 00:00:00+00:00,62540.0,63453.157649999994,52.95493311631425,neutral,rsi52,0.017722470399615,2024
67,2024-10-10 20:00:00+00:00,2024-10-10T20:00:00+00:00,2024-10-11T08:00:00+00:00,2024-10-11 12:00:00+00:00,61174.88,59586.29,37.4990578301236,37.4990578301236,2024-10-11 00:00:00+00:00,62540.0,63453.157649999994,52.95493311631425,neutral,bb_mid,0.017722470399615,2024
67,2024-10-10 20:00:00+00:00,2024-10-10T20:00:00+00:00,2024-10-11T08:00:00+00:00,2024-10-11 12:00:00+00:00,61174.88,59586.29,37.4990578301236,37.4990578301236,2024-10-11 00:00:00+00:00,62540.0,63453.157649999994,52.95493311631425,neutral,time2,0.0312404372513686,2024
67,2024-10-10 20:00:00+00:00,2024-10-10T20:00:00+00:00,2024-10-11T08:00:00+00:00,2024-10-11 12:00:00+00:00,61174.88,59586.29,37.4990578301236,37.4990578301236,2024-10-11 00:00:00+00:00,62540.0,63453.157649999994,52.95493311631425,neutral,time3,0.0223150417295465,2024
67,2024-10-10 20:00:00+00:00,2024-10-10T20:00:00+00:00,2024-10-11T08:00:00+00:00,2024-10-11 12:00:00+00:00,61174.88,59586.29,37.4990578301236,37.4990578301236,2024-10-11 00:00:00+00:00,62540.0,63453.157649999994,52.95493311631425,neutral,time6,0.0288031623437594,2024
67,2024-10-10 20:00:00+00:00,2024-10-10T20:00:00+00:00,2024-10-11T08:00:00+00:00,2024-10-11 12:00:00+00:00,61174.88,59586.29,37.4990578301236,37.4990578301236,2024-10-11 00:00:00+00:00,62540.0,63453.157649999994,52.95493311631425,neutral,time12,0.0226637142565706,2024
68,2024-12-10 16:00:00+00:00,2024-12-10T16:00:00+00:00,2024-12-11T00:00:00+00:00,2024-12-11 04:00:00+00:00,97398.42,94256.54,37.24691904275669,37.24691904275669,2024-12-11 00:00:00+00:00,101125.0,68561.97255,64.02050224970651,bull,rsi48,0.009180744410433,2024
68,2024-12-10 16:00:00+00:00,2024-12-10T16:00:00+00:00,2024-12-11T00:00:00+00:00,2024-12-11 04:00:00+00:00,97398.42,94256.54,37.24691904275669,37.24691904275669,2024-12-11 00:00:00+00:00,101125.0,68561.97255,64.02050224970651,bull,rsi50,0.009180744410433,2024
68,2024-12-10 16:00:00+00:00,2024-12-10T16:00:00+00:00,2024-12-11T00:00:00+00:00,2024-12-11 04:00:00+00:00,97398.42,94256.54,37.24691904275669,37.24691904275669,2024-12-11 00:00:00+00:00,101125.0,68561.97255,64.02050224970651,bull,rsi52,0.0304236968115088,2024
68,2024-12-10 16:00:00+00:00,2024-12-10T16:00:00+00:00,2024-12-11T00:00:00+00:00,2024-12-11 04:00:00+00:00,97398.42,94256.54,37.24691904275669,37.24691904275669,2024-12-11 00:00:00+00:00,101125.0,68561.97255,64.02050224970651,bull,bb_mid,0.009180744410433,2024
68,2024-12-10 16:00:00+00:00,2024-12-10T16:00:00+00:00,2024-12-11T00:00:00+00:00,2024-12-11 04:00:00+00:00,97398.42,94256.54,37.24691904275669,37.24691904275669,2024-12-11 00:00:00+00:00,101125.0,68561.97255,64.02050224970651,bull,time2,0.009180744410433,2024
68,2024-12-10 16:00:00+00:00,2024-12-10T16:00:00+00:00,2024-12-11T00:00:00+00:00,2024-12-11 04:00:00+00:00,97398.42,94256.54,37.24691904275669,37.24691904275669,2024-12-11 00:00:00+00:00,101125.0,68561.97255,64.02050224970651,bull,time3,0.0304236968115088,2024
68,2024-12-10 16:00:00+00:00,2024-12-10T16:00:00+00:00,2024-12-11T00:00:00+00:00,2024-12-11 04:00:00+00:00,97398.42,94256.54,37.24691904275669,37.24691904275669,2024-12-11 00:00:00+00:00,101125.0,68561.97255,64.02050224970651,bull,time6,0.037243417295681,2024
68,2024-12-10 16:00:00+00:00,2024-12-10T16:00:00+00:00,2024-12-11T00:00:00+00:00,2024-12-11 04:00:00+00:00,97398.42,94256.54,37.24691904275669,37.24691904275669,2024-12-11 00:00:00+00:00,101125.0,68561.97255,64.02050224970651,bull,time12,0.0239292382771711,2024
69,2025-01-13 16:00:00+00:00,2025-01-13T16:00:00+00:00,2025-01-13T20:00:00+00:00,2025-01-14 00:00:00+00:00,94536.11,91250.0,39.66906224659154,39.66906224659154,2025-01-14 00:00:00+00:00,96560.86,73811.7986,51.05445268207225,bull,rsi48,0.0034409073950683,2025
69,2025-01-13 16:00:00+00:00,2025-01-13T16:00:00+00:00,2025-01-13T20:00:00+00:00,2025-01-14 00:00:00+00:00,94536.11,91250.0,39.66906224659154,39.66906224659154,2025-01-14 00:00:00+00:00,96560.86,73811.7986,51.05445268207225,bull,rsi50,0.0034409073950683,2025
69,2025-01-13 16:00:00+00:00,2025-01-13T16:00:00+00:00,2025-01-13T20:00:00+00:00,2025-01-14 00:00:00+00:00,94536.11,91250.0,39.66906224659154,39.66906224659154,2025-01-14 00:00:00+00:00,96560.86,73811.7986,51.05445268207225,bull,rsi52,0.0034409073950683,2025
69,2025-01-13 16:00:00+00:00,2025-01-13T16:00:00+00:00,2025-01-13T20:00:00+00:00,2025-01-14 00:00:00+00:00,94536.11,91250.0,39.66906224659154,39.66906224659154,2025-01-14 00:00:00+00:00,96560.86,73811.7986,51.05445268207225,bull,bb_mid,0.0034409073950683,2025
69,2025-01-13 16:00:00+00:00,2025-01-13T16:00:00+00:00,2025-01-13T20:00:00+00:00,2025-01-14 00:00:00+00:00,94536.11,91250.0,39.66906224659154,39.66906224659154,2025-01-14 00:00:00+00:00,96560.86,73811.7986,51.05445268207225,bull,time2,0.0034684101133419,2025
69,2025-01-13 16:00:00+00:00,2025-01-13T16:00:00+00:00,2025-01-13T20:00:00+00:00,2025-01-14 00:00:00+00:00,94536.11,91250.0,39.66906224659154,39.66906224659154,2025-01-14 00:00:00+00:00,96560.86,73811.7986,51.05445268207225,bull,time3,0.0212821322984413,2025
69,2025-01-13 16:00:00+00:00,2025-01-13T16:00:00+00:00,2025-01-13T20:00:00+00:00,2025-01-14 00:00:00+00:00,94536.11,91250.0,39.66906224659154,39.66906224659154,2025-01-14 00:00:00+00:00,96560.86,73811.7986,51.05445268207225,bull,time6,0.0214177418554666,2025
69,2025-01-13 16:00:00+00:00,2025-01-13T16:00:00+00:00,2025-01-13T20:00:00+00:00,2025-01-14 00:00:00+00:00,94536.11,91250.0,39.66906224659154,39.66906224659154,2025-01-14 00:00:00+00:00,96560.86,73811.7986,51.05445268207225,bull,time12,0.0630578093386748,2025
70,2025-02-25 16:00:00+00:00,2025-02-25T16:00:00+00:00,2025-02-25T20:00:00+00:00,2025-02-26 00:00:00+00:00,88680.39,86157.69,22.855137939761136,22.855137939761136,2025-02-26 00:00:00+00:00,84250.09,81745.9936,24.133527825085324,neutral,rsi48,-0.0367800592667668,2025
70,2025-02-25 16:00:00+00:00,2025-02-25T16:00:00+00:00,2025-02-25T20:00:00+00:00,2025-02-26 00:00:00+00:00,88680.39,86157.69,22.855137939761136,22.855137939761136,2025-02-26 00:00:00+00:00,84250.09,81745.9936,24.133527825085324,neutral,rsi50,-0.0367800592667668,2025
70,2025-02-25 16:00:00+00:00,2025-02-25T16:00:00+00:00,2025-02-25T20:00:00+00:00,2025-02-26 00:00:00+00:00,88680.39,86157.69,22.855137939761136,22.855137939761136,2025-02-26 00:00:00+00:00,84250.09,81745.9936,24.133527825085324,neutral,rsi52,-0.0367800592667668,2025
70,2025-02-25 16:00:00+00:00,2025-02-25T16:00:00+00:00,2025-02-25T20:00:00+00:00,2025-02-26 00:00:00+00:00,88680.39,86157.69,22.855137939761136,22.855137939761136,2025-02-26 00:00:00+00:00,84250.09,81745.9936,24.133527825085324,neutral,bb_mid,-0.0367800592667668,2025
70,2025-02-25 16:00:00+00:00,2025-02-25T16:00:00+00:00,2025-02-25T20:00:00+00:00,2025-02-26 00:00:00+00:00,88680.39,86157.69,22.855137939761136,22.855137939761136,2025-02-26 00:00:00+00:00,84250.09,81745.9936,24.133527825085324,neutral,time2,0.0004468857207327,2025
70,2025-02-25 16:00:00+00:00,2025-02-25T16:00:00+00:00,2025-02-25T20:00:00+00:00,2025-02-26 00:00:00+00:00,88680.39,86157.69,22.855137939761136,22.855137939761136,2025-02-26 00:00:00+00:00,84250.09,81745.9936,24.133527825085324,neutral,time3,-0.0007170694671053,2025
70,2025-02-25 16:00:00+00:00,2025-02-25T16:00:00+00:00,2025-02-25T20:00:00+00:00,2025-02-26 00:00:00+00:00,88680.39,86157.69,22.855137939761136,22.855137939761136,2025-02-26 00:00:00+00:00,84250.09,81745.9936,24.133527825085324,neutral,time6,-0.0367800592667668,2025
70,2025-02-25 16:00:00+00:00,2025-02-25T16:00:00+00:00,2025-02-25T20:00:00+00:00,2025-02-26 00:00:00+00:00,88680.39,86157.69,22.855137939761136,22.855137939761136,2025-02-26 00:00:00+00:00,84250.09,81745.9936,24.133527825085324,neutral,time12,-0.0367800592667668,2025
71,2025-02-26 20:00:00+00:00,2025-02-26T20:00:00+00:00,2025-02-27T00:00:00+00:00,2025-02-27 04:00:00+00:00,85226.32,82256.01,20.73576141822643,20.73576141822643,2025-02-27 00:00:00+00:00,84708.58,81875.97355000001,25.670216621112218,neutral,rsi48,-0.0668141015592367,2025
71,2025-02-26 20:00:00+00:00,2025-02-26T20:00:00+00:00,2025-02-27T00:00:00+00:00,2025-02-27 04:00:00+00:00,85226.32,82256.01,20.73576141822643,20.73576141822643,2025-02-27 00:00:00+00:00,84708.58,81875.97355000001,25.670216621112218,neutral,rsi50,-0.0668141015592367,2025
71,2025-02-26 20:00:00+00:00,2025-02-26T20:00:00+00:00,2025-02-27T00:00:00+00:00,2025-02-27 04:00:00+00:00,85226.32,82256.01,20.73576141822643,20.73576141822643,2025-02-27 00:00:00+00:00,84708.58,81875.97355000001,25.670216621112218,neutral,rsi52,-0.0668141015592367,2025
71,2025-02-26 20:00:00+00:00,2025-02-26T20:00:00+00:00,2025-02-27T00:00:00+00:00,2025-02-27 04:00:00+00:00,85226.32,82256.01,20.73576141822643,20.73576141822643,2025-02-27 00:00:00+00:00,84708.58,81875.97355000001,25.670216621112218,neutral,bb_mid,-0.0668141015592367,2025
71,2025-02-26 20:00:00+00:00,2025-02-26T20:00:00+00:00,2025-02-27T00:00:00+00:00,2025-02-27 04:00:00+00:00,85226.32,82256.01,20.73576141822643,20.73576141822643,2025-02-27 00:00:00+00:00,84708.58,81875.97355000001,25.670216621112218,neutral,time2,0.0172749451108531,2025
71,2025-02-26 20:00:00+00:00,2025-02-26T20:00:00+00:00,2025-02-27T00:00:00+00:00,2025-02-27 04:00:00+00:00,85226.32,82256.01,20.73576141822643,20.73576141822643,2025-02-27 00:00:00+00:00,84708.58,81875.97355000001,25.670216621112218,neutral,time3,0.0032210706739419,2025
71,2025-02-26 20:00:00+00:00,2025-02-26T20:00:00+00:00,2025-02-27T00:00:00+00:00,2025-02-27 04:00:00+00:00,85226.32,82256.01,20.73576141822643,20.73576141822643,2025-02-27 00:00:00+00:00,84708.58,81875.97355000001,25.670216621112218,neutral,time6,-0.0560141514968616,2025
71,2025-02-26 20:00:00+00:00,2025-02-26T20:00:00+00:00,2025-02-27T00:00:00+00:00,2025-02-27 04:00:00+00:00,85226.32,82256.01,20.73576141822643,20.73576141822643,2025-02-27 00:00:00+00:00,84708.58,81875.97355000001,25.670216621112218,neutral,time12,-0.0668141015592367,2025
72,2025-02-28 08:00:00+00:00,2025-02-28T08:00:00+00:00,2025-02-28T12:00:00+00:00,2025-02-28 16:00:00+00:00,84005.05,78258.52,27.922348009324296,27.922348009324296,2025-02-28 00:00:00+00:00,84349.94,82000.99005,25.239559778130726,neutral,rsi48,0.0245161451603206,2025
72,2025-02-28 08:00:00+00:00,2025-02-28T08:00:00+00:00,2025-02-28T12:00:00+00:00,2025-02-28 16:00:00+00:00,84005.05,78258.52,27.922348009324296,27.922348009324296,2025-02-28 00:00:00+00:00,84349.94,82000.99005,25.239559778130726,neutral,rsi50,0.0265147154843665,2025
72,2025-02-28 08:00:00+00:00,2025-02-28T08:00:00+00:00,2025-02-28T12:00:00+00:00,2025-02-28 16:00:00+00:00,84005.05,78258.52,27.922348009324296,27.922348009324296,2025-02-28 00:00:00+00:00,84349.94,82000.99005,25.239559778130726,neutral,rsi52,0.0407468360533087,2025
72,2025-02-28 08:00:00+00:00,2025-02-28T08:00:00+00:00,2025-02-28T12:00:00+00:00,2025-02-28 16:00:00+00:00,84005.05,78258.52,27.922348009324296,27.922348009324296,2025-02-28 00:00:00+00:00,84349.94,82000.99005,25.239559778130726,neutral,bb_mid,0.0157822654709447,2025
72,2025-02-28 08:00:00+00:00,2025-02-28T08:00:00+00:00,2025-02-28T12:00:00+00:00,2025-02-28 16:00:00+00:00,84005.05,78258.52,27.922348009324296,27.922348009324296,2025-02-28 00:00:00+00:00,84349.94,82000.99005,25.239559778130726,neutral,time2,0.0041055865093824,2025
72,2025-02-28 08:00:00+00:00,2025-02-28T08:00:00+00:00,2025-02-28T12:00:00+00:00,2025-02-28 16:00:00+00:00,84005.05,78258.52,27.922348009324296,27.922348009324296,2025-02-28 00:00:00+00:00,84349.94,82000.99005,25.239559778130726,neutral,time3,0.0157822654709447,2025
72,2025-02-28 08:00:00+00:00,2025-02-28T08:00:00+00:00,2025-02-28T12:00:00+00:00,2025-02-28 16:00:00+00:00,84005.05,78258.52,27.922348009324296,27.922348009324296,2025-02-28 00:00:00+00:00,84349.94,82000.99005,25.239559778130726,neutral,time6,0.0094631215623346,2025
72,2025-02-28 08:00:00+00:00,2025-02-28T08:00:00+00:00,2025-02-28T12:00:00+00:00,2025-02-28 16:00:00+00:00,84005.05,78258.52,27.922348009324296,27.922348009324296,2025-02-28 00:00:00+00:00,84349.94,82000.99005,25.239559778130726,neutral,time12,0.0407468360533087,2025
73,2025-03-10 00:00:00+00:00,2025-03-10T00:00:00+00:00,2025-03-10T08:00:00+00:00,2025-03-10 12:00:00+00:00,83582.0,80037.62,34.34772362730172,34.34772362730172,2025-03-10 00:00:00+00:00,78595.86,83366.68875,32.13591635836514,bear,rsi48,-0.0527023761096887,2025
73,2025-03-10 00:00:00+00:00,2025-03-10T00:00:00+00:00,2025-03-10T08:00:00+00:00,2025-03-10 12:00:00+00:00,83582.0,80037.62,34.34772362730172,34.34772362730172,2025-03-10 00:00:00+00:00,78595.86,83366.68875,32.13591635836514,bear,rsi50,-0.0527023761096887,2025
73,2025-03-10 00:00:00+00:00,2025-03-10T00:00:00+00:00,2025-03-10T08:00:00+00:00,2025-03-10 12:00:00+00:00,83582.0,80037.62,34.34772362730172,34.34772362730172,2025-03-10 00:00:00+00:00,78595.86,83366.68875,32.13591635836514,bear,rsi52,-0.0527023761096887,2025
73,2025-03-10 00:00:00+00:00,2025-03-10T00:00:00+00:00,2025-03-10T08:00:00+00:00,2025-03-10 12:00:00+00:00,83582.0,80037.62,34.34772362730172,34.34772362730172,2025-03-10 00:00:00+00:00,78595.86,83366.68875,32.13591635836514,bear,bb_mid,-0.0527023761096887,2025
73,2025-03-10 00:00:00+00:00,2025-03-10T00:00:00+00:00,2025-03-10T08:00:00+00:00,2025-03-10 12:00:00+00:00,83582.0,80037.62,34.34772362730172,34.34772362730172,2025-03-10 00:00:00+00:00,78595.86,83366.68875,32.13591635836514,bear,time2,-0.0527023761096887,2025
73,2025-03-10 00:00:00+00:00,2025-03-10T00:00:00+00:00,2025-03-10T08:00:00+00:00,2025-03-10 12:00:00+00:00,83582.0,80037.62,34.34772362730172,34.34772362730172,2025-03-10 00:00:00+00:00,78595.86,83366.68875,32.13591635836514,bear,time3,-0.0527023761096887,2025
73,2025-03-10 00:00:00+00:00,2025-03-10T00:00:00+00:00,2025-03-10T08:00:00+00:00,2025-03-10 12:00:00+00:00,83582.0,80037.62,34.34772362730172,34.34772362730172,2025-03-10 00:00:00+00:00,78595.86,83366.68875,32.13591635836514,bear,time6,-0.0527023761096887,2025
73,2025-03-10 00:00:00+00:00,2025-03-10T00:00:00+00:00,2025-03-10T08:00:00+00:00,2025-03-10 12:00:00+00:00,83582.0,80037.62,34.34772362730172,34.34772362730172,2025-03-10 00:00:00+00:00,78595.86,83366.68875,32.13591635836514,bear,time12,-0.0527023761096887,2025
74,2025-04-07 08:00:00+00:00,2025-04-07T08:00:00+00:00,2025-04-07T12:00:00+00:00,2025-04-07 16:00:00+00:00,78479.91,75085.74,29.589400931833566,29.589400931833566,2025-04-07 00:00:00+00:00,79163.24,86827.47094999999,38.37333113816177,bear,rsi48,-0.0491834152205322,2025
74,2025-04-07 08:00:00+00:00,2025-04-07T08:00:00+00:00,2025-04-07T12:00:00+00:00,2025-04-07 16:00:00+00:00,78479.91,75085.74,29.589400931833566,29.589400931833566,2025-04-07 00:00:00+00:00,79163.24,86827.47094999999,38.37333113816177,bear,rsi50,-0.0491834152205322,2025
74,2025-04-07 08:00:00+00:00,2025-04-07T08:00:00+00:00,2025-04-07T12:00:00+00:00,2025-04-07 16:00:00+00:00,78479.91,75085.74,29.589400931833566,29.589400931833566,2025-04-07 00:00:00+00:00,79163.24,86827.47094999999,38.37333113816177,bear,rsi52,-0.0491834152205322,2025
74,2025-04-07 08:00:00+00:00,2025-04-07T08:00:00+00:00,2025-04-07T12:00:00+00:00,2025-04-07 16:00:00+00:00,78479.91,75085.74,29.589400931833566,29.589400931833566,2025-04-07 00:00:00+00:00,79163.24,86827.47094999999,38.37333113816177,bear,bb_mid,-0.0491834152205322,2025
74,2025-04-07 08:00:00+00:00,2025-04-07T08:00:00+00:00,2025-04-07T12:00:00+00:00,2025-04-07 16:00:00+00:00,78479.91,75085.74,29.589400931833566,29.589400931833566,2025-04-07 00:00:00+00:00,79163.24,86827.47094999999,38.37333113816177,bear,time2,0.0087070691085144,2025
74,2025-04-07 08:00:00+00:00,2025-04-07T08:00:00+00:00,2025-04-07T12:00:00+00:00,2025-04-07 16:00:00+00:00,78479.91,75085.74,29.589400931833566,29.589400931833566,2025-04-07 00:00:00+00:00,79163.24,86827.47094999999,38.37333113816177,bear,time3,0.0181459178533716,2025
74,2025-04-07 08:00:00+00:00,2025-04-07T08:00:00+00:00,2025-04-07T12:00:00+00:00,2025-04-07 16:00:00+00:00,78479.91,75085.74,29.589400931833566,29.589400931833566,2025-04-07 00:00:00+00:00,79163.24,86827.47094999999,38.37333113816177,bear,time6,0.0002303774303513,2025
74,2025-04-07 08:00:00+00:00,2025-04-07T08:00:00+00:00,2025-04-07T12:00:00+00:00,2025-04-07 16:00:00+00:00,78479.91,75085.74,29.589400931833566,29.589400931833566,2025-04-07 00:00:00+00:00,79163.24,86827.47094999999,38.37333113816177,bear,time12,-0.0491834152205322,2025
75,2025-05-30 00:00:00+00:00,2025-05-30T00:00:00+00:00,2025-05-30T08:00:00+00:00,2025-05-30 12:00:00+00:00,105880.5,104600.5,38.26258396552857,34.0526550757252,2025-05-30 00:00:00+00:00,103985.48,94662.40645,50.20392509008332,bull,rsi48,-0.0205305981743568,2025
75,2025-05-30 00:00:00+00:00,2025-05-30T00:00:00+00:00,2025-05-30T08:00:00+00:00,2025-05-30 12:00:00+00:00,105880.5,104600.5,38.26258396552857,34.0526550757252,2025-05-30 00:00:00+00:00,103985.48,94662.40645,50.20392509008332,bull,rsi50,-0.0205305981743568,2025
75,2025-05-30 00:00:00+00:00,2025-05-30T00:00:00+00:00,2025-05-30T08:00:00+00:00,2025-05-30 12:00:00+00:00,105880.5,104600.5,38.26258396552857,34.0526550757252,2025-05-30 00:00:00+00:00,103985.48,94662.40645,50.20392509008332,bull,rsi52,-0.0205305981743568,2025
75,2025-05-30 00:00:00+00:00,2025-05-30T00:00:00+00:00,2025-05-30T08:00:00+00:00,2025-05-30 12:00:00+00:00,105880.5,104600.5,38.26258396552857,34.0526550757252,2025-05-30 00:00:00+00:00,103985.48,94662.40645,50.20392509008332,bull,bb_mid,-0.0205305981743568,2025
75,2025-05-30 00:00:00+00:00,2025-05-30T00:00:00+00:00,2025-05-30T08:00:00+00:00,2025-05-30 12:00:00+00:00,105880.5,104600.5,38.26258396552857,34.0526550757252,2025-05-30 00:00:00+00:00,103985.48,94662.40645,50.20392509008332,bull,time2,-0.0117113160591421,2025
75,2025-05-30 00:00:00+00:00,2025-05-30T00:00:00+00:00,2025-05-30T08:00:00+00:00,2025-05-30 12:00:00+00:00,105880.5,104600.5,38.26258396552857,34.0526550757252,2025-05-30 00:00:00+00:00,103985.48,94662.40645,50.20392509008332,bull,time3,-0.0205305981743568,2025
75,2025-05-30 00:00:00+00:00,2025-05-30T00:00:00+00:00,2025-05-30T08:00:00+00:00,2025-05-30 12:00:00+00:00,105880.5,104600.5,38.26258396552857,34.0526550757252,2025-05-30 00:00:00+00:00,103985.48,94662.40645,50.20392509008332,bull,time6,-0.0205305981743568,2025
75,2025-05-30 00:00:00+00:00,2025-05-30T00:00:00+00:00,2025-05-30T08:00:00+00:00,2025-05-30 12:00:00+00:00,105880.5,104600.5,38.26258396552857,34.0526550757252,2025-05-30 00:00:00+00:00,103985.48,94662.40645,50.20392509008332,bull,time12,-0.0205305981743568,2025
76,2025-06-06 00:00:00+00:00,2025-06-06T00:00:00+00:00,2025-06-06T08:00:00+00:00,2025-06-06 12:00:00+00:00,103927.99,101095.8,37.03219038440188,37.03219038440188,2025-06-06 00:00:00+00:00,104288.44,95184.26550000001,50.427141013476145,bull,rsi48,0.0112028530523875,2025
76,2025-06-06 00:00:00+00:00,2025-06-06T00:00:00+00:00,2025-06-06T08:00:00+00:00,2025-06-06 12:00:00+00:00,103927.99,101095.8,37.03219038440188,37.03219038440188,2025-06-06 00:00:00+00:00,104288.44,95184.26550000001,50.427141013476145,bull,rsi50,0.0112028530523875,2025
76,2025-06-06 00:00:00+00:00,2025-06-06T00:00:00+00:00,2025-06-06T08:00:00+00:00,2025-06-06 12:00:00+00:00,103927.99,101095.8,37.03219038440188,37.03219038440188,2025-06-06 00:00:00+00:00,104288.44,95184.26550000001,50.427141013476145,bull,rsi52,0.0112028530523875,2025
76,2025-06-06 00:00:00+00:00,2025-06-06T00:00:00+00:00,2025-06-06T08:00:00+00:00,2025-06-06 12:00:00+00:00,103927.99,101095.8,37.03219038440188,37.03219038440188,2025-06-06 00:00:00+00:00,104288.44,95184.26550000001,50.427141013476145,bull,bb_mid,0.0112028530523875,2025
76,2025-06-06 00:00:00+00:00,2025-06-06T00:00:00+00:00,2025-06-06T08:00:00+00:00,2025-06-06 12:00:00+00:00,103927.99,101095.8,37.03219038440188,37.03219038440188,2025-06-06 00:00:00+00:00,104288.44,95184.26550000001,50.427141013476145,bull,time2,0.0028078095227281,2025
76,2025-06-06 00:00:00+00:00,2025-06-06T00:00:00+00:00,2025-06-06T08:00:00+00:00,2025-06-06 12:00:00+00:00,103927.99,101095.8,37.03219038440188,37.03219038440188,2025-06-06 00:00:00+00:00,104288.44,95184.26550000001,50.427141013476145,bull,time3,0.0034682668259051,2025
76,2025-06-06 00:00:00+00:00,2025-06-06T00:00:00+00:00,2025-06-06T08:00:00+00:00,2025-06-06 12:00:00+00:00,103927.99,101095.8,37.03219038440188,37.03219038440188,2025-06-06 00:00:00+00:00,104288.44,95184.26550000001,50.427141013476145,bull,time6,0.0117583338232558,2025
76,2025-06-06 00:00:00+00:00,2025-06-06T00:00:00+00:00,2025-06-06T08:00:00+00:00,2025-06-06 12:00:00+00:00,103927.99,101095.8,37.03219038440188,37.03219038440188,2025-06-06 00:00:00+00:00,104288.44,95184.26550000001,50.427141013476145,bull,time12,0.0169224864254566,2025
77,2025-06-13 04:00:00+00:00,2025-06-13T04:00:00+00:00,2025-06-13T20:00:00+00:00,2025-06-14 00:00:00+00:00,106066.59,103782.75,35.14446173565763,35.14446173565763,2025-06-14 00:00:00+00:00,105414.64,95650.6033,49.862067249151494,neutral,rsi48,-0.0013647087174198,2025
77,2025-06-13 04:00:00+00:00,2025-06-13T04:00:00+00:00,2025-06-13T20:00:00+00:00,2025-06-14 00:00:00+00:00,106066.59,103782.75,35.14446173565763,35.14446173565763,2025-06-14 00:00:00+00:00,105414.64,95650.6033,49.862067249151494,neutral,rsi50,-0.0013647087174198,2025
77,2025-06-13 04:00:00+00:00,2025-06-13T04:00:00+00:00,2025-06-13T20:00:00+00:00,2025-06-14 00:00:00+00:00,106066.59,103782.75,35.14446173565763,35.14446173565763,2025-06-14 00:00:00+00:00,105414.64,95650.6033,49.862067249151494,neutral,rsi52,-0.0013647087174198,2025
77,2025-06-13 04:00:00+00:00,2025-06-13T04:00:00+00:00,2025-06-13T20:00:00+00:00,2025-06-14 00:00:00+00:00,106066.59,103782.75,35.14446173565763,35.14446173565763,2025-06-14 00:00:00+00:00,105414.64,95650.6033,49.862067249151494,neutral,bb_mid,-0.0047384383715927,2025
77,2025-06-13 04:00:00+00:00,2025-06-13T04:00:00+00:00,2025-06-13T20:00:00+00:00,2025-06-14 00:00:00+00:00,106066.59,103782.75,35.14446173565763,35.14446173565763,2025-06-14 00:00:00+00:00,105414.64,95650.6033,49.862067249151494,neutral,time2,-0.0093337591035971,2025
77,2025-06-13 04:00:00+00:00,2025-06-13T04:00:00+00:00,2025-06-13T20:00:00+00:00,2025-06-14 00:00:00+00:00,106066.59,103782.75,35.14446173565763,35.14446173565763,2025-06-14 00:00:00+00:00,105414.64,95650.6033,49.862067249151494,neutral,time3,-0.0092826591295147,2025
77,2025-06-13 04:00:00+00:00,2025-06-13T04:00:00+00:00,2025-06-13T20:00:00+00:00,2025-06-14 00:00:00+00:00,106066.59,103782.75,35.14446173565763,35.14446173565763,2025-06-14 00:00:00+00:00,105414.64,95650.6033,49.862067249151494,neutral,time6,-0.006146610351101,2025
77,2025-06-13 04:00:00+00:00,2025-06-13T04:00:00+00:00,2025-06-13T20:00:00+00:00,2025-06-14 00:00:00+00:00,106066.59,103782.75,35.14446173565763,35.14446173565763,2025-06-14 00:00:00+00:00,105414.64,95650.6033,49.862067249151494,neutral,time12,-0.0044555029062403,2025
78,2025-10-16 20:00:00+00:00,2025-10-16T20:00:00+00:00,2025-10-17T00:00:00+00:00,2025-10-17 04:00:00+00:00,109176.74,107427.0,32.68885040774882,32.68885040774882,2025-10-17 00:00:00+00:00,106431.68,107496.31995,35.008711636870515,bear,rsi48,-0.0332914318562728,2025
78,2025-10-16 20:00:00+00:00,2025-10-16T20:00:00+00:00,2025-10-17T00:00:00+00:00,2025-10-17 04:00:00+00:00,109176.74,107427.0,32.68885040774882,32.68885040774882,2025-10-17 00:00:00+00:00,106431.68,107496.31995,35.008711636870515,bear,rsi50,-0.0332914318562728,2025
78,2025-10-16 20:00:00+00:00,2025-10-16T20:00:00+00:00,2025-10-17T00:00:00+00:00,2025-10-17 04:00:00+00:00,109176.74,107427.0,32.68885040774882,32.68885040774882,2025-10-17 00:00:00+00:00,106431.68,107496.31995,35.008711636870515,bear,rsi52,-0.0332914318562728,2025
78,2025-10-16 20:00:00+00:00,2025-10-16T20:00:00+00:00,2025-10-17T00:00:00+00:00,2025-10-17 04:00:00+00:00,109176.74,107427.0,32.68885040774882,32.68885040774882,2025-10-17 00:00:00+00:00,106431.68,107496.31995,35.008711636870515,bear,bb_mid,-0.0332914318562728,2025
78,2025-10-16 20:00:00+00:00,2025-10-16T20:00:00+00:00,2025-10-17T00:00:00+00:00,2025-10-17 04:00:00+00:00,109176.74,107427.0,32.68885040774882,32.68885040774882,2025-10-17 00:00:00+00:00,106431.68,107496.31995,35.008711636870515,bear,time2,-0.0332914318562728,2025
78,2025-10-16 20:00:00+00:00,2025-10-16T20:00:00+00:00,2025-10-17T00:00:00+00:00,2025-10-17 04:00:00+00:00,109176.74,107427.0,32.68885040774882,32.68885040774882,2025-10-17 00:00:00+00:00,106431.68,107496.31995,35.008711636870515,bear,time3,-0.0332914318562728,2025
78,2025-10-16 20:00:00+00:00,2025-10-16T20:00:00+00:00,2025-10-17T00:00:00+00:00,2025-10-17 04:00:00+00:00,109176.74,107427.0,32.68885040774882,32.68885040774882,2025-10-17 00:00:00+00:00,106431.68,107496.31995,35.008711636870515,bear,time6,-0.0332914318562728,2025
78,2025-10-16 20:00:00+00:00,2025-10-16T20:00:00+00:00,2025-10-17T00:00:00+00:00,2025-10-17 04:00:00+00:00,109176.74,107427.0,32.68885040774882,32.68885040774882,2025-10-17 00:00:00+00:00,106431.68,107496.31995,35.008711636870515,bear,time12,-0.0332914318562728,2025
79,2025-10-17 12:00:00+00:00,2025-10-17T12:00:00+00:00,2025-10-18T08:00:00+00:00,2025-10-18 12:00:00+00:00,107208.61,104533.21,34.974249348793336,33.98481611050006,2025-10-18 00:00:00+00:00,107185.01,107606.4533,36.73748074651303,bear,rsi48,0.0119215238402961,2025
79,2025-10-17 12:00:00+00:00,2025-10-17T12:00:00+00:00,2025-10-18T08:00:00+00:00,2025-10-18 12:00:00+00:00,107208.61,104533.21,34.974249348793336,33.98481611050006,2025-10-18 00:00:00+00:00,107185.01,107606.4533,36.73748074651303,bear,rsi50,0.0158552564015146,2025
79,2025-10-17 12:00:00+00:00,2025-10-17T12:00:00+00:00,2025-10-18T08:00:00+00:00,2025-10-18 12:00:00+00:00,107208.61,104533.21,34.974249348793336,33.98481611050006,2025-10-18 00:00:00+00:00,107185.01,107606.4533,36.73748074651303,bear,rsi52,0.0273936020623717,2025
79,2025-10-17 12:00:00+00:00,2025-10-17T12:00:00+00:00,2025-10-18T08:00:00+00:00,2025-10-18 12:00:00+00:00,107208.61,104533.21,34.974249348793336,33.98481611050006,2025-10-18 00:00:00+00:00,107185.01,107606.4533,36.73748074651303,bear,bb_mid,0.005362069333797,2025
79,2025-10-17 12:00:00+00:00,2025-10-17T12:00:00+00:00,2025-10-18T08:00:00+00:00,2025-10-18 12:00:00+00:00,107208.61,104533.21,34.974249348793336,33.98481611050006,2025-10-18 00:00:00+00:00,107185.01,107606.4533,36.73748074651303,bear,time2,-0.0011983179336062,2025
79,2025-10-17 12:00:00+00:00,2025-10-17T12:00:00+00:00,2025-10-18T08:00:00+00:00,2025-10-18 12:00:00+00:00,107208.61,104533.21,34.974249348793336,33.98481611050006,2025-10-18 00:00:00+00:00,107185.01,107606.4533,36.73748074651303,bear,time3,-0.0002201315733876,2025
79,2025-10-17 12:00:00+00:00,2025-10-17T12:00:00+00:00,2025-10-18T08:00:00+00:00,2025-10-18 12:00:00+00:00,107208.61,104533.21,34.974249348793336,33.98481611050006,2025-10-18 00:00:00+00:00,107185.01,107606.4533,36.73748074651303,bear,time6,0.005362069333797,2025
79,2025-10-17 12:00:00+00:00,2025-10-17T12:00:00+00:00,2025-10-18T08:00:00+00:00,2025-10-18 12:00:00+00:00,107208.61,104533.21,34.974249348793336,33.98481611050006,2025-10-18 00:00:00+00:00,107185.01,107606.4533,36.73748074651303,bear,time12,0.0355208410966245,2025
80,2025-11-04 20:00:00+00:00,2025-11-04T20:00:00+00:00,2025-11-05T12:00:00+00:00,2025-11-05 16:00:00+00:00,103728.3,98944.36,27.94035890522086,27.94035890522086,2025-11-05 00:00:00+00:00,103885.16,110013.3007,37.95610288057125,bear,rsi48,-0.0032107920403593,2025
80,2025-11-04 20:00:00+00:00,2025-11-04T20:00:00+00:00,2025-11-05T12:00:00+00:00,2025-11-05 16:00:00+00:00,103728.3,98944.36,27.94035890522086,27.94035890522086,2025-11-05 00:00:00+00:00,103885.16,110013.3007,37.95610288057125,bear,rsi50,-0.0032107920403593,2025
80,2025-11-04 20:00:00+00:00,2025-11-04T20:00:00+00:00,2025-11-05T12:00:00+00:00,2025-11-05 16:00:00+00:00,103728.3,98944.36,27.94035890522086,27.94035890522086,2025-11-05 00:00:00+00:00,103885.16,110013.3007,37.95610288057125,bear,rsi52,-0.0032107920403593,2025
80,2025-11-04 20:00:00+00:00,2025-11-04T20:00:00+00:00,2025-11-05T12:00:00+00:00,2025-11-05 16:00:00+00:00,103728.3,98944.36,27.94035890522086,27.94035890522086,2025-11-05 00:00:00+00:00,103885.16,110013.3007,37.95610288057125,bear,bb_mid,-0.0032107920403593,2025
80,2025-11-04 20:00:00+00:00,2025-11-04T20:00:00+00:00,2025-11-05T12:00:00+00:00,2025-11-05 16:00:00+00:00,103728.3,98944.36,27.94035890522086,27.94035890522086,2025-11-05 00:00:00+00:00,103885.16,110013.3007,37.95610288057125,bear,time2,0.0015122199052717,2025
80,2025-11-04 20:00:00+00:00,2025-11-04T20:00:00+00:00,2025-11-05T12:00:00+00:00,2025-11-05 16:00:00+00:00,103728.3,98944.36,27.94035890522086,27.94035890522086,2025-11-05 00:00:00+00:00,103885.16,110013.3007,37.95610288057125,bear,time3,-0.0008895354498242,2025
80,2025-11-04 20:00:00+00:00,2025-11-04T20:00:00+00:00,2025-11-05T12:00:00+00:00,2025-11-05 16:00:00+00:00,103728.3,98944.36,27.94035890522086,27.94035890522086,2025-11-05 00:00:00+00:00,103885.16,110013.3007,37.95610288057125,bear,time6,-0.0165222027161344,2025
80,2025-11-04 20:00:00+00:00,2025-11-04T20:00:00+00:00,2025-11-05T12:00:00+00:00,2025-11-05 16:00:00+00:00,103728.3,98944.36,27.94035890522086,27.94035890522086,2025-11-05 00:00:00+00:00,103885.16,110013.3007,37.95610288057125,bear,time12,-0.0282502460755648,2025
81,2025-11-18 08:00:00+00:00,2025-11-18T08:00:00+00:00,2025-11-18T12:00:00+00:00,2025-11-18 16:00:00+00:00,92910.1,90509.79,33.38142662630017,33.38142662630017,2025-11-18 00:00:00+00:00,92960.83,110403.91140000001,30.755972921772155,bear,rsi48,-0.0310519523711632,2025
81,2025-11-18 08:00:00+00:00,2025-11-18T08:00:00+00:00,2025-11-18T12:00:00+00:00,2025-11-18 16:00:00+00:00,92910.1,90509.79,33.38142662630017,33.38142662630017,2025-11-18 00:00:00+00:00,92960.83,110403.91140000001,30.755972921772155,bear,rsi50,-0.0310519523711632,2025
81,2025-11-18 08:00:00+00:00,2025-11-18T08:00:00+00:00,2025-11-18T12:00:00+00:00,2025-11-18 16:00:00+00:00,92910.1,90509.79,33.38142662630017,33.38142662630017,2025-11-18 00:00:00+00:00,92960.83,110403.91140000001,30.755972921772155,bear,rsi52,-0.0310519523711632,2025
81,2025-11-18 08:00:00+00:00,2025-11-18T08:00:00+00:00,2025-11-18T12:00:00+00:00,2025-11-18 16:00:00+00:00,92910.1,90509.79,33.38142662630017,33.38142662630017,2025-11-18 00:00:00+00:00,92960.83,110403.91140000001,30.755972921772155,bear,bb_mid,-0.0310519523711632,2025
81,2025-11-18 08:00:00+00:00,2025-11-18T08:00:00+00:00,2025-11-18T12:00:00+00:00,2025-11-18 16:00:00+00:00,92910.1,90509.79,33.38142662630017,33.38142662630017,2025-11-18 00:00:00+00:00,92960.83,110403.91140000001,30.755972921772155,bear,time2,0.0005460116822606,2025
81,2025-11-18 08:00:00+00:00,2025-11-18T08:00:00+00:00,2025-11-18T12:00:00+00:00,2025-11-18 16:00:00+00:00,92910.1,90509.79,33.38142662630017,33.38142662630017,2025-11-18 00:00:00+00:00,92960.83,110403.91140000001,30.755972921772155,bear,time3,-0.0111460433257525,2025
81,2025-11-18 08:00:00+00:00,2025-11-18T08:00:00+00:00,2025-11-18T12:00:00+00:00,2025-11-18 16:00:00+00:00,92910.1,90509.79,33.38142662630017,33.38142662630017,2025-11-18 00:00:00+00:00,92960.83,110403.91140000001,30.755972921772155,bear,time6,-0.0310519523711632,2025
81,2025-11-18 08:00:00+00:00,2025-11-18T08:00:00+00:00,2025-11-18T12:00:00+00:00,2025-11-18 16:00:00+00:00,92910.1,90509.79,33.38142662630017,33.38142662630017,2025-11-18 00:00:00+00:00,92960.83,110403.91140000001,30.755972921772155,bear,time12,-0.0310519523711632,2025
82,2025-11-21 12:00:00+00:00,2025-11-21T12:00:00+00:00,2025-11-21T16:00:00+00:00,2025-11-21 20:00:00+00:00,84209.3,80600.0,25.033689822086785,25.033689822086785,2025-11-21 00:00:00+00:00,85129.43,110296.18089999999,23.12101703362731,bear,rsi48,0.0341784102230988,2025
82,2025-11-21 12:00:00+00:00,2025-11-21T12:00:00+00:00,2025-11-21T16:00:00+00:00,2025-11-21 20:00:00+00:00,84209.3,80600.0,25.033689822086785,25.033689822086785,2025-11-21 00:00:00+00:00,85129.43,110296.18089999999,23.12101703362731,bear,rsi50,0.0369995950566028,2025
82,2025-11-21 12:00:00+00:00,2025-11-21T12:00:00+00:00,2025-11-21T16:00:00+00:00,2025-11-21 20:00:00+00:00,84209.3,80600.0,25.033689822086785,25.033689822086785,2025-11-21 00:00:00+00:00,85129.43,110296.18089999999,23.12101703362731,bear,rsi52,0.0311212657034318,2025
82,2025-11-21 12:00:00+00:00,2025-11-21T12:00:00+00:00,2025-11-21T16:00:00+00:00,2025-11-21 20:00:00+00:00,84209.3,80600.0,25.033689822086785,25.033689822086785,2025-11-21 00:00:00+00:00,85129.43,110296.18089999999,23.12101703362731,bear,bb_mid,0.0251988794586821,2025
82,2025-11-21 12:00:00+00:00,2025-11-21T12:00:00+00:00,2025-11-21T16:00:00+00:00,2025-11-21 20:00:00+00:00,84209.3,80600.0,25.033689822086785,25.033689822086785,2025-11-21 00:00:00+00:00,85129.43,110296.18089999999,23.12101703362731,bear,time2,0.002745183726738,2025
82,2025-11-21 12:00:00+00:00,2025-11-21T12:00:00+00:00,2025-11-21T16:00:00+00:00,2025-11-21 20:00:00+00:00,84209.3,80600.0,25.033689822086785,25.033689822086785,2025-11-21 00:00:00+00:00,85129.43,110296.18089999999,23.12101703362731,bear,time3,0.0044028391163446,2025
82,2025-11-21 12:00:00+00:00,2025-11-21T12:00:00+00:00,2025-11-21T16:00:00+00:00,2025-11-21 20:00:00+00:00,84209.3,80600.0,25.033689822086785,25.033689822086785,2025-11-21 00:00:00+00:00,85129.43,110296.18089999999,23.12101703362731,bear,time6,0.004755531752431,2025
82,2025-11-21 12:00:00+00:00,2025-11-21T12:00:00+00:00,2025-11-21T16:00:00+00:00,2025-11-21 20:00:00+00:00,84209.3,80600.0,25.033689822086785,25.033689822086785,2025-11-21 00:00:00+00:00,85129.43,110296.18089999999,23.12101703362731,bear,time12,0.0369995950566028,2025
83,2025-12-01 16:00:00+00:00,2025-12-01T16:00:00+00:00,2025-12-01T20:00:00+00:00,2025-12-02 00:00:00+00:00,86286.01,84030.95,26.780196718316542,26.780196718316542,2025-12-02 00:00:00+00:00,91277.88,109556.2739,44.907266075089574,bear,rsi48,0.0528938584597897,2025
83,2025-12-01 16:00:00+00:00,2025-12-01T16:00:00+00:00,2025-12-01T20:00:00+00:00,2025-12-02 00:00:00+00:00,86286.01,84030.95,26.780196718316542,26.780196718316542,2025-12-02 00:00:00+00:00,91277.88,109556.2739,44.907266075089574,bear,rsi50,0.0528938584597897,2025
83,2025-12-01 16:00:00+00:00,2025-12-01T16:00:00+00:00,2025-12-01T20:00:00+00:00,2025-12-02 00:00:00+00:00,86286.01,84030.95,26.780196718316542,26.780196718316542,2025-12-02 00:00:00+00:00,91277.88,109556.2739,44.907266075089574,bear,rsi52,0.0528938584597897,2025
83,2025-12-01 16:00:00+00:00,2025-12-01T16:00:00+00:00,2025-12-01T20:00:00+00:00,2025-12-02 00:00:00+00:00,86286.01,84030.95,26.780196718316542,26.780196718316542,2025-12-02 00:00:00+00:00,91277.88,109556.2739,44.907266075089574,bear,bb_mid,0.0528938584597897,2025
83,2025-12-01 16:00:00+00:00,2025-12-01T16:00:00+00:00,2025-12-01T20:00:00+00:00,2025-12-02 00:00:00+00:00,86286.01,84030.95,26.780196718316542,26.780196718316542,2025-12-02 00:00:00+00:00,91277.88,109556.2739,44.907266075089574,bear,time2,0.0084212956422484,2025
83,2025-12-01 16:00:00+00:00,2025-12-01T16:00:00+00:00,2025-12-01T20:00:00+00:00,2025-12-02 00:00:00+00:00,86286.01,84030.95,26.780196718316542,26.780196718316542,2025-12-02 00:00:00+00:00,91277.88,109556.2739,44.907266075089574,bear,time3,0.0125502384453748,2025
83,2025-12-01 16:00:00+00:00,2025-12-01T16:00:00+00:00,2025-12-01T20:00:00+00:00,2025-12-02 00:00:00+00:00,86286.01,84030.95,26.780196718316542,26.780196718316542,2025-12-02 00:00:00+00:00,91277.88,109556.2739,44.907266075089574,bear,time6,0.0578525997435739,2025
83,2025-12-01 16:00:00+00:00,2025-12-01T16:00:00+00:00,2025-12-01T20:00:00+00:00,2025-12-02 00:00:00+00:00,86286.01,84030.95,26.780196718316542,26.780196718316542,2025-12-02 00:00:00+00:00,91277.88,109556.2739,44.907266075089574,bear,time12,0.0827937228758173,2025
84,2025-12-16 04:00:00+00:00,2025-12-16T04:00:00+00:00,2025-12-16T08:00:00+00:00,2025-12-16 12:00:00+00:00,87261.46,85266.0,30.250866643059386,30.250866643059386,2025-12-16 00:00:00+00:00,87863.42,108366.91855,41.26157178503832,bear,rsi48,0.0143474564830796,2025
84,2025-12-16 04:00:00+00:00,2025-12-16T04:00:00+00:00,2025-12-16T08:00:00+00:00,2025-12-16 12:00:00+00:00,87261.46,85266.0,30.250866643059386,30.250866643059386,2025-12-16 00:00:00+00:00,87863.42,108366.91855,41.26157178503832,bear,rsi50,0.0143474564830796,2025
84,2025-12-16 04:00:00+00:00,2025-12-16T04:00:00+00:00,2025-12-16T08:00:00+00:00,2025-12-16 12:00:00+00:00,87261.46,85266.0,30.250866643059386,30.250866643059386,2025-12-16 00:00:00+00:00,87863.42,108366.91855,41.26157178503832,bear,rsi52,0.0143474564830796,2025
84,2025-12-16 04:00:00+00:00,2025-12-16T04:00:00+00:00,2025-12-16T08:00:00+00:00,2025-12-16 12:00:00+00:00,87261.46,85266.0,30.250866643059386,30.250866643059386,2025-12-16 00:00:00+00:00,87863.42,108366.91855,41.26157178503832,bear,bb_mid,0.0004501414484698,2025
84,2025-12-16 04:00:00+00:00,2025-12-16T04:00:00+00:00,2025-12-16T08:00:00+00:00,2025-12-16 12:00:00+00:00,87261.46,85266.0,30.250866643059386,30.250866643059386,2025-12-16 00:00:00+00:00,87863.42,108366.91855,41.26157178503832,bear,time2,0.0037165319030876,2025
84,2025-12-16 04:00:00+00:00,2025-12-16T04:00:00+00:00,2025-12-16T08:00:00+00:00,2025-12-16 12:00:00+00:00,87261.46,85266.0,30.250866643059386,30.250866643059386,2025-12-16 00:00:00+00:00,87863.42,108366.91855,41.26157178503832,bear,time3,0.0068983489389242,2025
84,2025-12-16 04:00:00+00:00,2025-12-16T04:00:00+00:00,2025-12-16T08:00:00+00:00,2025-12-16 12:00:00+00:00,87261.46,85266.0,30.250866643059386,30.250866643059386,2025-12-16 00:00:00+00:00,87863.42,108366.91855,41.26157178503832,bear,time6,-0.0031881199329006,2025
84,2025-12-16 04:00:00+00:00,2025-12-16T04:00:00+00:00,2025-12-16T08:00:00+00:00,2025-12-16 12:00:00+00:00,87261.46,85266.0,30.250866643059386,30.250866643059386,2025-12-16 00:00:00+00:00,87863.42,108366.91855,41.26157178503832,bear,time12,0.0004501414484698,2025
85,2026-01-26 00:00:00+00:00,2026-01-26T00:00:00+00:00,2026-01-26T04:00:00+00:00,2026-01-26 08:00:00+00:00,88000.64,86509.63,32.94892198026061,32.94892198026061,2026-01-26 00:00:00+00:00,88347.08,104983.5675,42.25909249093888,bear,rsi48,0.0089472076566716,2026
85,2026-01-26 00:00:00+00:00,2026-01-26T00:00:00+00:00,2026-01-26T04:00:00+00:00,2026-01-26 08:00:00+00:00,88000.64,86509.63,32.94892198026061,32.94892198026061,2026-01-26 00:00:00+00:00,88347.08,104983.5675,42.25909249093888,bear,rsi50,0.014197169475131,2026
85,2026-01-26 00:00:00+00:00,2026-01-26T00:00:00+00:00,2026-01-26T04:00:00+00:00,2026-01-26 08:00:00+00:00,88000.64,86509.63,32.94892198026061,32.94892198026061,2026-01-26 00:00:00+00:00,88347.08,104983.5675,42.25909249093888,bear,rsi52,0.014197169475131,2026
85,2026-01-26 00:00:00+00:00,2026-01-26T00:00:00+00:00,2026-01-26T04:00:00+00:00,2026-01-26 08:00:00+00:00,88000.64,86509.63,32.94892198026061,32.94892198026061,2026-01-26 00:00:00+00:00,88347.08,104983.5675,42.25909249093888,bear,bb_mid,0.0089472076566716,2026
85,2026-01-26 00:00:00+00:00,2026-01-26T00:00:00+00:00,2026-01-26T04:00:00+00:00,2026-01-26 08:00:00+00:00,88000.64,86509.63,32.94892198026061,32.94892198026061,2026-01-26 00:00:00+00:00,88347.08,104983.5675,42.25909249093888,bear,time2,-0.0040821294026952,2026
85,2026-01-26 00:00:00+00:00,2026-01-26T00:00:00+00:00,2026-01-26T04:00:00+00:00,2026-01-26 08:00:00+00:00,88000.64,86509.63,32.94892198026061,32.94892198026061,2026-01-26 00:00:00+00:00,88347.08,104983.5675,42.25909249093888,bear,time3,0.000142612599181,2026
85,2026-01-26 00:00:00+00:00,2026-01-26T00:00:00+00:00,2026-01-26T04:00:00+00:00,2026-01-26 08:00:00+00:00,88000.64,86509.63,32.94892198026061,32.94892198026061,2026-01-26 00:00:00+00:00,88347.08,104983.5675,42.25909249093888,bear,time6,0.0036337235729195,2026
85,2026-01-26 00:00:00+00:00,2026-01-26T00:00:00+00:00,2026-01-26T04:00:00+00:00,2026-01-26 08:00:00+00:00,88000.64,86509.63,32.94892198026061,32.94892198026061,2026-01-26 00:00:00+00:00,88347.08,104983.5675,42.25909249093888,bear,time12,0.0128829744874583,2026
86,2026-02-03 20:00:00+00:00,2026-02-03T20:00:00+00:00,2026-02-04T00:00:00+00:00,2026-02-04 04:00:00+00:00,76698.17,74586.54,32.18979956318503,32.18979956318503,2026-02-04 00:00:00+00:00,73165.83,103311.75845,22.891163534678697,bear,rsi48,-0.0378634848784527,2026
86,2026-02-03 20:00:00+00:00,2026-02-03T20:00:00+00:00,2026-02-04T00:00:00+00:00,2026-02-04 04:00:00+00:00,76698.17,74586.54,32.18979956318503,32.18979956318503,2026-02-04 00:00:00+00:00,73165.83,103311.75845,22.891163534678697,bear,rsi50,-0.0378634848784527,2026
86,2026-02-03 20:00:00+00:00,2026-02-03T20:00:00+00:00,2026-02-04T00:00:00+00:00,2026-02-04 04:00:00+00:00,76698.17,74586.54,32.18979956318503,32.18979956318503,2026-02-04 00:00:00+00:00,73165.83,103311.75845,22.891163534678697,bear,rsi52,-0.0378634848784527,2026
86,2026-02-03 20:00:00+00:00,2026-02-03T20:00:00+00:00,2026-02-04T00:00:00+00:00,2026-02-04 04:00:00+00:00,76698.17,74586.54,32.18979956318503,32.18979956318503,2026-02-04 00:00:00+00:00,73165.83,103311.75845,22.891163534678697,bear,bb_mid,-0.0378634848784527,2026
86,2026-02-03 20:00:00+00:00,2026-02-03T20:00:00+00:00,2026-02-04T00:00:00+00:00,2026-02-04 04:00:00+00:00,76698.17,74586.54,32.18979956318503,32.18979956318503,2026-02-04 00:00:00+00:00,73165.83,103311.75845,22.891163534678697,bear,time2,-0.008877917165429,2026
86,2026-02-03 20:00:00+00:00,2026-02-03T20:00:00+00:00,2026-02-04T00:00:00+00:00,2026-02-04 04:00:00+00:00,76698.17,74586.54,32.18979956318503,32.18979956318503,2026-02-04 00:00:00+00:00,73165.83,103311.75845,22.891163534678697,bear,time3,-0.0334011880596368,2026
86,2026-02-03 20:00:00+00:00,2026-02-03T20:00:00+00:00,2026-02-04T00:00:00+00:00,2026-02-04 04:00:00+00:00,76698.17,74586.54,32.18979956318503,32.18979956318503,2026-02-04 00:00:00+00:00,73165.83,103311.75845,22.891163534678697,bear,time6,-0.0378634848784527,2026
86,2026-02-03 20:00:00+00:00,2026-02-03T20:00:00+00:00,2026-02-04T00:00:00+00:00,2026-02-04 04:00:00+00:00,76698.17,74586.54,32.18979956318503,32.18979956318503,2026-02-04 00:00:00+00:00,73165.83,103311.75845,22.891163534678697,bear,time12,-0.0378634848784527,2026
87,2026-02-06 00:00:00+00:00,2026-02-06T00:00:00+00:00,2026-02-06T08:00:00+00:00,2026-02-06 12:00:00+00:00,66631.32,60000.0,18.72131568606143,18.72131568606143,2026-02-06 00:00:00+00:00,70580.26,102805.98164999999,32.59119761566183,bear,rsi48,0.0655646623839958,2026
87,2026-02-06 00:00:00+00:00,2026-02-06T00:00:00+00:00,2026-02-06T08:00:00+00:00,2026-02-06 12:00:00+00:00,66631.32,60000.0,18.72131568606143,18.72131568606143,2026-02-06 00:00:00+00:00,70580.26,102805.98164999999,32.59119761566183,bear,rsi50,0.0655646623839958,2026
87,2026-02-06 00:00:00+00:00,2026-02-06T00:00:00+00:00,2026-02-06T08:00:00+00:00,2026-02-06 12:00:00+00:00,66631.32,60000.0,18.72131568606143,18.72131568606143,2026-02-06 00:00:00+00:00,70580.26,102805.98164999999,32.59119761566183,bear,rsi52,0.0684013163779435,2026
87,2026-02-06 00:00:00+00:00,2026-02-06T00:00:00+00:00,2026-02-06T08:00:00+00:00,2026-02-06 12:00:00+00:00,66631.32,60000.0,18.72131568606143,18.72131568606143,2026-02-06 00:00:00+00:00,70580.26,102805.98164999999,32.59119761566183,bear,bb_mid,0.0643491679288359,2026
87,2026-02-06 00:00:00+00:00,2026-02-06T00:00:00+00:00,2026-02-06T08:00:00+00:00,2026-02-06 12:00:00+00:00,66631.32,60000.0,18.72131568606143,18.72131568606143,2026-02-06 00:00:00+00:00,70580.26,102805.98164999999,32.59119761566183,bear,time2,0.0615347257115723,2026
87,2026-02-06 00:00:00+00:00,2026-02-06T00:00:00+00:00,2026-02-06T08:00:00+00:00,2026-02-06 12:00:00+00:00,66631.32,60000.0,18.72131568606143,18.72131568606143,2026-02-06 00:00:00+00:00,70580.26,102805.98164999999,32.59119761566183,bear,time3,0.0592655225800717,2026
87,2026-02-06 00:00:00+00:00,2026-02-06T00:00:00+00:00,2026-02-06T08:00:00+00:00,2026-02-06 12:00:00+00:00,66631.32,60000.0,18.72131568606143,18.72131568606143,2026-02-06 00:00:00+00:00,70580.26,102805.98164999999,32.59119761566183,bear,time6,0.0201306232564504,2026
87,2026-02-06 00:00:00+00:00,2026-02-06T00:00:00+00:00,2026-02-06T08:00:00+00:00,2026-02-06 12:00:00+00:00,66631.32,60000.0,18.72131568606143,18.72131568606143,2026-02-06 00:00:00+00:00,70580.26,102805.98164999999,32.59119761566183,bear,time12,0.0655646623839958,2026
88,2026-02-28 08:00:00+00:00,2026-02-28T08:00:00+00:00,2026-02-28T12:00:00+00:00,2026-02-28 16:00:00+00:00,64841.17,63372.1,34.80029468589126,34.80029468589126,2026-02-28 00:00:00+00:00,66973.26,97383.102,41.554110036493206,bear,rsi48,0.0234548512927819,2026
88,2026-02-28 08:00:00+00:00,2026-02-28T08:00:00+00:00,2026-02-28T12:00:00+00:00,2026-02-28 16:00:00+00:00,64841.17,63372.1,34.80029468589126,34.80029468589126,2026-02-28 00:00:00+00:00,66973.26,97383.102,41.554110036493206,bear,rsi50,0.0234548512927819,2026
88,2026-02-28 08:00:00+00:00,2026-02-28T08:00:00+00:00,2026-02-28T12:00:00+00:00,2026-02-28 16:00:00+00:00,64841.17,63372.1,34.80029468589126,34.80029468589126,2026-02-28 00:00:00+00:00,66973.26,97383.102,41.554110036493206,bear,rsi52,0.0328817323931693,2026
88,2026-02-28 08:00:00+00:00,2026-02-28T08:00:00+00:00,2026-02-28T12:00:00+00:00,2026-02-28 16:00:00+00:00,64841.17,63372.1,34.80029468589126,34.80029468589126,2026-02-28 00:00:00+00:00,66973.26,97383.102,41.554110036493206,bear,bb_mid,0.0328817323931693,2026
88,2026-02-28 08:00:00+00:00,2026-02-28T08:00:00+00:00,2026-02-28T12:00:00+00:00,2026-02-28 16:00:00+00:00,64841.17,63372.1,34.80029468589126,34.80029468589126,2026-02-28 00:00:00+00:00,66973.26,97383.102,41.554110036493206,bear,time2,0.0328817323931693,2026
88,2026-02-28 08:00:00+00:00,2026-02-28T08:00:00+00:00,2026-02-28T12:00:00+00:00,2026-02-28 16:00:00+00:00,64841.17,63372.1,34.80029468589126,34.80029468589126,2026-02-28 00:00:00+00:00,66973.26,97383.102,41.554110036493206,bear,time3,0.0410385870581917,2026
88,2026-02-28 08:00:00+00:00,2026-02-28T08:00:00+00:00,2026-02-28T12:00:00+00:00,2026-02-28 16:00:00+00:00,64841.17,63372.1,34.80029468589126,34.80029468589126,2026-02-28 00:00:00+00:00,66973.26,97383.102,41.554110036493206,bear,time6,0.0308638786129245,2026
88,2026-02-28 08:00:00+00:00,2026-02-28T08:00:00+00:00,2026-02-28T12:00:00+00:00,2026-02-28 16:00:00+00:00,64841.17,63372.1,34.80029468589126,34.80029468589126,2026-02-28 00:00:00+00:00,66973.26,97383.102,41.554110036493206,bear,time12,0.0661467089505016,2026
89,2026-03-27 20:00:00+00:00,2026-03-27T20:00:00+00:00,2026-03-28T12:00:00+00:00,2026-03-28 16:00:00+00:00,67014.92,65817.44,30.910733333541373,30.156529352797094,2026-03-28 00:00:00+00:00,66377.03,91325.40635,40.9179885707159,bear,rsi48,-0.0300667373772884,2026
89,2026-03-27 20:00:00+00:00,2026-03-27T20:00:00+00:00,2026-03-28T12:00:00+00:00,2026-03-28 16:00:00+00:00,67014.92,65817.44,30.910733333541373,30.156529352797094,2026-03-28 00:00:00+00:00,66377.03,91325.40635,40.9179885707159,bear,rsi50,-0.0300667373772884,2026
89,2026-03-27 20:00:00+00:00,2026-03-27T20:00:00+00:00,2026-03-28T12:00:00+00:00,2026-03-28 16:00:00+00:00,67014.92,65817.44,30.910733333541373,30.156529352797094,2026-03-28 00:00:00+00:00,66377.03,91325.40635,40.9179885707159,bear,rsi52,-0.0300667373772884,2026
89,2026-03-27 20:00:00+00:00,2026-03-27T20:00:00+00:00,2026-03-28T12:00:00+00:00,2026-03-28 16:00:00+00:00,67014.92,65817.44,30.910733333541373,30.156529352797094,2026-03-28 00:00:00+00:00,66377.03,91325.40635,40.9179885707159,bear,bb_mid,-0.0300667373772884,2026
89,2026-03-27 20:00:00+00:00,2026-03-27T20:00:00+00:00,2026-03-28T12:00:00+00:00,2026-03-28 16:00:00+00:00,67014.92,65817.44,30.910733333541373,30.156529352797094,2026-03-28 00:00:00+00:00,66377.03,91325.40635,40.9179885707159,bear,time2,-0.0095186265983754,2026
89,2026-03-27 20:00:00+00:00,2026-03-27T20:00:00+00:00,2026-03-28T12:00:00+00:00,2026-03-28 16:00:00+00:00,67014.92,65817.44,30.910733333541373,30.156529352797094,2026-03-28 00:00:00+00:00,66377.03,91325.40635,40.9179885707159,bear,time3,-0.0015357774059865,2026
89,2026-03-27 20:00:00+00:00,2026-03-27T20:00:00+00:00,2026-03-28T12:00:00+00:00,2026-03-28 16:00:00+00:00,67014.92,65817.44,30.910733333541373,30.156529352797094,2026-03-28 00:00:00+00:00,66377.03,91325.40635,40.9179885707159,bear,time6,-0.0073404549315286,2026
89,2026-03-27 20:00:00+00:00,2026-03-27T20:00:00+00:00,2026-03-28T12:00:00+00:00,2026-03-28 16:00:00+00:00,67014.92,65817.44,30.910733333541373,30.156529352797094,2026-03-28 00:00:00+00:00,66377.03,91325.40635,40.9179885707159,bear,time12,-0.0300667373772884,2026
90,2026-04-28 12:00:00+00:00,2026-04-28T12:00:00+00:00,2026-04-29T00:00:00+00:00,2026-04-29 04:00:00+00:00,76994.77,75666.6,38.3936397542525,38.3936397542525,2026-04-29 00:00:00+00:00,75780.0,84422.7254,53.87515810345569,neutral,rsi48,0.0007645973875887,2026
90,2026-04-28 12:00:00+00:00,2026-04-28T12:00:00+00:00,2026-04-29T00:00:00+00:00,2026-04-29 04:00:00+00:00,76994.77,75666.6,38.3936397542525,38.3936397542525,2026-04-29 00:00:00+00:00,75780.0,84422.7254,53.87515810345569,neutral,rsi50,0.0077311744680839,2026
90,2026-04-28 12:00:00+00:00,2026-04-28T12:00:00+00:00,2026-04-29T00:00:00+00:00,2026-04-29 04:00:00+00:00,76994.77,75666.6,38.3936397542525,38.3936397542525,2026-04-29 00:00:00+00:00,75780.0,84422.7254,53.87515810345569,neutral,rsi52,0.0077311744680839,2026
90,2026-04-28 12:00:00+00:00,2026-04-28T12:00:00+00:00,2026-04-29T00:00:00+00:00,2026-04-29 04:00:00+00:00,76994.77,75666.6,38.3936397542525,38.3936397542525,2026-04-29 00:00:00+00:00,75780.0,84422.7254,53.87515810345569,neutral,bb_mid,0.0077311744680839,2026
90,2026-04-28 12:00:00+00:00,2026-04-28T12:00:00+00:00,2026-04-29T00:00:00+00:00,2026-04-29 04:00:00+00:00,76994.77,75666.6,38.3936397542525,38.3936397542525,2026-04-29 00:00:00+00:00,75780.0,84422.7254,53.87515810345569,neutral,time2,0.0077311744680839,2026
90,2026-04-28 12:00:00+00:00,2026-04-28T12:00:00+00:00,2026-04-29T00:00:00+00:00,2026-04-29 04:00:00+00:00,76994.77,75666.6,38.3936397542525,38.3936397542525,2026-04-29 00:00:00+00:00,75780.0,84422.7254,53.87515810345569,neutral,time3,-0.0139038015179473,2026
90,2026-04-28 12:00:00+00:00,2026-04-28T12:00:00+00:00,2026-04-29T00:00:00+00:00,2026-04-29 04:00:00+00:00,76994.77,75666.6,38.3936397542525,38.3936397542525,2026-04-29 00:00:00+00:00,75780.0,84422.7254,53.87515810345569,neutral,time6,-0.0267193473011219,2026
90,2026-04-28 12:00:00+00:00,2026-04-28T12:00:00+00:00,2026-04-29T00:00:00+00:00,2026-04-29 04:00:00+00:00,76994.77,75666.6,38.3936397542525,38.3936397542525,2026-04-29 00:00:00+00:00,75780.0,84422.7254,53.87515810345569,neutral,time12,-0.0267193473011219,2026
91,2026-05-23 12:00:00+00:00,2026-05-23T12:00:00+00:00,2026-05-23T16:00:00+00:00,2026-05-23 20:00:00+00:00,75983.45,74660.05,37.99664741004276,37.99664741004276,2026-05-23 00:00:00+00:00,76752.01,80693.07145,45.73565504935304,bear,rsi48,0.0101148342171879,2026
91,2026-05-23 12:00:00+00:00,2026-05-23T12:00:00+00:00,2026-05-23T16:00:00+00:00,2026-05-23 20:00:00+00:00,75983.45,74660.05,37.99664741004276,37.99664741004276,2026-05-23 00:00:00+00:00,76752.01,80693.07145,45.73565504935304,bear,rsi50,0.0101148342171879,2026
91,2026-05-23 12:00:00+00:00,2026-05-23T12:00:00+00:00,2026-05-23T16:00:00+00:00,2026-05-23 20:00:00+00:00,75983.45,74660.05,37.99664741004276,37.99664741004276,2026-05-23 00:00:00+00:00,76752.01,80693.07145,45.73565504935304,bear,rsi52,0.0175908043133077,2026
91,2026-05-23 12:00:00+00:00,2026-05-23T12:00:00+00:00,2026-05-23T16:00:00+00:00,2026-05-23 20:00:00+00:00,75983.45,74660.05,37.99664741004276,37.99664741004276,2026-05-23 00:00:00+00:00,76752.01,80693.07145,45.73565504935304,bear,bb_mid,0.0101148342171879,2026
91,2026-05-23 12:00:00+00:00,2026-05-23T12:00:00+00:00,2026-05-23T16:00:00+00:00,2026-05-23 20:00:00+00:00,75983.45,74660.05,37.99664741004276,37.99664741004276,2026-05-23 00:00:00+00:00,76752.01,80693.07145,45.73565504935304,bear,time2,0.0100883810882501,2026
91,2026-05-23 12:00:00+00:00,2026-05-23T12:00:00+00:00,2026-05-23T16:00:00+00:00,2026-05-23 20:00:00+00:00,75983.45,74660.05,37.99664741004276,37.99664741004276,2026-05-23 00:00:00+00:00,76752.01,80693.07145,45.73565504935304,bear,time3,0.0107462875139259,2026
91,2026-05-23 12:00:00+00:00,2026-05-23T12:00:00+00:00,2026-05-23T16:00:00+00:00,2026-05-23 20:00:00+00:00,75983.45,74660.05,37.99664741004276,37.99664741004276,2026-05-23 00:00:00+00:00,76752.01,80693.07145,45.73565504935304,bear,time6,0.0103955532421862,2026
91,2026-05-23 12:00:00+00:00,2026-05-23T12:00:00+00:00,2026-05-23T16:00:00+00:00,2026-05-23 20:00:00+00:00,75983.45,74660.05,37.99664741004276,37.99664741004276,2026-05-23 00:00:00+00:00,76752.01,80693.07145,45.73565504935304,bear,time12,0.0191937849623833,2026
92,2026-06-05 16:00:00+00:00,2026-06-05T16:00:00+00:00,2026-06-05T20:00:00+00:00,2026-06-06 00:00:00+00:00,61056.47,59130.91,21.07563221304075,21.07563221304075,2026-06-06 00:00:00+00:00,60884.62,78652.53425000001,15.46693815878153,bear,rsi48,0.0372694327071316,2026
92,2026-06-05 16:00:00+00:00,2026-06-05T16:00:00+00:00,2026-06-05T20:00:00+00:00,2026-06-06 00:00:00+00:00,61056.47,59130.91,21.07563221304075,21.07563221304075,2026-06-06 00:00:00+00:00,60884.62,78652.53425000001,15.46693815878153,bear,rsi50,0.0372694327071316,2026
92,2026-06-05 16:00:00+00:00,2026-06-05T16:00:00+00:00,2026-06-05T20:00:00+00:00,2026-06-06 00:00:00+00:00,61056.47,59130.91,21.07563221304075,21.07563221304075,2026-06-06 00:00:00+00:00,60884.62,78652.53425000001,15.46693815878153,bear,rsi52,0.0339628216305332,2026
92,2026-06-05 16:00:00+00:00,2026-06-05T16:00:00+00:00,2026-06-05T20:00:00+00:00,2026-06-06 00:00:00+00:00,61056.47,59130.91,21.07563221304075,21.07563221304075,2026-06-06 00:00:00+00:00,60884.62,78652.53425000001,15.46693815878153,bear,bb_mid,0.0220821806435911,2026
92,2026-06-05 16:00:00+00:00,2026-06-05T16:00:00+00:00,2026-06-05T20:00:00+00:00,2026-06-06 00:00:00+00:00,61056.47,59130.91,21.07563221304075,21.07563221304075,2026-06-06 00:00:00+00:00,60884.62,78652.53425000001,15.46693815878153,bear,time2,-0.0008438090181106,2026
92,2026-06-05 16:00:00+00:00,2026-06-05T16:00:00+00:00,2026-06-05T20:00:00+00:00,2026-06-06 00:00:00+00:00,61056.47,59130.91,21.07563221304075,21.07563221304075,2026-06-06 00:00:00+00:00,60884.62,78652.53425000001,15.46693815878153,bear,time3,-0.0041528768368036,2026
92,2026-06-05 16:00:00+00:00,2026-06-05T16:00:00+00:00,2026-06-05T20:00:00+00:00,2026-06-06 00:00:00+00:00,61056.47,59130.91,21.07563221304075,21.07563221304075,2026-06-06 00:00:00+00:00,60884.62,78652.53425000001,15.46693815878153,bear,time6,-0.0028146075264422,2026
92,2026-06-05 16:00:00+00:00,2026-06-05T16:00:00+00:00,2026-06-05T20:00:00+00:00,2026-06-06 00:00:00+00:00,61056.47,59130.91,21.07563221304075,21.07563221304075,2026-06-06 00:00:00+00:00,60884.62,78652.53425000001,15.46693815878153,bear,time12,0.0372694327071316,2026
93,2026-06-18 16:00:00+00:00,2026-06-18T16:00:00+00:00,2026-06-19T12:00:00+00:00,2026-06-19 16:00:00+00:00,63214.01,62272.07,37.67795458193743,35.822841795538125,2026-06-19 00:00:00+00:00,63543.91,77049.3646,37.425316992456516,bear,rsi48,0.0149655116009883,2026
93,2026-06-18 16:00:00+00:00,2026-06-18T16:00:00+00:00,2026-06-19T12:00:00+00:00,2026-06-19 16:00:00+00:00,63214.01,62272.07,37.67795458193743,35.822841795538125,2026-06-19 00:00:00+00:00,63543.91,77049.3646,37.425316992456516,bear,rsi50,0.0149655116009883,2026
93,2026-06-18 16:00:00+00:00,2026-06-18T16:00:00+00:00,2026-06-19T12:00:00+00:00,2026-06-19 16:00:00+00:00,63214.01,62272.07,37.67795458193743,35.822841795538125,2026-06-19 00:00:00+00:00,63543.91,77049.3646,37.425316992456516,bear,rsi52,0.0149655116009883,2026
93,2026-06-18 16:00:00+00:00,2026-06-18T16:00:00+00:00,2026-06-19T12:00:00+00:00,2026-06-19 16:00:00+00:00,63214.01,62272.07,37.67795458193743,35.822841795538125,2026-06-19 00:00:00+00:00,63543.91,77049.3646,37.425316992456516,bear,bb_mid,0.0149655116009883,2026
93,2026-06-18 16:00:00+00:00,2026-06-18T16:00:00+00:00,2026-06-19T12:00:00+00:00,2026-06-19 16:00:00+00:00,63214.01,62272.07,37.67795458193743,35.822841795538125,2026-06-19 00:00:00+00:00,63543.91,77049.3646,37.425316992456516,bear,time2,0.0052187798242826,2026
93,2026-06-18 16:00:00+00:00,2026-06-18T16:00:00+00:00,2026-06-19T12:00:00+00:00,2026-06-19 16:00:00+00:00,63214.01,62272.07,37.67795458193743,35.822841795538125,2026-06-19 00:00:00+00:00,63543.91,77049.3646,37.425316992456516,bear,time3,0.0041569898824642,2026
93,2026-06-18 16:00:00+00:00,2026-06-18T16:00:00+00:00,2026-06-19T12:00:00+00:00,2026-06-19 16:00:00+00:00,63214.01,62272.07,37.67795458193743,35.822841795538125,2026-06-19 00:00:00+00:00,63543.91,77049.3646,37.425316992456516,bear,time6,0.0149655116009883,2026
93,2026-06-18 16:00:00+00:00,2026-06-18T16:00:00+00:00,2026-06-19T12:00:00+00:00,2026-06-19 16:00:00+00:00,63214.01,62272.07,37.67795458193743,35.822841795538125,2026-06-19 00:00:00+00:00,63543.91,77049.3646,37.425316992456516,bear,time12,0.0159773126242108,2026
94,2026-07-13 20:00:00+00:00,2026-07-13T20:00:00+00:00,2026-07-14T08:00:00+00:00,2026-07-14 12:00:00+00:00,62844.99,61882.88,35.86839767664438,35.86839767664438,2026-07-14 00:00:00+00:00,65043.98,73674.35385,56.312969753374844,neutral,rsi48,0.0302172058584144,2026
94,2026-07-13 20:00:00+00:00,2026-07-13T20:00:00+00:00,2026-07-14T08:00:00+00:00,2026-07-14 12:00:00+00:00,62844.99,61882.88,35.86839767664438,35.86839767664438,2026-07-14 00:00:00+00:00,65043.98,73674.35385,56.312969753374844,neutral,rsi50,0.0302172058584144,2026
94,2026-07-13 20:00:00+00:00,2026-07-13T20:00:00+00:00,2026-07-14T08:00:00+00:00,2026-07-14 12:00:00+00:00,62844.99,61882.88,35.86839767664438,35.86839767664438,2026-07-14 00:00:00+00:00,65043.98,73674.35385,56.312969753374844,neutral,rsi52,0.0302172058584144,2026
94,2026-07-13 20:00:00+00:00,2026-07-13T20:00:00+00:00,2026-07-14T08:00:00+00:00,2026-07-14 12:00:00+00:00,62844.99,61882.88,35.86839767664438,35.86839767664438,2026-07-14 00:00:00+00:00,65043.98,73674.35385,56.312969753374844,neutral,bb_mid,0.0302172058584144,2026
94,2026-07-13 20:00:00+00:00,2026-07-13T20:00:00+00:00,2026-07-14T08:00:00+00:00,2026-07-14 12:00:00+00:00,62844.99,61882.88,35.86839767664438,35.86839767664438,2026-07-14 00:00:00+00:00,65043.98,73674.35385,56.312969753374844,neutral,time2,0.0274421238669939,2026
94,2026-07-13 20:00:00+00:00,2026-07-13T20:00:00+00:00,2026-07-14T08:00:00+00:00,2026-07-14 12:00:00+00:00,62844.99,61882.88,35.86839767664438,35.86839767664438,2026-07-14 00:00:00+00:00,65043.98,73674.35385,56.312969753374844,neutral,time3,0.0349906969513402,2026
94,2026-07-13 20:00:00+00:00,2026-07-13T20:00:00+00:00,2026-07-14T08:00:00+00:00,2026-07-14 12:00:00+00:00,62844.99,61882.88,35.86839767664438,35.86839767664438,2026-07-14 00:00:00+00:00,65043.98,73674.35385,56.312969753374844,neutral,time6,0.0300288057966116,2026
94,2026-07-13 20:00:00+00:00,2026-07-13T20:00:00+00:00,2026-07-14T08:00:00+00:00,2026-07-14 12:00:00+00:00,62844.99,61882.88,35.86839767664438,35.86839767664438,2026-07-14 00:00:00+00:00,65043.98,73674.35385,56.312969753374844,neutral,time12,0.0224606607463857,2026
95,2026-09-11 00:00:00+00:00,2026-09-11T00:00:00+00:00,2026-09-11T04:00:00+00:00,2026-09-11 08:00:00+00:00,77230.7,76563.01,32.71441300904047,32.71441300904047,2026-09-11 00:00:00+00:00,77225.7,70060.52115,54.890217438928715,bull,rsi48,-0.0153322448197412,2026
95,2026-09-11 00:00:00+00:00,2026-09-11T00:00:00+00:00,2026-09-11T04:00:00+00:00,2026-09-11 08:00:00+00:00,77230.7,76563.01,32.71441300904047,32.71441300904047,2026-09-11 00:00:00+00:00,77225.7,70060.52115,54.890217438928715,bull,rsi50,-0.0153322448197412,2026
95,2026-09-11 00:00:00+00:00,2026-09-11T00:00:00+00:00,2026-09-11T04:00:00+00:00,2026-09-11 08:00:00+00:00,77230.7,76563.01,32.71441300904047,32.71441300904047,2026-09-11 00:00:00+00:00,77225.7,70060.52115,54.890217438928715,bull,rsi52,-0.0153322448197412,2026
95,2026-09-11 00:00:00+00:00,2026-09-11T00:00:00+00:00,2026-09-11T04:00:00+00:00,2026-09-11 08:00:00+00:00,77230.7,76563.01,32.71441300904047,32.71441300904047,2026-09-11 00:00:00+00:00,77225.7,70060.52115,54.890217438928715,bull,bb_mid,-0.0153322448197412,2026
95,2026-09-11 00:00:00+00:00,2026-09-11T00:00:00+00:00,2026-09-11T04:00:00+00:00,2026-09-11 08:00:00+00:00,77230.7,76563.01,32.71441300904047,32.71441300904047,2026-09-11 00:00:00+00:00,77225.7,70060.52115,54.890217438928715,bull,time2,0.0064941791282482,2026
95,2026-09-11 00:00:00+00:00,2026-09-11T00:00:00+00:00,2026-09-11T04:00:00+00:00,2026-09-11 08:00:00+00:00,77230.7,76563.01,32.71441300904047,32.71441300904047,2026-09-11 00:00:00+00:00,77225.7,70060.52115,54.890217438928715,bull,time3,-0.0153322448197412,2026
95,2026-09-11 00:00:00+00:00,2026-09-11T00:00:00+00:00,2026-09-11T04:00:00+00:00,2026-09-11 08:00:00+00:00,77230.7,76563.01,32.71441300904047,32.71441300904047,2026-09-11 00:00:00+00:00,77225.7,70060.52115,54.890217438928715,bull,time6,-0.0153322448197412,2026
95,2026-09-11 00:00:00+00:00,2026-09-11T00:00:00+00:00,2026-09-11T04:00:00+00:00,2026-09-11 08:00:00+00:00,77230.7,76563.01,32.71441300904047,32.71441300904047,2026-09-11 00:00:00+00:00,77225.7,70060.52115,54.890217438928715,bull,time12,-0.0153322448197412,2026
